Frame,Z_coord_n1,na_res,Z_coord_na,prod
0,-6.7307262,209,-22.20571,prod1
16,-7.1886497,98,-21.227316,prod1
17,-6.7523203,98,-20.7696,prod1
18,-6.685822,98,-18.555677,prod1
19,-7.1926856,98,-21.148796,prod1
20,-7.166849,98,-21.627468,prod1
21,-6.3065805,98,-16.202879,prod1
23,-5.91054,98,-22.493622,prod1
24,-6.41699,98,-18.56541,prod1
25,-6.0293536,98,-18.472713,prod1
26,-5.560899,98,-20.596367,prod1
27,-6.145829,98,-19.482336,prod1
28,-5.9659405,98,-18.610294,prod1
29,-6.114371,98,-18.374403,prod1
30,-6.3508058,98,-18.804993,prod1
31,-6.3563256,98,-17.831364,prod1
35,-6.577258,98,-20.666355,prod1
36,-6.4673433,98,-25.913471,prod1
44,-6.647521,231,12.68152,prod1
45,-6.531025,231,7.000489,prod1
46,-6.1213207,231,2.384873,prod1
47,-6.6030483,231,2.0950222,prod1
48,-7.0014615,231,2.2573197,prod1
49,-6.990674,231,3.6868496,prod1
50,-6.489837,231,5.915128,prod1
51,-7.4468517,231,3.0039477,prod1
52,-6.942466,231,2.6591096,prod1
53,-6.4056892,231,2.556382,prod1
54,-6.0474825,231,2.4674048,prod1
55,-6.4388247,231,2.3961017,prod1
56,-6.358243,231,0.26916677,prod1
57,-6.0560875,231,-0.16491471,prod1
58,-6.1162753,231,0.27644604,prod1
59,-6.428494,231,-0.35089052,prod1
60,-6.917542,231,-1.0873703,prod1
61,-6.268418,231,-0.09903307,prod1
62,-6.9436965,231,-0.7928867,prod1
63,-6.43668,231,-0.8836718,prod1
64,-6.5022717,231,-0.87621915,prod1
65,-6.586562,231,-1.1617602,prod1
66,-6.604845,231,-0.8538007,prod1
67,-7.266527,209,-21.807243,prod1
68,-6.739927,209,-20.385155,prod1
69,-6.093427,209,-17.911871,prod1
70,-5.544864,209,-17.099482,prod1
71,-6.029436,209,-17.724785,prod1
72,-5.4699636,209,-17.028067,prod1
73,-5.265401,209,-23.127928,prod1
74,-4.910278,231,0.7067589,prod1
75,-5.376365,231,0.42788333,prod1
76,-4.497988,231,1.2360117,prod1
77,-5.097477,231,0.88805664,prod1
78,-5.20325,231,0.95989174,prod1
79,-5.245897,231,0.45499152,prod1
80,-5.5636263,231,0.6408102,prod1
81,-5.0289416,231,-1.894099,prod1
82,-5.167478,231,-2.0764802,prod1
83,-5.4722495,231,-2.7499027,prod1
84,-5.49628,231,-2.1689777,prod1
85,-5.965791,231,-3.1316504,prod1
86,-6.163649,231,-3.259106,prod1
87,-5.2577815,231,-2.3021817,prod1
88,-5.018774,231,-2.4801552,prod1
89,-4.9302154,231,-1.8864334,prod1
90,-5.007725,231,-1.9691738,prod1
91,-4.7352877,231,-1.6904765,prod1
92,-4.9157515,231,-1.3824464,prod1
93,-5.490042,231,-2.011305,prod1
94,-5.9565015,231,-2.5363736,prod1
95,-5.907221,231,-2.480051,prod1
96,-5.660412,231,-2.3463104,prod1
97,-6.3372884,231,-2.9282596,prod1
98,-6.1618915,152,-20.917986,prod1
99,-6.578226,231,-3.1079035,prod1
100,-6.707818,231,-3.651374,prod1
101,-6.8822813,231,-3.3974512,prod1
102,-7.360308,231,-4.3751917,prod1
103,-8.019058,231,-4.82176,prod1
104,-7.156567,231,-3.6447628,prod1
105,-8.028496,231,-4.6049376,prod1
106,-7.6106954,231,-4.4903293,prod1
107,-8.072915,231,-4.9039392,prod1
108,-7.2999277,231,-4.0473037,prod1
109,-7.1674633,130,9.700797,prod1
110,-7.635551,231,-4.2434487,prod1
111,-7.3177247,231,-4.104376,prod1
112,-8.090301,231,-4.68694,prod1
113,-7.9653177,231,-4.924604,prod1
114,-8.676782,231,-5.015439,prod1
115,-8.193525,231,-4.488535,prod1
116,-7.610012,130,11.4590435,prod1
117,-9.272985,231,-6.091781,prod1
118,-9.208402,231,-6.2155986,prod1
119,-9.198365,231,-6.216754,prod1
120,-8.9916935,231,-5.5591893,prod1
121,-8.597306,231,-5.483221,prod1
122,-8.8036175,231,-5.5777183,prod1
123,-8.432932,231,-5.4402804,prod1
124,-9.218369,231,-5.640751,prod1
125,-9.502269,231,-5.8746724,prod1
126,-9.131786,231,-5.9384766,prod1
127,-9.796241,231,-6.443074,prod1
128,-9.225597,231,-5.669023,prod1
129,-9.446028,231,-6.257544,prod1
130,-9.18334,13,-23.60828,prod1
131,-9.260065,8,-18.963943,prod1
132,-9.884748,8,-20.86835,prod1
133,-10.063648,8,-21.108612,prod1
134,-9.942683,8,-23.292465,prod1
135,-9.108477,8,-15.022693,prod1
136,-9.130577,8,-14.958682,prod1
137,-9.161816,8,-15.703834,prod1
138,-9.346064,8,-13.580218,prod1
139,-9.701071,8,-15.010343,prod1
140,-9.27828,8,-14.126983,prod1
141,-9.858428,8,-15.258526,prod1
142,-10.217465,8,-15.976657,prod1
143,-9.974614,8,-16.430534,prod1
144,-10.290218,8,-16.394283,prod1
145,-10.671542,8,-15.312904,prod1
146,-10.585658,8,-15.791735,prod1
147,-10.026914,8,-15.2178545,prod1
148,-10.651252,8,-21.913942,prod1
149,-9.514252,8,-18.489277,prod1
150,-9.56349,8,-22.233496,prod1
151,-9.74524,8,-27.14115,prod1
152,-9.045815,13,-24.50353,prod1
153,-9.065616,8,-28.103666,prod1
154,-9.59686,8,-24.197725,prod1
155,-10.244026,8,-27.551855,prod1
156,-10.933352,8,-28.556784,prod1
157,-9.801913,56,5.6369176,prod1
158,-9.863862,8,-25.47792,prod1
159,-9.902141,8,-24.10978,prod1
160,-10.098536,8,-25.067877,prod1
161,-10.260544,8,-24.232273,prod1
162,-10.105666,8,-23.062088,prod1
163,-10.527088,8,-24.33074,prod1
164,-9.698742,8,-24.35735,prod1
165,-10.284395,8,-24.755836,prod1
166,-9.847114,8,-20.06931,prod1
167,-9.670211,8,-20.957027,prod1
168,-9.572628,8,-20.912561,prod1
169,-10.27332,8,-21.32951,prod1
170,-9.547331,8,-24.969965,prod1
171,-10.883017,8,-24.2909,prod1
172,-10.920816,8,-21.55119,prod1
173,-10.453091,8,-21.854939,prod1
174,-9.979159,8,-21.187283,prod1
175,-10.350291,8,-21.750484,prod1
176,-10.875782,8,-22.650845,prod1
177,-10.551845,8,-19.611162,prod1
178,-10.471434,8,-22.258785,prod1
179,-10.483464,8,-21.2379,prod1
180,-10.978858,8,-22.164742,prod1
181,-10.943565,8,-21.323523,prod1
182,-10.432339,8,-23.453264,prod1
183,-10.271384,8,-21.064318,prod1
184,-11.129654,8,-21.301628,prod1
185,-10.665692,8,-20.808178,prod1
186,-11.595627,8,-25.835968,prod1
187,-10.835897,8,-24.041328,prod1
188,-11.466089,8,-24.501297,prod1
189,-11.466213,8,-27.430822,prod1
190,-11.712833,8,-28.647793,prod1
191,-11.10052,231,-7.8929796,prod1
192,-10.865398,231,-7.619065,prod1
193,-11.188334,231,-8.00164,prod1
194,-10.744016,231,-7.633735,prod1
195,-10.816988,8,-29.02445,prod1
196,-10.644484,8,-22.213694,prod1
197,-11.270754,8,-30.165258,prod1
198,-11.31908,231,-8.168634,prod1
199,-11.138571,231,-8.138129,prod1
200,-11.259344,231,-8.534249,prod1
201,-11.096512,231,-7.9722137,prod1
202,-11.0754385,231,-7.796808,prod1
203,-11.148721,231,-8.075746,prod1
204,-11.123554,208,-26.812193,prod1
205,-11.177857,231,-8.1499,prod1
206,-11.3519535,231,-8.12375,prod1
207,-10.957879,182,-24.954693,prod1
208,-10.293294,182,-20.807821,prod1
209,-10.438247,182,-16.494156,prod1
210,-10.876572,182,-24.752731,prod1
211,-11.327552,182,-21.654022,prod1
212,-11.216352,8,-27.631016,prod1
213,-10.802181,182,-21.657166,prod1
214,-10.096543,182,-19.087324,prod1
215,-10.23206,182,-18.247332,prod1
216,-10.129173,182,-18.095152,prod1
217,-10.125386,182,-18.012598,prod1
218,-10.49343,182,-19.05628,prod1
219,-9.72334,182,-17.486877,prod1
220,-9.7753315,182,-18.470076,prod1
221,-9.395651,182,-23.169394,prod1
222,-10.197586,115,-28.378607,prod1
223,-9.611764,182,-21.898146,prod1
224,-10.576254,231,-7.433046,prod1
225,-9.809635,231,-6.800183,prod1
226,-9.871226,231,-6.425431,prod1
227,-9.546169,182,-19.76151,prod1
228,-9.7995615,182,-24.755861,prod1
229,-10.094378,182,-23.998148,prod1
230,-10.401023,182,-24.559948,prod1
231,-10.516835,115,-27.382885,prod1
232,-10.743388,182,-20.74171,prod1
233,-10.598829,182,-25.820177,prod1
234,-10.701361,182,-29.695951,prod1
235,-11.080621,182,-25.534605,prod1
236,-11.26847,231,-8.272132,prod1
237,-11.396266,231,-8.394288,prod1
238,-11.132927,231,-8.062592,prod1
239,-10.994476,231,-7.8918185,prod1
240,-10.361574,231,-7.2950163,prod1
241,-10.585408,111,-24.933918,prod1
242,-10.160976,111,-26.261044,prod1
243,-9.98631,111,-26.526892,prod1
244,-8.954786,231,-5.804603,prod1
245,-10.143034,231,-7.239388,prod1
246,-10.022049,115,-27.0632,prod1
247,-10.803578,111,-29.823483,prod1
248,-9.80996,231,-7.082949,prod1
249,-10.373994,231,-7.237412,prod1
250,-9.428011,231,-6.4016256,prod1
251,-10.585341,182,-27.60162,prod1
252,-10.632683,182,-28.117317,prod1
253,-10.949058,182,-26.783352,prod1
254,-10.843915,182,-24.620813,prod1
255,-11.538676,182,-25.189789,prod1
256,-11.169718,182,-22.733822,prod1
257,-11.044914,182,-25.001612,prod1
258,-10.500283,231,-7.289643,prod1
259,-10.022644,231,-6.603624,prod1
260,-9.846083,231,-6.612392,prod1
261,-9.682359,231,-6.3735085,prod1
262,-10.159301,182,-26.405537,prod1
263,-10.335042,182,-25.974817,prod1
264,-10.159773,182,-25.609041,prod1
265,-10.607773,182,-27.726448,prod1
266,-10.665062,182,-24.293615,prod1
267,-11.482624,182,-23.04563,prod1
268,-11.374516,182,-25.500612,prod1
269,-11.071033,182,-30.387774,prod1
270,-11.563771,231,-8.406357,prod1
271,-11.546714,231,-8.902776,prod1
272,-11.723582,231,-8.993412,prod1
273,-12.072196,28,-27.071632,prod1
274,-11.718716,182,-27.97515,prod1
275,-11.51443,231,-8.547847,prod1
276,-10.686591,28,-28.305407,prod1
277,-10.708486,231,-7.909296,prod1
278,-11.833679,28,-27.884846,prod1
279,-11.444196,28,-26.493567,prod1
280,-11.706347,28,-25.875343,prod1
281,-11.348781,231,-8.41043,prod1
282,-11.188746,231,-7.9187765,prod1
283,-11.078631,231,-7.714903,prod1
284,-11.734815,231,-8.864502,prod1
285,-12.200642,231,-9.067213,prod1
286,-11.837077,231,-8.859735,prod1
287,-11.250863,231,-8.108614,prod1
288,-11.006746,28,-28.699713,prod1
289,-11.061125,28,-28.371008,prod1
290,-10.575474,231,-7.0902114,prod1
291,-11.509004,231,-8.24867,prod1
292,-11.696507,231,-8.303495,prod1
293,-11.141914,231,-8.183134,prod1
294,-11.0161,231,-7.8363194,prod1
295,-11.53723,231,-8.53704,prod1
296,-11.839583,231,-8.604996,prod1
297,-11.584685,231,-8.19512,prod1
298,-11.48827,231,-8.179058,prod1
299,-11.377765,231,-8.06968,prod1
300,-11.144269,231,-7.6953464,prod1
301,-11.08019,231,-7.769649,prod1
302,-10.748938,231,-7.379613,prod1
303,-10.814085,231,-7.5756984,prod1
304,-10.995562,231,-7.9818726,prod1
305,-10.30223,231,-7.3743563,prod1
306,-9.702409,231,-6.6723075,prod1
307,-10.398327,231,-7.3450227,prod1
308,-9.454692,231,-6.456993,prod1
309,-10.044741,231,-7.1056743,prod1
310,-10.43947,231,-7.273434,prod1
311,-10.576617,231,-7.256699,prod1
312,-11.114856,231,-7.635566,prod1
313,-11.1686,184,-26.075542,prod1
314,-10.25294,184,-30.170729,prod1
315,-10.3151245,231,-6.887829,prod1
316,-10.454993,231,-7.34974,prod1
317,-10.636162,231,-7.3107066,prod1
318,-11.059034,231,-7.7384834,prod1
319,-10.882253,231,-8.027821,prod1
320,-11.022794,231,-7.789557,prod1
321,-10.496923,231,-7.767309,prod1
322,-11.347697,231,-8.253948,prod1
323,-10.564814,231,-7.6108413,prod1
324,-10.860103,231,-7.757688,prod1
325,-10.530743,231,-7.6080446,prod1
326,-10.518244,231,-7.2519174,prod1
327,-10.856232,231,-7.637025,prod1
328,-10.537774,231,-7.6778464,prod1
329,-11.235461,231,-8.090659,prod1
330,-11.37668,231,-8.639063,prod1
331,-11.549342,231,-8.905158,prod1
332,-10.900652,231,-8.263319,prod1
333,-11.44816,231,-8.609959,prod1
334,-11.420766,231,-8.096123,prod1
335,-10.8066,231,-7.910423,prod1
336,-10.964791,231,-7.802161,prod1
337,-10.37858,231,-7.2753105,prod1
338,-11.751507,231,-8.25414,prod1
339,-11.080411,1,-27.544544,prod1
340,-11.267413,1,-27.714407,prod1
341,-11.647922,1,-29.402843,prod1
342,-11.152478,1,-29.110222,prod1
343,-10.387185,231,-7.2981067,prod1
344,-11.061957,231,-7.8343787,prod1
345,-10.8871,231,-7.750157,prod1
346,-11.168548,1,-25.403496,prod1
347,-10.782179,1,-28.717503,prod1
348,-10.49866,1,-27.292303,prod1
349,-10.711696,1,-25.420454,prod1
350,-10.243266,1,-28.124168,prod1
351,-10.507727,231,-7.530332,prod1
352,-10.049537,231,-6.952573,prod1
353,-10.646815,1,-27.315247,prod1
354,-10.641759,1,-27.291996,prod1
355,-10.527894,1,-24.928528,prod1
356,-10.446694,231,-7.1444397,prod1
357,-10.897836,231,-7.318637,prod1
358,-10.052604,231,-6.7610207,prod1
359,-10.632484,231,-6.8979416,prod1
360,-9.070222,231,-5.714919,prod1
361,-11.060889,231,-7.807749,prod1
362,-10.832576,231,-7.452274,prod1
363,-10.40022,181,9.341058,prod1
364,-10.082762,181,6.0979495,prod1
365,-10.318355,231,-7.156392,prod1
366,-10.222021,231,-6.673769,prod1
367,-10.162904,164,-27.193657,prod1
368,-10.364696,164,-26.498499,prod1
369,-10.327991,1,-27.87493,prod1
370,-9.879549,231,-6.349341,prod1
371,-9.970662,231,-6.492217,prod1
372,-9.328063,231,-5.803804,prod1
373,-9.70284,231,-6.2582464,prod1
374,-9.900716,231,-6.3950114,prod1
375,-9.392584,231,-5.777569,prod1
376,-9.957251,231,-6.524414,prod1
377,-10.180619,231,-6.7214704,prod1
378,-10.090317,231,-6.7104077,prod1
379,-9.914106,231,-6.6463256,prod1
380,-10.401843,231,-7.020507,prod1
381,-10.221796,231,-6.7909822,prod1
382,-10.665467,231,-7.326371,prod1
383,-10.906459,231,-7.247316,prod1
384,-10.88957,231,-7.836989,prod1
385,-11.647528,231,-8.328937,prod1
386,-11.101226,231,-7.9867063,prod1
387,-10.761993,231,-7.4942226,prod1
388,-10.806778,231,-7.430467,prod1
389,-10.787011,231,-7.4743943,prod1
390,-10.083957,231,-7.0238132,prod1
391,-10.487495,231,-7.5330124,prod1
392,-10.259798,231,-6.980714,prod1
393,-10.404143,231,-6.969436,prod1
394,-10.770052,231,-7.4751177,prod1
395,-10.565862,231,-7.2282977,prod1
396,-10.796047,1,-27.352753,prod1
397,-10.916064,231,-7.638404,prod1
398,-10.349812,201,-26.357544,prod1
399,-10.294012,1,-25.927961,prod1
400,-10.357056,201,-29.534258,prod2
401,-10.003794,231,-6.609431,prod2
402,-10.458771,1,-26.510847,prod2
403,-9.936358,1,-27.523087,prod2
404,-10.705542,231,-7.362656,prod2
405,-10.421713,231,-7.909477,prod2
406,-9.915535,231,-6.4980655,prod2
407,-10.206491,231,-7.0288653,prod2
408,-10.035115,231,-6.562759,prod2
409,-9.307293,231,-6.0023704,prod2
410,-9.456976,231,-6.2759967,prod2
411,-10.12905,1,-28.239494,prod2
412,-9.797209,231,-6.127573,prod2
413,-9.885274,231,-6.5543056,prod2
414,-10.162064,231,-6.875859,prod2
415,-10.94451,231,-7.470271,prod2
416,-9.921035,231,-6.719889,prod2
417,-10.464681,231,-7.06873,prod2
418,-10.277096,18,-27.9944,prod2
419,-10.802641,231,-7.570997,prod2
420,-11.55063,231,-8.512404,prod2
421,-10.670893,231,-7.6479583,prod2
422,-10.289521,231,-6.824219,prod2
423,-10.878178,231,-7.661195,prod2
424,-10.942446,231,-7.509104,prod2
425,-11.265857,231,-7.683058,prod2
426,-10.782323,231,-7.7879252,prod2
427,-10.456402,231,-6.965792,prod2
428,-10.759374,231,-7.372585,prod2
429,-9.960721,231,-6.6127057,prod2
430,-10.209809,231,-6.673889,prod2
431,-10.1709795,231,-6.9693108,prod2
432,-9.470399,231,-6.1035337,prod2
433,-9.467616,231,-6.1288033,prod2
434,-9.452473,231,-6.0561113,prod2
435,-9.523354,231,-6.3178196,prod2
436,-9.774137,231,-6.6144996,prod2
437,-9.799154,31,10.4596815,prod2
438,-10.233382,31,10.58751,prod2
439,-10.361604,231,-7.105352,prod2
440,-9.747498,231,-6.716905,prod2
441,-10.133907,231,-7.1743765,prod2
442,-9.354898,231,-6.1897507,prod2
443,-9.228248,231,-5.6464124,prod2
444,-9.209625,231,-5.811828,prod2
445,-9.04704,231,-5.9242864,prod2
446,-9.174311,215,-27.819775,prod2
447,-8.008839,215,-23.514332,prod2
448,-8.472988,215,-22.684958,prod2
449,-8.365072,231,-4.936863,prod2
450,-8.973115,18,-24.566053,prod2
451,-8.673459,18,-27.173903,prod2
452,-8.917025,215,-22.20243,prod2
453,-8.909029,18,-26.98478,prod2
454,-8.338728,231,-5.26878,prod2
455,-8.361701,215,-19.98515,prod2
456,-8.575299,215,-21.48056,prod2
457,-9.113726,215,-22.826178,prod2
458,-8.664768,215,-22.612595,prod2
459,-8.993457,215,-20.627203,prod2
460,-8.623764,18,-26.908588,prod2
461,-8.691663,100,6.740183,prod2
462,-7.8440022,18,-23.095608,prod2
463,-7.825854,18,-23.180286,prod2
464,-7.136315,18,-24.583708,prod2
465,-7.94281,18,-25.239275,prod2
466,-7.9595313,18,-19.760494,prod2
467,-8.104751,18,-20.131683,prod2
468,-8.725695,18,-24.822657,prod2
469,-7.726753,18,-21.031664,prod2
470,-7.6484737,18,-25.088175,prod2
471,-8.383048,18,-22.922394,prod2
472,-7.5529594,18,-26.661093,prod2
473,-7.740796,215,-12.954764,prod2
474,-7.3911815,1,-24.556498,prod2
475,-7.544171,215,-12.195901,prod2
476,-7.749473,215,-12.346987,prod2
477,-7.5408263,215,-11.099239,prod2
478,-7.4867873,18,-22.159224,prod2
479,-7.977563,215,-11.38919,prod2
480,-8.427995,215,-11.78552,prod2
481,-8.662721,100,9.904892,prod2
482,-8.28116,215,-14.27144,prod2
483,-8.059948,215,-20.937275,prod2
484,-7.6173596,100,9.75118,prod2
485,-7.401614,215,-19.001324,prod2
486,-7.254379,215,-23.045202,prod2
487,-8.160024,215,-21.461473,prod2
488,-8.242261,100,7.0865583,prod2
489,-8.135357,100,11.204288,prod2
490,-8.465014,231,-4.8506246,prod2
491,-7.977482,100,11.861996,prod2
492,-7.7992177,100,9.914531,prod2
493,-8.223012,100,8.5422735,prod2
494,-7.2189136,100,5.9625387,prod2
495,-7.5230317,100,8.082648,prod2
496,-8.281547,100,8.010583,prod2
497,-8.516539,100,8.690253,prod2
498,-8.334294,100,7.7880855,prod2
499,-8.79716,100,7.633358,prod2
500,-8.998755,231,-5.8020782,prod2
501,-8.971733,100,6.357092,prod2
502,-8.805473,100,5.539072,prod2
503,-9.29271,100,6.4476795,prod2
504,-8.052887,100,10.240584,prod2
505,-9.144655,100,9.131633,prod2
506,-9.20409,112,9.352452,prod2
507,-9.418894,231,-5.4824514,prod2
508,-9.548506,100,9.3503475,prod2
509,-9.845302,231,-6.387388,prod2
510,-9.490498,231,-6.075626,prod2
511,-8.929955,100,11.010621,prod2
512,-9.313363,100,9.339977,prod2
513,-9.441385,100,6.4559484,prod2
514,-8.970733,100,8.426978,prod2
515,-8.750368,231,-5.671986,prod2
516,-8.9773445,112,11.117535,prod2
517,-9.507311,112,10.509096,prod2
518,-9.218872,100,9.9379425,prod2
519,-8.965813,112,11.2501335,prod2
520,-9.231327,231,-5.8239837,prod2
521,-9.096334,112,10.319275,prod2
522,-9.324737,231,-5.842989,prod2
523,-9.718942,230,-27.987669,prod2
524,-9.199686,230,-22.20418,prod2
525,-9.264027,231,-6.0133357,prod2
526,-9.091,100,7.6220603,prod2
527,-8.814809,100,9.027276,prod2
528,-9.46983,231,-6.131468,prod2
529,-9.060587,231,-5.8726964,prod2
530,-10.201059,231,-6.9616146,prod2
531,-9.916988,231,-6.6434245,prod2
532,-10.46663,231,-7.468849,prod2
533,-9.860599,100,7.1748333,prod2
534,-9.704051,100,9.63109,prod2
535,-9.881144,100,5.544257,prod2
536,-9.202374,100,8.557304,prod2
537,-9.914652,231,-6.579333,prod2
538,-8.812187,231,-5.6190367,prod2
539,-8.789595,231,-5.335642,prod2
540,-8.783526,231,-5.759722,prod2
541,-8.7128935,231,-5.257622,prod2
542,-8.192359,231,-4.9049406,prod2
543,-8.65279,231,-5.1174226,prod2
544,-8.23968,100,9.956874,prod2
545,-7.868952,100,8.318517,prod2
546,-7.4586997,100,10.158735,prod2
547,-7.8230295,100,9.727682,prod2
548,-7.7435846,100,10.217837,prod2
549,-7.8496885,100,9.225024,prod2
550,-7.3911014,100,9.638958,prod2
551,-7.4949727,100,9.264995,prod2
552,-6.888281,100,9.329111,prod2
553,-7.500712,231,-4.2246594,prod2
554,-7.231839,100,9.384098,prod2
555,-7.6060877,231,-4.1530814,prod2
556,-7.4563828,231,-3.9046412,prod2
557,-6.7699738,112,11.6016035,prod2
558,-7.855158,231,-4.3749657,prod2
559,-7.8329506,231,-4.860247,prod2
560,-7.364223,112,12.160449,prod2
561,-7.056326,112,10.851886,prod2
562,-7.4758034,231,-3.7989357,prod2
563,-7.2306376,231,-3.8621724,prod2
564,-7.211717,231,-3.8369672,prod2
565,-7.08467,231,-3.7393916,prod2
566,-7.6984634,231,-4.0517154,prod2
567,-7.4332995,231,-3.850527,prod2
568,-8.084081,231,-4.788578,prod2
569,-7.9737115,231,-4.5036736,prod2
570,-8.307894,231,-4.939044,prod2
571,-8.076378,231,-4.757889,prod2
572,-7.6883593,112,11.058852,prod2
573,-7.861868,231,-4.551447,prod2
574,-7.9073887,112,12.78128,prod2
575,-7.495284,112,11.552317,prod2
576,-7.4272923,112,11.009532,prod2
577,-8.4437475,231,-5.0537024,prod2
578,-8.056489,112,9.988737,prod2
579,-8.373589,112,11.274569,prod2
580,-9.02459,112,10.264353,prod2
581,-8.457332,112,11.198928,prod2
582,-8.681404,231,-5.302159,prod2
583,-8.642581,112,9.544393,prod2
584,-8.330733,112,10.408127,prod2
585,-8.266529,112,12.11746,prod2
586,-8.551475,231,-5.3308134,prod2
587,-8.638878,112,10.203964,prod2
588,-8.966771,112,10.901071,prod2
589,-8.744846,231,-5.558021,prod2
590,-9.175578,231,-6.043459,prod2
591,-9.800478,112,9.707958,prod2
592,-9.334631,112,10.462498,prod2
593,-9.690111,231,-6.7483687,prod2
594,-9.61628,112,9.56646,prod2
595,-8.92646,231,-5.6952915,prod2
596,-8.826204,112,10.15136,prod2
597,-8.1155,112,11.580779,prod2
598,-9.06056,231,-6.1240196,prod2
599,-9.498629,231,-6.145683,prod2
600,-9.306771,231,-6.493898,prod2
601,-9.635632,231,-6.5523543,prod2
602,-9.803213,231,-6.6952963,prod2
603,-10.266999,231,-7.2213445,prod2
604,-10.536658,231,-7.575411,prod2
605,-11.123541,176,-30.356247,prod2
606,-10.663746,231,-7.6871533,prod2
607,-10.347371,176,-28.98712,prod2
608,-10.1353445,231,-6.9309874,prod2
609,-10.899455,231,-7.495797,prod2
610,-10.569789,231,-7.323485,prod2
611,-10.690584,231,-7.7313237,prod2
612,-10.127806,231,-6.8380795,prod2
613,-10.598556,231,-7.3350945,prod2
614,-11.09625,231,-7.760318,prod2
615,-10.649467,231,-7.6048484,prod2
616,-10.759544,231,-7.703909,prod2
617,-9.966589,231,-6.923008,prod2
618,-10.4540615,231,-7.259922,prod2
619,-10.547467,231,-7.3309426,prod2
620,-11.107772,231,-7.5078115,prod2
621,-11.408755,231,-7.850978,prod2
622,-11.477115,231,-8.156891,prod2
623,-11.297736,231,-8.006027,prod2
624,-11.636211,231,-8.834579,prod2
625,-11.734948,231,-8.625699,prod2
626,-11.673397,231,-8.582996,prod2
627,-11.74572,231,-8.535715,prod2
628,-12.213805,231,-8.939231,prod2
629,-11.721511,231,-8.541593,prod2
630,-12.185351,231,-9.25366,prod2
631,-11.6605,231,-8.497334,prod2
632,-12.339191,231,-9.398577,prod2
633,-11.735046,231,-8.835898,prod2
634,-12.001736,231,-8.836509,prod2
635,-12.196574,66,-26.724688,prod2
636,-12.027983,66,-23.627062,prod2
637,-11.017833,66,-23.725126,prod2
638,-11.502805,66,-23.338938,prod2
639,-11.698115,66,-23.787237,prod2
640,-12.017426,66,-24.822594,prod2
641,-12.080489,66,-23.743477,prod2
642,-11.970254,66,-22.460285,prod2
643,-11.739376,66,-20.844883,prod2
644,-12.153846,66,-24.269821,prod2
645,-12.064561,66,-27.993153,prod2
646,-12.10404,66,-27.432314,prod2
647,-12.19737,66,-23.436808,prod2
648,-11.94969,66,-20.275293,prod2
649,-11.646698,66,-18.302164,prod2
650,-11.731062,66,-23.125103,prod2
651,-11.162184,66,-21.602112,prod2
652,-11.13433,66,-17.265583,prod2
653,-10.937795,66,-16.312529,prod2
654,-10.524369,66,-16.457312,prod2
655,-10.7304945,66,-19.02035,prod2
656,-10.493096,66,-16.749533,prod2
657,-11.311856,66,-21.136591,prod2
658,-10.2797165,66,-25.125214,prod2
659,-9.865595,66,-22.297379,prod2
660,-10.179827,66,-24.764961,prod2
661,-9.555502,76,5.0385227,prod2
662,-9.6860895,76,6.0706534,prod2
663,-9.831846,66,-25.681091,prod2
664,-8.416638,66,-24.495539,prod2
665,-9.416437,76,6.586354,prod2
666,-9.796996,76,6.615514,prod2
667,-9.186375,76,5.6826305,prod2
668,-9.59319,76,6.350381,prod2
669,-9.613624,76,5.847831,prod2
670,-9.587359,76,5.4096484,prod2
671,-9.3905945,76,5.766632,prod2
672,-10.142413,76,6.0947833,prod2
673,-8.977923,76,7.532902,prod2
674,-9.380638,76,6.8656883,prod2
675,-9.153088,76,6.59042,prod2
676,-9.133484,76,9.923619,prod2
677,-8.950288,76,8.309381,prod2
678,-9.357288,76,5.7712955,prod2
679,-8.8346615,76,7.4876685,prod2
680,-8.432981,76,6.760215,prod2
681,-9.330752,76,8.504267,prod2
682,-9.511416,76,4.9248476,prod2
683,-9.771825,76,7.2432494,prod2
684,-9.417795,76,3.3071172,prod2
685,-9.906109,76,1.2464687,prod2
686,-9.854205,76,1.8560561,prod2
687,-9.753311,76,0.27532443,prod2
688,-9.894465,76,0.25659057,prod2
689,-9.879431,76,0.86912423,prod2
690,-9.18758,76,1.2775706,prod2
691,-9.222652,76,1.6244595,prod2
692,-9.52979,76,5.4866166,prod2
693,-9.336705,76,8.054893,prod2
694,-9.163728,76,8.724571,prod2
695,-8.596139,76,6.699567,prod2
696,-8.692033,76,10.707788,prod2
697,-8.75727,76,11.440952,prod2
698,-8.335748,76,11.749265,prod2
699,-8.42239,76,6.188656,prod2
700,-7.975229,76,7.250626,prod2
701,-8.477492,76,5.740946,prod2
702,-8.560251,76,10.53215,prod2
703,-9.09585,76,8.730882,prod2
704,-8.8115225,76,10.349298,prod2
705,-9.029915,54,-22.24765,prod2
706,-8.904481,54,-22.304396,prod2
707,-8.782192,54,-24.01925,prod2
708,-8.169517,54,-25.510176,prod2
709,-8.258664,76,11.686993,prod2
710,-8.813486,54,-24.240702,prod2
711,-8.870492,54,-24.197746,prod2
712,-8.916756,54,-21.456402,prod2
713,-8.328372,76,10.491927,prod2
714,-7.7861643,54,-25.827793,prod2
715,-8.041288,54,-23.236729,prod2
716,-7.691557,76,4.3748493,prod2
717,-7.6471634,76,5.3746204,prod2
718,-7.929186,76,5.337625,prod2
719,-8.10888,54,-25.362621,prod2
720,-7.8820624,54,-25.861898,prod2
721,-7.8662915,76,4.640202,prod2
722,-7.5614624,76,4.4227533,prod2
723,-7.8728647,76,5.7044406,prod2
724,-7.539801,76,5.4480305,prod2
725,-8.168185,76,6.9566727,prod2
726,-8.096817,76,7.578066,prod2
727,-8.568533,76,8.433531,prod2
728,-7.9793367,76,4.0123825,prod2
729,-7.759142,76,3.960072,prod2
730,-8.216975,76,1.9433764,prod2
731,-7.667637,76,2.742683,prod2
732,-7.4490943,76,3.5379028,prod2
733,-7.5164404,76,2.4705272,prod2
734,-7.8507857,76,2.4730344,prod2
735,-8.412599,76,2.672682,prod2
736,-7.34855,76,2.6723201,prod2
737,-7.209009,76,3.1864076,prod2
738,-7.6253247,76,6.928434,prod2
739,-6.945465,76,12.498703,prod2
740,-7.229933,76,9.603449,prod2
741,-7.339246,76,13.039544,prod2
742,-7.4474382,76,12.247678,prod2
743,-6.958092,76,12.69884,prod2
744,-7.3347716,76,12.230736,prod2
745,-7.157169,76,12.861494,prod2
746,-7.639352,231,-4.0175467,prod2
747,-7.153721,76,14.459592,prod2
748,-7.2298193,224,-23.920965,prod2
749,-7.0661025,224,-20.006865,prod2
750,-7.248797,224,-19.74289,prod2
751,-7.58237,224,-18.344631,prod2
752,-7.48519,215,-24.134096,prod2
753,-7.194235,231,-3.7291067,prod2
754,-6.948509,231,-3.8518739,prod2
755,-6.7930646,76,11.668133,prod2
756,-6.649495,231,-3.4020803,prod2
757,-7.0157657,224,-25.10657,prod2
758,-6.3144646,224,-21.066969,prod2
759,-6.416394,76,12.311441,prod2
760,-7.4981747,76,9.013111,prod2
761,-7.648868,76,8.63297,prod2
762,-7.571011,76,7.541018,prod2
763,-7.2424207,76,10.220058,prod2
764,-6.940705,76,5.766736,prod2
765,-6.7175283,76,9.011465,prod2
766,-6.86443,76,11.472847,prod2
767,-6.4922976,76,11.873272,prod2
768,-6.8817606,76,10.380446,prod2
769,-7.6743717,76,8.285022,prod2
770,-8.054949,76,9.481409,prod2
771,-7.3213477,76,8.0965395,prod2
772,-7.6508317,76,4.78522,prod2
773,-7.8615665,76,7.588363,prod2
774,-7.166604,76,7.3832793,prod2
775,-6.917332,76,8.130903,prod2
776,-7.1145463,76,7.754449,prod2
777,-7.139278,76,8.217073,prod2
778,-6.7441316,76,8.490491,prod2
779,-6.953576,76,8.190598,prod2
780,-7.2237673,76,10.594362,prod2
781,-8.151626,76,8.921805,prod2
782,-7.913962,76,5.031498,prod2
783,-8.4671335,76,4.288413,prod2
784,-7.894891,76,4.439243,prod2
785,-7.890304,76,8.406819,prod2
786,-8.315649,231,-4.9230514,prod2
787,-8.089341,231,-4.774414,prod2
788,-7.7119403,231,-4.456189,prod2
789,-7.7619033,231,-4.502464,prod2
790,-7.7957535,217,-21.84604,prod2
791,-7.586775,217,-20.114426,prod2
792,-7.6320457,217,-20.921026,prod2
793,-8.446163,231,-5.1779146,prod2
794,-7.948679,231,-4.525417,prod2
795,-7.781524,217,-26.109314,prod2
796,-8.715431,217,-23.990189,prod2
797,-8.7749815,217,-22.607414,prod2
798,-8.968462,217,-22.483196,prod2
799,-9.128833,217,-23.794254,prod2
800,-8.595059,231,-5.9107733,prod3
801,-8.659409,231,-5.379125,prod3
802,-9.281984,224,-26.551617,prod3
803,-9.878976,224,-26.746677,prod3
804,-9.792327,224,-27.592152,prod3
805,-9.697049,231,-6.5736475,prod3
806,-10.1230545,231,-7.3192945,prod3
807,-9.806878,231,-6.7486773,prod3
808,-9.730109,231,-6.567878,prod3
809,-9.563677,231,-6.60468,prod3
810,-9.663571,231,-6.4823384,prod3
811,-9.243655,231,-6.2075496,prod3
812,-9.219864,231,-6.4059353,prod3
813,-9.716489,231,-6.326151,prod3
814,-9.445376,231,-6.1524677,prod3
815,-9.5880995,231,-6.501058,prod3
816,-10.091439,231,-6.8789234,prod3
817,-10.298027,231,-6.9388084,prod3
818,-10.934619,231,-7.890014,prod3
819,-9.90941,217,-26.162987,prod3
820,-9.797816,231,-6.798849,prod3
821,-10.286205,217,-25.085855,prod3
822,-9.916473,217,-20.212944,prod3
823,-10.552289,217,-21.116982,prod3
824,-11.06673,217,-23.277756,prod3
825,-10.876948,217,-26.329092,prod3
826,-11.047903,217,-24.803267,prod3
827,-10.4553,231,-7.4281154,prod3
828,-10.107801,231,-6.8058076,prod3
829,-9.798904,231,-6.840269,prod3
830,-10.248001,231,-6.925392,prod3
831,-9.576534,231,-6.4486237,prod3
832,-10.327813,231,-6.7859716,prod3
833,-10.104474,231,-6.8233027,prod3
834,-10.329101,231,-7.2033334,prod3
835,-9.967757,231,-6.6895127,prod3
836,-10.007479,231,-6.3296866,prod3
837,-11.011998,231,-7.925676,prod3
838,-10.503249,231,-7.161889,prod3
839,-11.010115,231,-7.7866573,prod3
840,-11.54552,217,-28.21558,prod3
841,-11.356798,231,-8.2002325,prod3
842,-10.990902,231,-7.792288,prod3
843,-11.688502,231,-8.464583,prod3
844,-10.998367,231,-7.721896,prod3
845,-11.461453,231,-7.79328,prod3
846,-11.581476,231,-8.280402,prod3
847,-11.665563,231,-8.402949,prod3
848,-11.684208,217,-27.457476,prod3
849,-11.519728,217,-23.759968,prod3
850,-11.822776,217,-25.365763,prod3
851,-10.818686,217,-23.073055,prod3
852,-11.352858,217,-24.567955,prod3
853,-11.313246,217,-23.547592,prod3
854,-11.27384,217,-21.720884,prod3
855,-11.447737,217,-27.004362,prod3
856,-12.015636,217,-27.973717,prod3
857,-10.904207,231,-7.61215,prod3
858,-11.053025,231,-7.715637,prod3
859,-11.157891,231,-7.8192573,prod3
860,-10.801383,224,-27.683207,prod3
861,-11.66792,231,-8.768395,prod3
862,-11.394883,231,-8.490102,prod3
863,-10.958275,217,-27.418,prod3
864,-11.24578,231,-7.9698095,prod3
865,-11.747966,231,-8.773063,prod3
866,-11.30795,231,-8.244254,prod3
867,-11.762998,224,-26.718523,prod3
868,-12.0735035,224,-25.478163,prod3
869,-11.913603,224,-24.759178,prod3
870,-11.750947,224,-27.766356,prod3
871,-12.0689945,231,-9.25126,prod3
872,-11.391714,231,-8.114186,prod3
873,-11.582969,224,-26.26784,prod3
874,-11.387249,224,-26.76556,prod3
875,-11.927308,224,-27.42251,prod3
876,-12.084018,224,-29.466087,prod3
877,-11.801136,224,-24.9848,prod3
878,-10.907158,224,-22.863108,prod3
879,-11.46771,224,-22.297497,prod3
880,-11.752946,231,-8.951393,prod3
881,-11.33659,231,-8.08809,prod3
882,-10.572256,231,-7.4113913,prod3
883,-10.613245,231,-7.6916604,prod3
884,-10.727045,224,-27.292854,prod3
885,-10.581188,224,-25.389174,prod3
886,-9.666582,231,-6.7223144,prod3
887,-9.513813,224,-26.12936,prod3
888,-9.481578,224,-22.036196,prod3
889,-10.515509,224,-29.998825,prod3
890,-10.042904,231,-7.014866,prod3
891,-9.365329,231,-6.2093663,prod3
892,-9.782353,231,-6.8428936,prod3
893,-9.881389,231,-6.923016,prod3
894,-10.083116,224,-27.043423,prod3
895,-10.300164,224,-28.136797,prod3
896,-10.145666,224,-23.508139,prod3
897,-10.579342,224,-24.309366,prod3
898,-10.72242,224,-27.635242,prod3
899,-10.346441,231,-7.17004,prod3
900,-9.598827,231,-6.5621595,prod3
901,-9.469729,231,-6.4362063,prod3
902,-9.814122,231,-7.14207,prod3
903,-9.379332,231,-6.1828117,prod3
904,-10.038981,231,-6.686532,prod3
905,-9.794434,231,-6.383248,prod3
906,-10.136564,231,-6.7637444,prod3
907,-9.597739,231,-6.8107753,prod3
908,-10.507072,231,-7.3716097,prod3
909,-10.332227,231,-6.951487,prod3
910,-10.644381,231,-7.627242,prod3
911,-10.620693,231,-7.6000504,prod3
912,-11.138709,115,-27.061705,prod3
913,-10.704941,115,-28.966942,prod3
914,-10.40451,231,-7.2667565,prod3
915,-10.234905,231,-7.1182947,prod3
916,-10.378752,231,-7.554302,prod3
917,-10.183383,231,-7.5895977,prod3
918,-10.253112,231,-7.5432568,prod3
919,-9.626067,231,-6.717062,prod3
920,-10.236979,231,-7.337104,prod3
921,-10.198899,115,-24.599775,prod3
922,-10.557782,231,-7.882708,prod3
923,-10.451756,231,-7.863597,prod3
924,-11.190554,115,-31.039574,prod3
925,-10.852454,231,-7.981322,prod3
926,-10.326945,231,-7.476719,prod3
927,-10.374678,231,-7.2649837,prod3
928,-10.306187,231,-7.30483,prod3
929,-10.20649,231,-7.172066,prod3
930,-10.1061945,231,-7.0212235,prod3
931,-10.015519,231,-6.9872093,prod3
932,-9.815958,231,-6.7692156,prod3
933,-10.330402,231,-7.296517,prod3
934,-9.934061,231,-7.1726227,prod3
935,-9.356415,231,-6.3853164,prod3
936,-9.857169,231,-7.002832,prod3
937,-10.034401,231,-6.710859,prod3
938,-9.348423,231,-6.5831165,prod3
939,-9.221795,231,-6.432367,prod3
940,-9.425963,231,-6.790238,prod3
941,-10.098953,231,-7.155637,prod3
942,-10.446755,231,-7.5674415,prod3
943,-10.1924515,231,-7.349956,prod3
944,-10.148358,231,-7.1881595,prod3
945,-10.169065,231,-7.0351114,prod3
946,-10.140608,231,-6.9573183,prod3
947,-10.291833,231,-7.369287,prod3
948,-10.1098,231,-7.484001,prod3
949,-10.4183235,231,-7.5984344,prod3
950,-10.005225,33,-25.619545,prod3
951,-10.276325,33,-26.780811,prod3
952,-10.256643,33,-22.694454,prod3
953,-10.082652,231,-7.2558546,prod3
954,-10.0062275,33,-26.718689,prod3
955,-8.893341,231,-6.000603,prod3
956,-8.610731,231,-5.400851,prod3
957,-8.781101,231,-5.576183,prod3
958,-8.525988,231,-5.835167,prod3
959,-8.907073,33,-26.785849,prod3
960,-8.376117,231,-5.678648,prod3
961,-7.906796,33,-20.10371,prod3
962,-8.338009,33,-20.315706,prod3
963,-8.537734,33,-19.225864,prod3
964,-8.804613,33,-19.411743,prod3
965,-8.525262,33,-17.32172,prod3
966,-7.8685164,33,-17.321192,prod3
967,-7.475371,33,-16.683397,prod3
968,-7.8285017,33,-18.264227,prod3
969,-7.413669,33,-20.15899,prod3
970,-7.4726505,33,-23.631147,prod3
971,-7.6125255,231,-4.5702257,prod3
972,-7.562591,231,-4.414652,prod3
973,-7.7902184,231,-4.9657083,prod3
974,-7.8718953,231,-4.774121,prod3
975,-7.311308,231,-4.516458,prod3
976,-7.4133906,231,-4.608736,prod3
977,-7.9918594,231,-5.1723933,prod3
978,-7.7852597,231,-4.949304,prod3
979,-7.762926,231,-4.9053936,prod3
980,-7.9029655,231,-5.0810504,prod3
981,-8.754577,231,-6.068769,prod3
982,-8.329982,231,-5.9285183,prod3
983,-8.177317,231,-5.566255,prod3
984,-8.899305,231,-6.0256486,prod3
985,-8.802766,231,-6.306654,prod3
986,-8.471168,231,-5.858313,prod3
987,-8.336331,231,-5.8598566,prod3
988,-8.326226,231,-5.1349144,prod3
989,-8.682269,231,-5.44894,prod3
990,-8.56061,231,-5.473278,prod3
991,-9.136224,231,-6.115496,prod3
992,-8.109933,231,-5.0929184,prod3
993,-7.7438974,231,-4.602383,prod3
994,-7.59023,231,-4.3982267,prod3
995,-7.7154446,231,-4.322345,prod3
996,-6.6592307,231,-3.2522082,prod3
997,-6.7179923,231,-3.2304592,prod3
998,-6.866259,231,-3.1351206,prod3
999,-6.2829266,231,-2.8979719,prod3
1000,-5.325812,231,-2.2031655,prod3
1001,-5.5327783,115,-22.47051,prod3
1002,-5.3538013,231,-2.1099708,prod3
1003,-6.280977,231,-2.8675156,prod3
1004,-5.486089,231,-2.2635765,prod3
1005,-6.0632935,231,-2.840288,prod3
1006,-6.186224,231,-2.6608343,prod3
1007,-5.6726027,231,-2.4527524,prod3
1008,-5.923499,231,-2.9816456,prod3
1009,-5.276906,231,-2.2878602,prod3
1010,-5.312248,231,-2.2142982,prod3
1011,-5.318235,231,-1.6430657,prod3
1012,-5.167602,231,-1.8623035,prod3
1013,-5.224194,231,-1.6293519,prod3
1014,-5.659752,231,-2.375195,prod3
1015,-5.406749,231,-2.1263509,prod3
1016,-5.1770773,115,-21.418003,prod3
1017,-5.721967,115,-23.678885,prod3
1018,-6.063744,231,-2.8550732,prod3
1019,-6.252399,231,-2.947636,prod3
1020,-5.6655974,231,-2.3823903,prod3
1021,-6.6986055,137,13.261186,prod3
1022,-6.1588655,137,12.184872,prod3
1023,-6.4115934,137,8.704288,prod3
1024,-6.0943804,137,11.162758,prod3
1025,-5.7873635,231,-3.0389102,prod3
1026,-6.1266313,231,-3.3056118,prod3
1027,-6.901131,231,-4.233327,prod3
1028,-7.107575,231,-4.506365,prod3
1029,-7.125885,231,-4.414111,prod3
1030,-8.094777,160,-22.161844,prod3
1031,-8.256686,160,-23.933819,prod3
1032,-7.9522934,160,-24.03183,prod3
1033,-7.761549,115,-24.353014,prod3
1034,-7.178266,115,-17.832373,prod3
1035,-7.137961,115,-15.29207,prod3
1036,-6.915987,115,-17.090565,prod3
1037,-6.864769,115,-14.922419,prod3
1038,-6.2173567,115,-15.07824,prod3
1039,-6.0495324,115,-18.602928,prod3
1040,-6.779875,115,-21.83327,prod3
1041,-6.2823677,115,-20.569628,prod3
1042,-6.0869403,115,-19.108915,prod3
1043,-5.370342,115,-23.886293,prod3
1044,-6.498635,137,14.312667,prod3
1045,-6.4016676,137,13.719133,prod3
1046,-6.6044903,160,-20.098028,prod3
1047,-6.32133,231,-3.483285,prod3
1048,-6.85236,231,-4.2409263,prod3
1049,-6.1820908,231,-2.9486806,prod3
1050,-6.1674213,54,-16.361416,prod3
1051,-5.851166,54,-18.842161,prod3
1052,-5.849896,54,-18.718395,prod3
1053,-6.608237,54,-15.409001,prod3
1054,-5.949219,54,-14.4313345,prod3
1055,-6.565248,54,-16.727173,prod3
1056,-6.986734,54,-25.250183,prod3
1057,-6.6767583,137,6.4877563,prod3
1058,-6.3285093,137,8.586068,prod3
1059,-6.5518613,137,11.882566,prod3
1060,-7.0953565,137,8.609164,prod3
1061,-7.0934954,231,-4.380066,prod3
1062,-7.388834,137,10.905148,prod3
1063,-6.9264326,137,12.970842,prod3
1064,-7.2626586,137,14.930307,prod3
1065,-7.290049,231,-4.5062103,prod3
1066,-7.1175284,137,11.301971,prod3
1067,-6.978071,231,-4.025342,prod3
1068,-6.8456154,231,-3.8562136,prod3
1069,-7.212282,231,-3.8798442,prod3
1070,-7.6039515,231,-4.5769696,prod3
1071,-6.810571,231,-3.505797,prod3
1072,-6.931488,137,12.181098,prod3
1073,-8.124045,231,-5.19869,prod3
1074,-8.560429,137,9.866186,prod3
1075,-8.356955,137,12.472775,prod3
1076,-7.7889633,137,12.898645,prod3
1077,-7.5062,137,11.101844,prod3
1078,-7.7534976,137,10.927274,prod3
1079,-8.375743,231,-5.4653826,prod3
1080,-7.999712,137,11.49247,prod3
1081,-7.7226815,137,12.573508,prod3
1082,-8.168967,231,-5.32043,prod3
1083,-8.563909,231,-5.539969,prod3
1084,-8.46522,231,-5.8662705,prod3
1085,-8.581928,231,-5.147167,prod3
1086,-8.461609,231,-5.3793297,prod3
1087,-7.8697696,231,-4.975643,prod3
1088,-8.09612,231,-5.358432,prod3
1089,-7.9868217,231,-5.1236095,prod3
1090,-8.417884,231,-5.87855,prod3
1091,-8.583104,231,-5.7222495,prod3
1092,-9.116144,231,-6.143017,prod3
1093,-8.711752,137,10.018053,prod3
1094,-8.623419,231,-5.5168014,prod3
1095,-9.018882,231,-6.1583333,prod3
1096,-8.847062,231,-5.9955707,prod3
1097,-9.08316,231,-6.1462264,prod3
1098,-9.3581085,231,-6.5628057,prod3
1099,-9.504589,231,-6.743983,prod3
1100,-9.270151,231,-6.65294,prod3
1101,-9.9244,231,-6.500529,prod3
1102,-9.927332,231,-6.4858813,prod3
1103,-9.420386,231,-6.323815,prod3
1104,-10.029882,137,9.456814,prod3
1105,-9.4979105,137,8.290809,prod3
1106,-9.262259,231,-5.950393,prod3
1107,-9.696434,231,-5.9820538,prod3
1108,-9.575301,231,-6.3772483,prod3
1109,-10.0200615,231,-6.4488134,prod3
1110,-9.516349,231,-6.1206093,prod3
1111,-9.171843,137,8.788747,prod3
1112,-10.072439,137,8.859809,prod3
1113,-9.747442,231,-6.1300454,prod3
1114,-10.151805,231,-7.135472,prod3
1115,-10.503558,231,-6.971284,prod3
1116,-9.876744,231,-7.0349803,prod3
1117,-10.250665,45,-28.789993,prod3
1118,-9.644168,45,-22.89722,prod3
1119,-10.417033,45,-19.711048,prod3
1120,-10.504743,45,-19.497452,prod3
1121,-10.217626,26,-28.533867,prod3
1122,-10.586156,45,-16.94897,prod3
1123,-10.415443,45,-22.100964,prod3
1124,-10.948952,26,-24.14855,prod3
1125,-10.860823,26,-27.515333,prod3
1126,-10.666982,26,-25.748072,prod3
1127,-10.781301,26,-27.981327,prod3
1128,-10.554541,26,-20.127478,prod3
1129,-10.582189,26,-23.326614,prod3
1130,-10.269549,26,-24.613516,prod3
1131,-11.015894,26,-21.823114,prod3
1132,-10.053085,26,-19.94332,prod3
1133,-10.034374,26,-19.801016,prod3
1134,-9.617026,26,-27.024149,prod3
1135,-9.716788,26,-24.459389,prod3
1136,-9.602155,26,-21.026562,prod3
1137,-10.612475,26,-22.403767,prod3
1138,-9.986902,26,-21.804976,prod3
1139,-9.836062,26,-26.39112,prod3
1140,-9.87381,26,-22.28588,prod3
1141,-9.328647,26,-19.3994,prod3
1142,-9.816823,26,-20.576391,prod3
1143,-10.004359,26,-21.250181,prod3
1144,-10.257655,26,-24.349096,prod3
1145,-9.862497,26,-23.713411,prod3
1146,-10.67146,26,-27.183998,prod3
1147,-9.575576,26,-26.637842,prod3
1148,-9.886495,231,-6.9461784,prod3
1149,-9.055195,231,-5.565357,prod3
1150,-9.336295,231,-5.752768,prod3
1151,-8.9428625,231,-5.498661,prod3
1152,-9.099539,231,-5.8485184,prod3
1153,-8.86613,231,-5.587978,prod3
1154,-8.97322,231,-5.695684,prod3
1155,-9.145933,231,-5.6393785,prod3
1156,-8.66476,231,-5.153707,prod3
1157,-8.5239935,231,-5.2163553,prod3
1158,-8.204314,231,-4.7158184,prod3
1159,-8.713413,231,-5.012604,prod3
1160,-8.799712,231,-5.209576,prod3
1161,-9.191591,26,-24.876919,prod3
1162,-9.176243,107,-26.656485,prod3
1163,-8.926391,26,-27.008446,prod3
1164,-9.223297,231,-5.736245,prod3
1165,-8.917826,107,-25.169308,prod3
1166,-9.704035,107,-25.896782,prod3
1167,-8.822927,231,-5.763191,prod3
1168,-9.353355,26,-22.636034,prod3
1169,-9.609072,26,-23.2807,prod3
1170,-9.886776,231,-6.281129,prod3
1171,-8.533729,26,-18.117327,prod3
1172,-8.455297,26,-22.859713,prod3
1173,-8.763661,26,-20.071896,prod3
1174,-9.52309,26,-22.30121,prod3
1175,-9.557656,26,-22.134651,prod3
1176,-9.523101,26,-23.524612,prod3
1177,-9.012244,26,-23.779242,prod3
1178,-8.949637,231,-5.6326637,prod3
1179,-8.988574,231,-5.83559,prod3
1180,-8.901372,45,-18.887135,prod3
1181,-9.552682,45,-17.479813,prod3
1182,-9.413967,45,-16.707048,prod3
1183,-9.042585,45,-15.878059,prod3
1184,-8.938412,45,-16.798033,prod3
1185,-9.257269,45,-16.822676,prod3
1186,-9.30129,45,-15.178052,prod3
1187,-9.087873,45,-16.643198,prod3
1188,-9.36429,45,-17.573725,prod3
1189,-9.365721,45,-22.812801,prod3
1190,-9.13113,45,-20.829712,prod3
1191,-9.438141,45,-24.728539,prod3
1192,-8.950861,45,-21.517471,prod3
1193,-9.360461,45,-20.22509,prod3
1194,-9.082007,45,-19.412054,prod3
1195,-9.266693,45,-19.975737,prod3
1196,-8.684561,231,-5.3692846,prod3
1197,-8.395582,107,-26.301752,prod3
1198,-8.205356,155,10.831484,prod3
1199,-8.161063,107,-25.526651,prod3
1200,-8.041372,155,9.01528,prod4
1201,-7.9378405,155,13.697466,prod4
1202,-8.056263,155,11.465468,prod4
1203,-7.246138,155,11.887042,prod4
1204,-8.152727,231,-5.019422,prod4
1205,-8.35579,231,-5.0867395,prod4
1206,-8.420968,231,-4.699395,prod4
1207,-8.341578,231,-5.126369,prod4
1208,-8.457138,231,-5.2467,prod4
1209,-7.9891176,155,11.766819,prod4
1210,-7.95805,231,-4.875224,prod4
1211,-8.105396,155,9.952009,prod4
1212,-8.194633,155,7.678537,prod4
1213,-8.376904,155,7.946491,prod4
1214,-7.7728033,231,-4.917234,prod4
1215,-7.8526793,72,-24.891146,prod4
1216,-8.984155,155,11.035303,prod4
1217,-9.036076,231,-5.6420856,prod4
1218,-9.017856,231,-6.1572475,prod4
1219,-9.13232,231,-5.8837314,prod4
1220,-8.88696,231,-5.846071,prod4
1221,-9.185423,231,-5.6109266,prod4
1222,-9.785736,231,-6.5522957,prod4
1223,-9.098384,231,-5.7592044,prod4
1224,-8.663972,231,-5.8664308,prod4
1225,-8.926695,231,-5.5289087,prod4
1226,-9.048216,231,-5.8278637,prod4
1227,-9.46961,231,-6.020098,prod4
1228,-8.579223,107,-27.495554,prod4
1229,-8.215928,231,-4.9091496,prod4
1230,-9.345287,155,12.160313,prod4
1231,-9.047963,231,-5.5762324,prod4
1232,-8.859355,107,-23.10505,prod4
1233,-8.503593,107,-22.518013,prod4
1234,-7.7191386,107,-23.39087,prod4
1235,-7.710881,107,-24.713531,prod4
1236,-7.5894527,107,-26.441275,prod4
1237,-7.7997737,107,-24.464647,prod4
1238,-8.124957,107,-27.290253,prod4
1239,-7.9325128,120,-24.401955,prod4
1240,-8.033707,107,-26.225786,prod4
1241,-8.477846,107,-25.179674,prod4
1242,-7.8601313,120,-23.166052,prod4
1243,-8.005282,5,-24.924568,prod4
1244,-7.9844375,107,-25.8109,prod4
1245,-7.6468196,107,-21.151598,prod4
1246,-7.8533025,107,-19.031706,prod4
1247,-7.7492156,107,-22.959188,prod4
1248,-7.363762,107,-21.640001,prod4
1249,-7.0664606,107,-25.891294,prod4
1250,-7.4412317,5,-26.457233,prod4
1251,-7.390409,107,-25.212128,prod4
1252,-7.881093,107,-22.29292,prod4
1253,-7.570237,107,-22.728226,prod4
1254,-7.945182,107,-23.525051,prod4
1255,-8.405118,107,-19.980127,prod4
1256,-8.393019,107,-17.974981,prod4
1257,-8.065757,107,-22.775314,prod4
1258,-7.5552397,107,-23.81208,prod4
1259,-6.861012,107,-21.36955,prod4
1260,-7.6683984,107,-22.289635,prod4
1261,-7.7463007,107,-21.2748,prod4
1262,-8.170448,107,-25.164373,prod4
1263,-7.311793,231,-4.233583,prod4
1264,-7.7677455,120,-16.951736,prod4
1265,-8.052089,120,-20.467976,prod4
1266,-7.1791778,120,-17.568556,prod4
1267,-7.334678,120,-17.91855,prod4
1268,-7.1303906,120,-18.412437,prod4
1269,-7.22902,72,-23.274796,prod4
1270,-6.612231,72,-25.06947,prod4
1271,-6.710752,120,-17.569994,prod4
1272,-6.1588917,120,-14.904011,prod4
1273,-6.415312,120,-15.520366,prod4
1274,-6.228367,120,-15.051472,prod4
1275,-6.190079,120,-17.40995,prod4
1276,-6.6571765,120,-18.775248,prod4
1277,-6.5860763,120,-17.068367,prod4
1278,-6.686982,120,-18.228905,prod4
1279,-6.407558,155,9.121356,prod4
1280,-5.7243266,120,-17.40367,prod4
1281,-6.1739516,72,-25.584026,prod4
1282,-6.2874317,72,-24.736778,prod4
1283,-5.9724584,72,-22.35468,prod4
1284,-6.653132,72,-22.907925,prod4
1285,-6.29637,72,-21.736214,prod4
1286,-6.1896815,72,-21.131147,prod4
1287,-6.0089784,120,-15.829141,prod4
1288,-5.85098,120,-16.783451,prod4
1289,-5.9666214,120,-19.673183,prod4
1290,-6.2906866,231,-2.9978647,prod4
1291,-5.288316,231,-2.2705202,prod4
1292,-5.567712,72,-22.005817,prod4
1293,-5.6630197,72,-17.704052,prod4
1294,-5.1356573,72,-20.25648,prod4
1295,-5.2273097,72,-19.90325,prod4
1296,-4.579696,72,-13.795078,prod4
1297,-5.167702,72,-15.904177,prod4
1298,-5.2059445,72,-16.9116,prod4
1299,-4.342084,72,-16.823847,prod4
1300,-3.8383274,72,-14.299015,prod4
1301,-3.9116073,72,-19.936571,prod4
1302,-4.3549237,72,-20.853361,prod4
1303,-4.2207675,231,-1.0936852,prod4
1304,-4.7020445,72,-19.028013,prod4
1305,-5.216304,72,-21.271381,prod4
1306,-5.2419744,72,-17.714668,prod4
1307,-4.4594045,72,-18.213121,prod4
1308,-4.8162823,109,-19.474033,prod4
1309,-4.57955,109,-18.498554,prod4
1310,-4.7883534,72,-16.195639,prod4
1311,-5.5676208,109,-16.8865,prod4
1312,-5.1495132,109,-22.988228,prod4
1313,-5.0536256,109,-18.865452,prod4
1314,-4.333518,109,-23.48709,prod4
1315,-4.1615663,231,-1.0093149,prod4
1316,-4.523415,231,-1.1968738,prod4
1317,-4.2864747,231,-1.0910362,prod4
1318,-3.911252,109,-22.624098,prod4
1319,-4.3245916,231,-1.1771742,prod4
1320,-3.696575,109,-21.381084,prod4
1321,-3.9338288,231,-0.71426976,prod4
1322,-4.217128,107,-17.452019,prod4
1323,-4.135452,109,-12.351144,prod4
1324,-4.407145,107,-19.610697,prod4
1325,-4.6643844,107,-16.921518,prod4
1326,-4.6711164,107,-13.671506,prod4
1327,-4.9391813,107,-15.358812,prod4
1328,-4.9368267,107,-15.78739,prod4
1329,-5.924419,107,-15.607906,prod4
1330,-4.877415,107,-12.701171,prod4
1331,-4.4845943,107,-16.556849,prod4
1332,-4.207925,107,-15.387389,prod4
1333,-4.342646,107,-11.844136,prod4
1334,-4.915936,107,-11.845359,prod4
1335,-4.601714,6,-19.645916,prod4
1336,-4.5073304,6,-20.706915,prod4
1337,-4.9736295,6,-23.796406,prod4
1338,-5.119116,107,-15.510028,prod4
1339,-5.17871,107,-15.596175,prod4
1340,-5.0356402,231,-1.8940287,prod4
1341,-5.51186,107,-25.124275,prod4
1342,-5.37902,231,-2.171202,prod4
1343,-4.9068737,231,-1.8162701,prod4
1344,-5.219525,107,-24.76078,prod4
1345,-5.4782233,231,-2.0631745,prod4
1346,-5.7146335,107,-23.403519,prod4
1347,-5.4756265,231,-2.1503172,prod4
1348,-6.289157,125,-23.462385,prod4
1349,-6.6270986,107,-25.822092,prod4
1350,-5.8471465,107,-19.963732,prod4
1351,-6.2143564,107,-23.466888,prod4
1352,-5.6030865,107,-22.542519,prod4
1353,-5.5930734,231,-2.275844,prod4
1354,-5.4088435,231,-2.1453602,prod4
1355,-4.9656053,107,-17.404968,prod4
1356,-5.64757,107,-17.264267,prod4
1357,-5.2859297,107,-20.512533,prod4
1358,-4.861818,6,-24.100176,prod4
1359,-5.873044,6,-24.532555,prod4
1360,-4.621833,125,-22.064117,prod4
1361,-4.84969,125,-21.458063,prod4
1362,-4.509385,231,-1.4413842,prod4
1363,-5.047756,231,-1.8832643,prod4
1364,-4.6133304,231,-1.0669096,prod4
1365,-4.7067165,231,-1.5344481,prod4
1366,-4.8668623,231,-1.9020683,prod4
1367,-4.9662566,231,-1.7285303,prod4
1368,-4.918641,231,-1.5427169,prod4
1369,-5.6208677,231,-2.638566,prod4
1370,-5.1096134,231,-1.8028259,prod4
1371,-6.1160316,231,-3.2753427,prod4
1372,-5.461276,231,-2.178539,prod4
1373,-5.262289,231,-1.8638737,prod4
1374,-5.1213336,231,-1.953214,prod4
1375,-5.5509524,231,-2.2713284,prod4
1376,-5.5839825,231,-2.2562935,prod4
1377,-5.430445,231,-2.07971,prod4
1378,-5.9979424,231,-2.5784168,prod4
1379,-5.5845284,120,-22.458252,prod4
1380,-6.00533,231,-2.8243196,prod4
1381,-5.1200027,231,-2.2159667,prod4
1382,-5.239268,107,-23.552034,prod4
1383,-5.637001,231,-2.5386257,prod4
1384,-5.8650184,231,-2.8249693,prod4
1385,-5.7473216,120,-22.797365,prod4
1386,-5.476531,231,-2.331941,prod4
1387,-5.5289536,231,-2.7549942,prod4
1388,-5.9499598,231,-2.844668,prod4
1389,-5.7514725,231,-2.631372,prod4
1390,-4.941353,231,-1.3333957,prod4
1391,-5.3157406,231,-1.8223813,prod4
1392,-4.911072,231,-1.1686721,prod4
1393,-5.5228744,231,-1.7182531,prod4
1394,-5.185922,231,-1.5437982,prod4
1395,-5.6076336,231,-2.3218372,prod4
1396,-5.342822,231,-1.1302923,prod4
1397,-5.5518923,231,-1.297164,prod4
1398,-4.6468396,231,-0.59235895,prod4
1399,-5.518631,107,-21.757765,prod4
1400,-5.7073193,107,-23.316769,prod4
1401,-6.235165,231,-2.6915257,prod4
1402,-5.8088346,231,-2.7922897,prod4
1403,-6.13122,231,-2.973708,prod4
1404,-5.293166,231,-1.9379753,prod4
1405,-5.923952,231,-2.8862228,prod4
1406,-5.9032817,231,-2.8011062,prod4
1407,-5.284077,231,-2.267366,prod4
1408,-5.762638,231,-2.5896242,prod4
1409,-6.2449718,231,-2.932259,prod4
1410,-6.3544536,231,-3.8734155,prod4
1411,-6.3384743,231,-3.3183398,prod4
1412,-6.720135,231,-3.3004565,prod4
1413,-6.2991343,231,-2.8705397,prod4
1414,-6.851852,231,-3.518037,prod4
1415,-6.6934843,231,-3.4915333,prod4
1416,-5.917928,7,-23.986298,prod4
1417,-6.0447855,231,-2.5217755,prod4
1418,-5.894631,231,-2.8147845,prod4
1419,-5.8988566,231,-2.6114986,prod4
1420,-5.7859354,231,-2.4661984,prod4
1421,-6.4640474,7,-23.060478,prod4
1422,-6.930331,231,-3.755218,prod4
1423,-6.4006224,231,-2.9885547,prod4
1424,-6.536435,231,-3.2911143,prod4
1425,-6.526946,231,-3.565958,prod4
1426,-6.9368467,231,-3.535206,prod4
1427,-6.9061365,231,-3.6502476,prod4
1428,-6.9058423,231,-3.5689356,prod4
1429,-6.9722257,231,-3.8050346,prod4
1430,-6.302973,231,-3.22171,prod4
1431,-5.8722143,231,-2.3532746,prod4
1432,-6.089527,53,-22.722305,prod4
1433,-7.0961695,231,-3.7178662,prod4
1434,-6.7152367,231,-3.5068371,prod4
1435,-6.5101824,231,-3.3081408,prod4
1436,-6.7639837,231,-3.6914678,prod4
1437,-7.266188,231,-4.4090567,prod4
1438,-6.758749,231,-3.4501603,prod4
1439,-7.048551,231,-3.5616484,prod4
1440,-7.5472474,53,-23.60735,prod4
1441,-7.6160245,231,-4.255132,prod4
1442,-7.413085,231,-4.3730717,prod4
1443,-7.4019656,231,-3.9343963,prod4
1444,-7.7061744,231,-4.1090107,prod4
1445,-7.0698833,231,-2.7855325,prod4
1446,-6.9596,231,-3.6912684,prod4
1447,-7.857128,231,-4.4917088,prod4
1448,-7.5853333,231,-4.032094,prod4
1449,-8.019649,231,-4.662202,prod4
1450,-7.78378,231,-4.557335,prod4
1451,-8.3638,53,-23.724506,prod4
1452,-8.548003,231,-5.3302293,prod4
1453,-8.541884,231,-5.03657,prod4
1454,-8.749082,231,-6.0261083,prod4
1455,-8.876867,231,-5.3478045,prod4
1456,-8.286345,231,-4.936993,prod4
1457,-8.279481,231,-4.5284834,prod4
1458,-7.9405756,231,-4.466264,prod4
1459,-7.114088,231,-3.5898886,prod4
1460,-7.4253283,231,-4.0981426,prod4
1461,-7.935258,231,-4.2509246,prod4
1462,-7.7321367,231,-4.062534,prod4
1463,-8.036105,231,-4.6670427,prod4
1464,-9.337279,231,-5.6030674,prod4
1465,-9.19549,231,-6.0254135,prod4
1466,-8.275563,231,-4.983298,prod4
1467,-8.442298,231,-5.08515,prod4
1468,-8.80215,231,-5.704002,prod4
1469,-7.3977876,231,-3.9860466,prod4
1470,-7.447643,231,-4.2706428,prod4
1471,-6.9224224,231,-3.6257544,prod4
1472,-7.0788136,231,-3.7672892,prod4
1473,-7.134678,231,-3.8260756,prod4
1474,-6.2312746,231,-2.8632395,prod4
1475,-6.7420044,231,-3.2792552,prod4
1476,-6.916289,231,-3.2553167,prod4
1477,-6.8211064,231,-3.3197067,prod4
1478,-6.631693,231,-3.2283006,prod4
1479,-7.1046414,231,-3.677083,prod4
1480,-7.1999903,231,-3.6782358,prod4
1481,-7.108398,231,-4.2512403,prod4
1482,-6.5018415,231,-2.9854932,prod4
1483,-6.993972,217,11.980551,prod4
1484,-7.380841,217,13.005416,prod4
1485,-7.4100423,231,-4.0086393,prod4
1486,-7.6584826,120,-26.883924,prod4
1487,-7.824685,231,-4.7165246,prod4
1488,-7.353203,231,-4.2190905,prod4
1489,-7.884175,231,-4.421626,prod4
1490,-7.9612193,231,-4.4196215,prod4
1491,-7.7842717,231,-4.195999,prod4
1492,-8.2017565,231,-4.560236,prod4
1493,-8.41086,231,-5.370433,prod4
1494,-8.681288,146,-22.311798,prod4
1495,-8.72988,231,-4.613779,prod4
1496,-9.00183,231,-5.219003,prod4
1497,-8.612818,231,-5.5740147,prod4
1498,-8.966875,231,-5.5917835,prod4
1499,-9.363649,231,-6.3214445,prod4
1500,-8.904016,231,-5.719855,prod4
1501,-8.68161,231,-5.4120126,prod4
1502,-8.651322,231,-5.161301,prod4
1503,-8.224533,231,-5.0056734,prod4
1504,-8.208711,231,-5.0805073,prod4
1505,-7.629525,231,-4.644177,prod4
1506,-7.07827,231,-3.9937177,prod4
1507,-7.263451,231,-3.9147854,prod4
1508,-7.2766175,231,-3.810729,prod4
1509,-7.390745,231,-4.1708884,prod4
1510,-7.4973865,231,-4.236518,prod4
1511,-7.5884485,231,-4.4494824,prod4
1512,-8.214934,231,-5.0570803,prod4
1513,-7.7323585,231,-4.4851193,prod4
1514,-7.922079,145,12.309134,prod4
1515,-8.32962,146,-26.042315,prod4
1516,-8.490631,231,-5.1698933,prod4
1517,-7.995845,146,-24.33027,prod4
1518,-8.808139,146,-25.746714,prod4
1519,-8.274375,146,-25.981438,prod4
1520,-9.00301,146,-22.901834,prod4
1521,-8.957169,146,-22.932009,prod4
1522,-9.0864315,146,-21.332264,prod4
1523,-8.922353,146,-23.807537,prod4
1524,-9.024263,146,-27.977497,prod4
1525,-8.642257,146,-26.065397,prod4
1526,-9.096295,231,-5.9351273,prod4
1527,-9.019133,231,-6.102869,prod4
1528,-8.6426525,231,-5.1344485,prod4
1529,-8.860191,231,-5.046429,prod4
1530,-9.091679,231,-6.2393527,prod4
1531,-9.520464,231,-6.4969916,prod4
1532,-9.393187,231,-6.4390445,prod4
1533,-10.446424,231,-7.4991374,prod4
1534,-10.55953,231,-7.8547826,prod4
1535,-9.718009,231,-6.880883,prod4
1536,-9.48224,231,-6.655314,prod4
1537,-9.420317,231,-6.457925,prod4
1538,-10.067905,231,-7.3103848,prod4
1539,-9.375855,231,-6.3281045,prod4
1540,-9.821646,231,-6.870088,prod4
1541,-10.521363,231,-7.640597,prod4
1542,-10.90454,231,-7.394056,prod4
1543,-10.673847,231,-7.7404137,prod4
1544,-10.92937,231,-7.696354,prod4
1545,-11.22604,231,-8.045533,prod4
1546,-11.827349,231,-8.969435,prod4
1547,-11.658011,231,-8.528924,prod4
1548,-11.373236,231,-8.025529,prod4
1549,-11.186218,231,-8.265637,prod4
1550,-11.569195,231,-8.805097,prod4
1551,-11.573328,231,-8.401174,prod4
1552,-11.025918,231,-8.105113,prod4
1553,-10.650679,142,-28.562216,prod4
1554,-11.276742,142,-26.71152,prod4
1555,-11.246626,231,-7.9910407,prod4
1556,-11.8686695,231,-8.471736,prod4
1557,-11.419907,231,-8.451955,prod4
1558,-11.282613,231,-8.138125,prod4
1559,-10.899948,231,-7.740033,prod4
1560,-10.865974,142,-29.11667,prod4
1561,-10.885026,142,-30.357805,prod4
1562,-11.492523,231,-8.337914,prod4
1563,-10.091046,231,-6.8059087,prod4
1564,-10.252378,142,-28.542408,prod4
1565,-9.990228,142,-27.184338,prod4
1566,-10.508305,142,-23.469732,prod4
1567,-9.369134,231,-6.244575,prod4
1568,-9.331107,231,-6.2017107,prod4
1569,-9.617949,231,-6.5442657,prod4
1570,-9.73417,231,-6.6735125,prod4
1571,-9.097774,231,-6.1181736,prod4
1572,-9.703565,231,-6.670065,prod4
1573,-9.915198,231,-6.6316586,prod4
1574,-9.566465,231,-6.33563,prod4
1575,-9.228087,231,-6.1575346,prod4
1576,-8.810415,231,-5.6111603,prod4
1577,-8.745379,231,-5.772959,prod4
1578,-9.367632,231,-6.247659,prod4
1579,-8.921342,231,-5.8635607,prod4
1580,-9.536135,231,-6.493604,prod4
1581,-9.655636,231,-6.3478928,prod4
1582,-8.997323,231,-5.7356577,prod4
1583,-9.698262,231,-6.5144334,prod4
1584,-8.633674,231,-5.5582075,prod4
1585,-9.187781,231,-6.5803957,prod4
1586,-9.053906,53,-26.026049,prod4
1587,-9.224493,53,-25.931692,prod4
1588,-9.640743,53,-26.597763,prod4
1589,-9.104609,53,-24.761847,prod4
1590,-9.220561,231,-6.069822,prod4
1591,-9.1402855,53,-25.412714,prod4
1592,-8.901333,53,-25.374788,prod4
1593,-8.832147,231,-5.708528,prod4
1594,-8.331136,53,-25.577621,prod4
1595,-9.459251,231,-6.410211,prod4
1596,-8.909921,231,-5.7840323,prod4
1597,-9.391219,231,-6.746187,prod4
1598,-9.203531,231,-6.1131425,prod4
1599,-8.490628,231,-5.7616744,prod4
1600,-8.62145,231,-5.539171,prod5
1601,-8.2500305,231,-5.4271255,prod5
1602,-8.71362,231,-6.033481,prod5
1603,-8.815394,231,-5.942519,prod5
1604,-8.408454,231,-5.30398,prod5
1605,-8.489282,231,-5.5758705,prod5
1606,-8.788164,231,-6.0391493,prod5
1607,-9.073725,231,-6.0144873,prod5
1608,-8.810195,231,-5.944036,prod5
1609,-8.429032,231,-5.6639805,prod5
1610,-8.832147,231,-5.7783537,prod5
1611,-9.141976,231,-5.870915,prod5
1612,-8.486193,231,-5.611659,prod5
1613,-8.245233,231,-5.2467823,prod5
1614,-7.975819,231,-5.105492,prod5
1615,-8.007799,231,-4.948596,prod5
1616,-8.237613,231,-5.119462,prod5
1617,-8.8904,231,-5.4026637,prod5
1618,-8.757724,231,-5.851779,prod5
1619,-8.246471,231,-4.8608494,prod5
1620,-8.695808,231,-5.849543,prod5
1621,-8.245228,231,-5.203512,prod5
1622,-8.847095,231,-5.3939037,prod5
1623,-8.160524,231,-4.7592964,prod5
1624,-8.252307,231,-5.028553,prod5
1625,-8.025509,231,-4.9254284,prod5
1626,-8.440858,231,-5.268231,prod5
1627,-8.216031,231,-5.1469398,prod5
1628,-8.607018,231,-5.194946,prod5
1629,-8.190605,231,-4.7601085,prod5
1630,-8.616833,231,-5.4079423,prod5
1631,-8.43945,231,-5.3974185,prod5
1632,-8.689604,231,-5.664686,prod5
1633,-9.391521,231,-6.1698556,prod5
1634,-8.787179,231,-5.623212,prod5
1635,-9.373418,231,-6.2167706,prod5
1636,-8.662703,231,-5.3978605,prod5
1637,-8.90754,231,-5.9559474,prod5
1638,-8.32977,182,-23.572958,prod5
1639,-8.872415,182,-26.614887,prod5
1640,-8.503911,182,-23.01719,prod5
1641,-8.043017,182,-18.31879,prod5
1642,-8.241656,182,-19.766645,prod5
1643,-7.4403353,182,-21.492641,prod5
1644,-7.6254654,182,-22.630804,prod5
1645,-7.743644,182,-24.001501,prod5
1646,-7.326253,231,-4.0479836,prod5
1647,-7.3278193,231,-4.182655,prod5
1648,-7.3977737,231,-4.6500454,prod5
1649,-7.1456366,231,-4.6636705,prod5
1650,-6.7843723,231,-4.1227117,prod5
1651,-7.05639,231,-4.472601,prod5
1652,-7.1601343,154,-23.986658,prod5
1653,-7.5186453,19,-18.120167,prod5
1654,-6.614929,19,-21.912703,prod5
1655,-7.705931,19,-25.108818,prod5
1656,-7.128214,19,-24.779243,prod5
1657,-7.227264,19,-24.331549,prod5
1658,-7.417718,231,-4.4393573,prod5
1659,-7.637014,19,-19.005104,prod5
1660,-8.124366,19,-20.777082,prod5
1661,-7.416807,231,-4.503761,prod5
1662,-6.7375307,231,-3.9002292,prod5
1663,-7.0979652,231,-3.9710195,prod5
1664,-7.038834,231,-4.0688334,prod5
1665,-6.5766225,231,-3.6295567,prod5
1666,-6.693784,154,-21.744774,prod5
1667,-5.995101,231,-3.1063766,prod5
1668,-6.8012147,154,-22.128786,prod5
1669,-7.125928,231,-3.9848444,prod5
1670,-6.534926,154,-23.320583,prod5
1671,-6.671123,154,-22.53358,prod5
1672,-7.3281507,231,-4.2881646,prod5
1673,-7.3718414,231,-4.353079,prod5
1674,-7.687836,154,-24.070782,prod5
1675,-7.2940392,154,-25.314684,prod5
1676,-7.3759794,231,-4.1867743,prod5
1677,-6.4809413,231,-3.5367935,prod5
1678,-6.6337304,231,-3.2845943,prod5
1679,-5.778302,231,-2.5832975,prod5
1680,-6.6255493,231,-3.88817,prod5
1681,-7.0794373,19,-22.911844,prod5
1682,-6.90194,19,-23.669542,prod5
1683,-7.099289,19,-19.759096,prod5
1684,-7.2664523,19,-19.902803,prod5
1685,-7.555377,19,-21.60139,prod5
1686,-7.8328342,19,-22.721664,prod5
1687,-8.233594,231,-5.364993,prod5
1688,-8.426029,19,-23.39241,prod5
1689,-8.221081,231,-5.2088313,prod5
1690,-7.896954,231,-4.8970165,prod5
1691,-7.704145,231,-4.647787,prod5
1692,-7.279226,231,-4.594612,prod5
1693,-7.6153817,231,-4.432107,prod5
1694,-7.783948,231,-4.7903223,prod5
1695,-7.852269,231,-4.967791,prod5
1696,-7.1376667,231,-4.246735,prod5
1697,-7.0720615,19,-20.243843,prod5
1698,-6.6620255,19,-14.891345,prod5
1699,-7.0259995,19,-15.079419,prod5
1700,-6.646798,19,-20.923355,prod5
1701,-6.3941894,231,-3.70656,prod5
1702,-6.598504,127,-20.382977,prod5
1703,-7.1532845,19,-26.150387,prod5
1704,-7.1979795,127,-22.986654,prod5
1705,-7.135753,127,-22.935385,prod5
1706,-6.808493,231,-3.9197516,prod5
1707,-6.3223443,231,-3.8487341,prod5
1708,-6.134769,231,-2.9533746,prod5
1709,-6.7338023,231,-4.026329,prod5
1710,-7.2044373,127,-26.18139,prod5
1711,-7.0753403,231,-3.9699357,prod5
1712,-6.856466,231,-4.18285,prod5
1713,-6.4638333,231,-3.2125301,prod5
1714,-5.6306877,127,-21.876461,prod5
1715,-6.005886,19,-21.584816,prod5
1716,-6.2289114,19,-24.075382,prod5
1717,-6.1849594,127,-14.608076,prod5
1718,-6.896353,19,-24.331512,prod5
1719,-6.525843,19,-22.424252,prod5
1720,-7.229368,127,-14.992699,prod5
1721,-8.1130705,127,-15.507541,prod5
1722,-7.8006005,127,-18.28337,prod5
1723,-8.741298,127,-17.653105,prod5
1724,-7.5954914,19,-23.884914,prod5
1725,-7.7045693,19,-19.826748,prod5
1726,-7.6931667,19,-20.24309,prod5
1727,-6.822168,19,-20.9023,prod5
1728,-7.1791983,127,-17.072542,prod5
1729,-6.4345093,127,-13.968243,prod5
1730,-5.849862,127,-17.52962,prod5
1731,-5.943885,127,-20.128176,prod5
1732,-5.9538627,231,-3.0119107,prod5
1733,-5.932862,127,-16.971401,prod5
1734,-5.662134,63,-23.42492,prod5
1735,-6.0362725,127,-17.932367,prod5
1736,-6.187224,63,-21.249517,prod5
1737,-5.7777886,63,-22.55643,prod5
1738,-5.915889,63,-19.469671,prod5
1739,-5.54155,63,-19.849104,prod5
1740,-6.1474385,127,-18.236292,prod5
1741,-5.7985134,63,-20.52985,prod5
1742,-5.9155073,127,-21.953299,prod5
1743,-5.7975965,127,-23.064766,prod5
1744,-6.434343,127,-19.441086,prod5
1745,-6.1065273,127,-18.997452,prod5
1746,-6.1920576,127,-20.367846,prod5
1747,-6.390058,231,-3.12919,prod5
1748,-6.2950683,127,-22.506105,prod5
1749,-6.4511657,127,-17.614422,prod5
1750,-6.349045,127,-19.015064,prod5
1751,-5.743612,127,-16.778582,prod5
1752,-6.5022745,127,-18.61287,prod5
1753,-6.302088,127,-21.508467,prod5
1754,-6.330125,127,-18.99473,prod5
1755,-6.159333,231,-2.454222,prod5
1756,-6.422063,231,-3.2011657,prod5
1757,-6.3228183,231,-2.6910496,prod5
1758,-5.714077,231,-2.4235244,prod5
1759,-5.464514,231,-3.1661863,prod5
1760,-6.353237,127,-22.67122,prod5
1761,-5.786102,127,-21.83939,prod5
1762,-6.4243674,127,-18.325922,prod5
1763,-5.6355033,127,-15.190367,prod5
1764,-6.7303653,127,-18.602442,prod5
1765,-6.4330964,127,-21.927668,prod5
1766,-6.672871,127,-22.951338,prod5
1767,-6.7023287,127,-24.459705,prod5
1768,-6.426453,127,-20.987478,prod5
1769,-6.2339826,127,-25.045467,prod5
1770,-5.841036,231,-3.835521,prod5
1771,-6.5479994,231,-5.119021,prod5
1772,-6.153269,231,-4.752932,prod5
1773,-5.3336196,127,-20.309565,prod5
1774,-6.2414975,127,-17.894243,prod5
1775,-6.485086,127,-21.766066,prod5
1776,-6.560572,231,-4.809163,prod5
1777,-6.8772163,231,-5.663812,prod5
1778,-6.3976593,231,-3.6968203,prod5
1779,-6.4208226,231,-3.8435938,prod5
1780,-5.8086476,231,-3.5541084,prod5
1781,-6.5466948,231,-4.824726,prod5
1782,-6.76442,231,-5.3934956,prod5
1783,-6.629066,231,-5.0430484,prod5
1784,-6.4325476,231,-5.0419474,prod5
1785,-6.822904,127,-21.981413,prod5
1786,-5.948977,231,-4.5673847,prod5
1787,-5.9494696,231,-4.4217825,prod5
1788,-6.5117383,231,-5.2969637,prod5
1789,-6.7510805,231,-5.392065,prod5
1790,-6.0783224,231,-4.660346,prod5
1791,-6.2061872,231,-5.0057516,prod5
1792,-5.9119563,231,-4.5508657,prod5
1793,-5.6275663,231,-4.259517,prod5
1794,-5.255367,231,-3.337469,prod5
1795,-5.982132,231,-4.15076,prod5
1796,-5.1567936,231,-3.4671435,prod5
1797,-5.4777756,231,-3.7636697,prod5
1798,-5.6447988,231,-4.4242234,prod5
1799,-5.936362,231,-4.801903,prod5
1800,-6.35168,127,-24.412071,prod5
1801,-5.707927,127,-21.928112,prod5
1802,-5.9299607,231,-4.2126694,prod5
1803,-5.9196935,231,-4.1557255,prod5
1804,-5.9761353,231,-4.506293,prod5
1805,-5.5671372,231,-3.8354125,prod5
1806,-5.119269,127,-20.008303,prod5
1807,-5.834058,231,-4.1812496,prod5
1808,-6.0349717,231,-4.420509,prod5
1809,-6.4741497,231,-5.169997,prod5
1810,-6.289526,231,-5.164727,prod5
1811,-6.436806,231,-5.065748,prod5
1812,-6.2482586,231,-4.9035754,prod5
1813,-6.6692843,231,-5.150025,prod5
1814,-7.265896,231,-6.033969,prod5
1815,-6.759827,231,-5.5510783,prod5
1816,-6.4743357,231,-5.2768164,prod5
1817,-6.6738734,231,-5.204026,prod5
1818,-6.930116,231,-5.5766034,prod5
1819,-6.2785816,19,-20.3223,prod5
1820,-7.594031,19,-23.15722,prod5
1821,-7.5037518,231,-6.2382503,prod5
1822,-7.1931205,231,-5.77232,prod5
1823,-7.1924434,231,-5.798729,prod5
1824,-7.154576,231,-6.1125245,prod5
1825,-7.351435,231,-5.823483,prod5
1826,-7.277154,231,-5.876776,prod5
1827,-7.1492615,231,-5.999209,prod5
1828,-6.5981,231,-4.9352813,prod5
1829,-6.4528666,231,-5.2475533,prod5
1830,-6.9835615,231,-5.4275084,prod5
1831,-6.6876063,231,-5.3616476,prod5
1832,-7.203855,231,-5.8417397,prod5
1833,-6.509506,231,-5.402031,prod5
1834,-6.247377,19,-25.702713,prod5
1835,-6.7537827,19,-23.62646,prod5
1836,-6.876019,19,-21.72503,prod5
1837,-7.0008345,231,-5.6495786,prod5
1838,-6.771958,231,-5.080099,prod5
1839,-6.650698,231,-4.8993254,prod5
1840,-6.578139,19,-24.037123,prod5
1841,-6.9948077,19,-21.742485,prod5
1842,-6.1545997,19,-19.626215,prod5
1843,-6.074099,19,-20.900562,prod5
1844,-6.181132,19,-20.373995,prod5
1845,-6.328838,231,-4.4482327,prod5
1846,-6.1169395,231,-4.682248,prod5
1847,-5.7970066,231,-4.3410435,prod5
1848,-6.477377,19,-22.39053,prod5
1849,-6.0886297,231,-4.9456806,prod5
1850,-6.7250776,231,-5.2480435,prod5
1851,-7.415134,231,-5.9834805,prod5
1852,-7.4149227,231,-6.0247736,prod5
1853,-7.9174237,231,-6.741613,prod5
1854,-7.617051,231,-6.054705,prod5
1855,-6.6129165,231,-5.0792375,prod5
1856,-7.0261497,19,-22.609219,prod5
1857,-7.5972857,231,-6.0888133,prod5
1858,-7.475535,231,-6.1735635,prod5
1859,-7.4917603,231,-6.331622,prod5
1860,-7.4970274,231,-6.0576124,prod5
1861,-7.765378,231,-6.3145432,prod5
1862,-8.142724,231,-7.1014037,prod5
1863,-8.073357,231,-6.3667917,prod5
1864,-7.7155886,231,-6.1535354,prod5
1865,-7.788561,105,-18.704048,prod5
1866,-7.1700363,105,-22.241995,prod5
1867,-7.264516,105,-26.3435,prod5
1868,-6.9870977,231,-5.5329876,prod5
1869,-7.548733,231,-5.864696,prod5
1870,-7.000744,105,-22.661207,prod5
1871,-6.335063,231,-4.7192154,prod5
1872,-7.39204,231,-6.074967,prod5
1873,-6.789594,231,-5.198904,prod5
1874,-7.1023445,231,-5.979204,prod5
1875,-7.4827704,231,-5.8759522,prod5
1876,-7.4255385,231,-6.2133145,prod5
1877,-7.7521143,231,-6.458564,prod5
1878,-7.424538,231,-6.046133,prod5
1879,-7.752838,231,-6.323538,prod5
1880,-8.067993,231,-6.8854165,prod5
1881,-7.66671,231,-6.452776,prod5
1882,-6.96873,231,-5.778046,prod5
1883,-6.78375,231,-5.3256044,prod5
1884,-6.347928,231,-5.0447373,prod5
1885,-6.293613,231,-4.7831817,prod5
1886,-6.9382114,231,-5.683231,prod5
1887,-7.57953,231,-6.1485767,prod5
1888,-7.1907225,231,-5.648662,prod5
1889,-6.761781,231,-5.679045,prod5
1890,-6.892735,231,-5.141468,prod5
1891,-6.7173986,231,-5.2817674,prod5
1892,-6.927121,231,-5.670843,prod5
1893,-6.0587425,231,-4.809659,prod5
1894,-6.758713,231,-5.595103,prod5
1895,-7.250136,231,-5.939177,prod5
1896,-7.784279,213,-23.79312,prod5
1897,-7.270757,231,-5.7718396,prod5
1898,-7.6451573,231,-6.2893214,prod5
1899,-7.241459,231,-6.0258255,prod5
1900,-8.098263,231,-6.608421,prod5
1901,-7.4298306,19,-25.70907,prod5
1902,-7.614876,19,-23.216122,prod5
1903,-7.60152,231,-6.338193,prod5
1904,-7.7707825,19,-22.729233,prod5
1905,-7.9517436,231,-6.411617,prod5
1906,-8.137208,231,-6.9028926,prod5
1907,-8.115778,231,-6.5440984,prod5
1908,-7.8565273,231,-6.591149,prod5
1909,-7.884792,231,-6.762088,prod5
1910,-7.3831134,231,-5.8992915,prod5
1911,-7.610327,231,-5.914415,prod5
1912,-7.738268,231,-6.302602,prod5
1913,-7.882929,231,-6.2075872,prod5
1914,-7.4242496,231,-5.742255,prod5
1915,-7.858148,231,-6.4750223,prod5
1916,-7.8998003,231,-6.3750687,prod5
1917,-8.191544,231,-6.689213,prod5
1918,-8.110313,131,-22.850601,prod5
1919,-7.886325,213,-23.435152,prod5
1920,-7.6080995,213,-21.993107,prod5
1921,-7.1678357,213,-24.234104,prod5
1922,-7.7617936,231,-6.2696085,prod5
1923,-7.878256,131,-23.71266,prod5
1924,-7.570047,131,-24.901798,prod5
1925,-8.162801,131,-22.952368,prod5
1926,-7.454211,131,-23.733393,prod5
1927,-8.10515,131,-19.488857,prod5
1928,-7.6432033,131,-22.415638,prod5
1929,-7.7383904,131,-18.453115,prod5
1930,-7.7775803,16,11.178931,prod5
1931,-7.895231,131,-14.181962,prod5
1932,-7.3242846,131,-19.821362,prod5
1933,-6.7040167,131,-20.680304,prod5
1934,-7.119797,16,13.123194,prod5
1935,-7.4375987,16,10.594904,prod5
1936,-7.6178203,16,11.055308,prod5
1937,-7.9798355,231,-6.579515,prod5
1938,-7.56905,231,-5.987534,prod5
1939,-7.422551,231,-6.1852584,prod5
1940,-8.674488,231,-7.3521852,prod5
1941,-7.8150873,16,7.7652903,prod5
1942,-8.14056,16,5.471939,prod5
1943,-7.8479934,16,4.2802687,prod5
1944,-7.433758,16,5.1782627,prod5
1945,-8.24542,16,5.2668223,prod5
1946,-8.482258,16,2.075291,prod5
1947,-8.132529,16,2.5324004,prod5
1948,-9.443241,16,0.5227073,prod5
1949,-8.711728,16,2.3663695,prod5
1950,-9.174473,16,1.3741571,prod5
1951,-8.42213,16,3.6250086,prod5
1952,-8.289439,16,6.233105,prod5
1953,-8.89408,16,7.5227766,prod5
1954,-9.146144,16,8.117234,prod5
1955,-8.831501,16,5.9853935,prod5
1956,-8.312569,16,6.801977,prod5
1957,-8.634474,16,11.286857,prod5
1958,-8.942469,16,9.625448,prod5
1959,-8.672055,16,9.870281,prod5
1960,-8.908254,19,-22.808973,prod5
1961,-7.9480915,16,10.601764,prod5
1962,-7.5792565,16,10.795047,prod5
1963,-8.493377,16,10.632769,prod5
1964,-8.48351,19,-24.986149,prod5
1965,-8.219104,16,11.469709,prod5
1966,-8.663691,16,7.0672607,prod5
1967,-8.141882,16,8.592559,prod5
1968,-8.249743,16,10.130465,prod5
1969,-8.580042,16,7.283393,prod5
1970,-8.252425,16,6.9312563,prod5
1971,-8.880591,16,10.267898,prod5
1972,-9.239361,231,-7.751564,prod5
1973,-8.675655,231,-6.188978,prod5
1974,-8.668251,231,-7.396051,prod5
1975,-9.29019,231,-7.5593276,prod5
1976,-9.37209,231,-7.09689,prod5
1977,-9.986888,231,-8.518547,prod5
1978,-9.775699,231,-8.288489,prod5
1979,-9.362722,231,-8.069393,prod5
1980,-9.988979,231,-8.750703,prod5
1981,-9.384228,231,-7.602804,prod5
1982,-8.798547,231,-6.8028216,prod5
1983,-8.815459,231,-6.8605757,prod5
1984,-8.64593,231,-6.8701615,prod5
1985,-8.279828,231,-7.002248,prod5
1986,-8.414182,231,-7.079031,prod5
1987,-8.639288,231,-7.1746817,prod5
1988,-8.652338,231,-7.311426,prod5
1989,-8.552873,231,-7.4452114,prod5
1990,-9.883011,231,-8.531854,prod5
1991,-8.794693,231,-7.2130013,prod5
1992,-9.017698,231,-7.199802,prod5
1993,-8.460212,231,-7.0119863,prod5
1994,-8.346387,231,-6.5603347,prod5
1995,-9.118311,231,-7.8926883,prod5
1996,-9.050257,231,-7.501471,prod5
1997,-10.084653,231,-8.638407,prod5
1998,-10.536492,231,-9.130455,prod5
1999,-10.782968,231,-9.241822,prod5
