tIC1,tIC2,tIC3,tIC4,tIC5,tIC6,tIC7,tIC8,tIC9,tIC10,tIC11,tIC12,tIC13,tIC14,tIC15,tIC16,tIC17,tIC18,tIC19,tIC20,tIC21,tIC22,tIC23,tIC24,tIC25,tIC26,tIC27,tIC28,tIC29,tIC30,tIC31,tIC32,tIC33,tIC34,tIC35,tIC36,tIC37,tIC38,tIC39,tIC40,tIC41,tIC42,tIC43
-0.77,0.13,-2.06,2.04,0.41,0.11,0.07,1.73,-0.87,-0.62,2.28,1.0,0.13,0.76,-0.62,-0.43,0.65,0.99,-0.36,0.16,-0.07,0.38,-0.14,-0.05,-0.1,-0.0,-0.66,0.26,0.04,0.18,0.3,0.09,-0.1,-0.12,0.03,-0.1,0.01,-0.27,-0.12,0.22,0.0,-0.02,0.0
-0.82,0.13,-2.43,1.87,0.86,-0.16,0.36,1.91,-0.12,-0.25,0.85,0.36,0.06,0.38,-0.0,-0.33,0.3,0.38,-0.58,0.25,0.12,0.17,0.44,0.04,-0.46,0.1,-0.47,0.26,-0.03,0.27,0.07,0.23,-0.19,0.03,-0.62,-0.01,-0.17,-0.05,0.06,-0.1,0.26,-0.06,-0.09
-0.96,0.04,-2.45,1.87,1.23,-0.32,0.22,1.88,-0.31,0.06,1.95,1.06,0.06,-0.33,-0.72,-0.39,0.68,0.47,-0.54,0.14,0.08,-0.01,-0.28,0.34,-0.47,0.2,0.49,0.65,0.01,0.01,-0.12,0.17,-0.18,-0.07,0.01,-0.08,-0.09,0.07,0.04,-0.19,-0.24,0.06,0.03
-0.68,0.25,-2.34,1.21,0.39,-0.12,1.12,1.76,-0.0,0.33,1.06,0.5,-0.5,0.42,0.13,0.2,-0.14,-0.66,-0.58,-0.53,0.47,0.53,0.2,0.46,0.09,-0.08,-0.23,-0.06,0.07,0.16,0.15,0.22,-0.08,0.25,-0.14,-0.27,-0.16,0.12,0.11,0.05,-0.03,0.08,-0.01
-0.61,-0.03,-2.11,1.68,0.93,-0.31,1.29,1.95,-0.56,-0.25,0.72,-0.17,-0.31,-0.21,-0.15,-0.01,0.6,-0.25,-1.02,-0.3,0.03,0.5,0.35,0.37,-0.22,-0.06,-0.03,0.29,0.0,-0.18,0.02,-0.11,-0.09,0.01,-0.17,-0.04,-0.16,0.02,0.11,0.27,-0.11,0.08,-0.11
-0.58,0.22,-2.8,1.77,0.6,-0.19,1.3,2.13,-0.99,-0.67,1.37,0.65,-0.53,0.07,-0.58,-0.45,0.69,0.05,-0.06,-0.42,-0.37,-0.64,0.34,0.25,-0.52,-0.29,-0.46,0.63,0.22,0.04,-0.02,0.21,0.35,-0.13,0.13,0.34,-0.44,-0.13,0.01,0.09,-0.06,0.01,-0.12
-0.52,0.0,-2.69,1.7,0.01,0.01,1.22,1.97,-1.02,-0.42,1.12,0.97,-0.46,0.16,0.19,0.1,0.8,-0.73,-0.27,-1.02,0.2,-0.63,1.08,-0.12,-0.42,0.32,-0.51,0.19,0.28,-0.33,-0.02,0.21,0.03,-0.31,-0.25,-0.11,-0.36,0.24,-0.13,0.17,-0.01,0.04,-0.17
-0.68,0.48,-2.66,1.6,0.2,-0.22,1.38,1.72,-0.86,-0.51,0.44,0.73,0.24,0.52,0.07,0.42,0.74,-0.23,-0.63,-0.19,0.4,0.2,0.3,0.36,-0.33,0.17,-0.32,-0.05,-0.02,0.05,-0.09,-0.04,-0.27,-0.04,-0.21,-0.07,-0.21,-0.08,0.01,0.28,-0.15,-0.03,0.06
-0.74,0.36,-2.56,1.01,-0.05,0.58,1.29,1.16,-0.56,-0.37,0.81,0.0,-0.18,0.34,-0.07,-0.21,0.11,-0.02,0.22,-0.58,0.66,-0.12,-0.17,0.29,-0.8,-0.45,-0.19,0.15,0.01,-0.02,0.39,-0.12,0.05,0.12,-0.21,0.0,-0.06,0.14,0.02,0.04,0.0,-0.01,0.01
-0.62,0.33,-2.3,1.87,-0.12,0.18,1.14,1.44,-0.79,-1.13,0.76,0.84,0.49,1.31,0.39,0.51,0.39,-1.02,-0.15,0.16,0.28,-0.33,0.39,-0.02,-0.31,-0.09,-0.31,0.36,0.28,0.14,-0.16,-0.35,-0.16,-0.21,-0.09,0.24,-0.22,-0.16,-0.04,0.11,-0.0,0.12,0.05
-0.52,0.5,-2.74,1.38,-0.43,0.11,2.43,1.73,0.18,-0.6,1.13,0.47,-0.5,1.04,0.53,0.69,0.39,-0.65,-0.22,0.06,0.49,0.22,0.57,0.52,-0.36,-0.32,0.29,-0.05,0.07,-0.11,0.16,-0.06,-0.11,0.05,-0.08,-0.06,-0.04,-0.08,0.05,0.16,-0.11,-0.05,-0.04
-0.64,0.47,-2.87,1.28,-0.2,-0.58,1.78,1.17,0.08,0.0,1.9,0.98,0.19,0.8,-0.46,1.69,-0.39,-0.77,0.48,-0.68,-0.09,0.07,0.39,0.06,-0.08,0.22,-0.12,0.21,0.07,0.1,-0.13,-0.16,0.08,-0.5,0.13,-0.29,0.09,-0.01,0.28,0.02,-0.06,0.1,-0.05
-0.6,0.28,-2.74,1.63,-0.92,0.1,1.73,2.02,-0.54,-0.8,1.3,0.49,-0.07,0.52,0.23,0.25,0.27,-0.07,-0.81,0.23,0.58,0.62,0.08,0.2,-0.16,-0.38,-0.06,0.0,-0.05,0.14,-0.22,0.09,-0.18,0.13,-0.06,-0.05,-0.16,-0.19,-0.1,0.01,-0.06,-0.01,-0.06
-0.73,0.54,-2.97,1.42,-0.36,0.06,2.19,1.83,-1.05,0.16,1.06,0.81,-0.18,0.74,0.14,0.89,-0.15,-0.79,-0.13,-0.73,0.66,0.32,-0.01,0.22,0.15,0.18,-0.14,0.43,-0.15,0.08,-0.3,-0.0,-0.13,0.0,-0.06,-0.07,-0.1,-0.31,0.23,0.1,-0.2,0.02,0.05
-0.68,0.08,-2.4,1.55,0.33,0.08,0.78,1.89,-0.51,-0.76,0.67,0.18,0.21,0.29,0.09,0.6,0.03,-1.39,0.4,-0.73,0.54,-0.23,0.64,0.1,-0.7,0.23,-0.32,0.39,-0.01,0.07,0.07,-0.31,-0.15,-0.32,-0.09,-0.09,-0.25,0.13,-0.08,0.09,-0.13,0.02,0.11
-0.77,0.35,-2.64,1.63,0.73,-0.27,1.17,2.27,-0.02,-0.79,1.61,0.08,-0.5,0.48,0.08,0.09,0.29,-0.43,-0.27,-0.19,0.33,-0.25,0.18,-0.19,-0.58,-0.16,-0.33,0.36,0.13,-0.14,-0.12,-0.37,-0.31,0.12,0.04,-0.09,0.1,0.18,0.09,-0.08,0.03,0.07,0.04
-0.57,-0.07,-1.67,1.72,0.71,0.07,0.26,1.81,-0.88,-0.61,0.84,0.75,-0.23,-0.08,-0.3,-0.3,0.32,-0.34,-0.6,-0.58,0.04,-0.29,0.38,0.52,-0.13,-0.37,0.3,0.89,0.42,-0.06,-0.58,-0.09,0.23,-0.07,-0.13,-0.07,0.06,-0.06,-0.12,-0.22,0.09,0.02,0.04
-0.7,-0.21,-2.0,2.26,0.38,-0.0,0.45,2.53,0.01,-0.09,1.56,0.42,0.16,-0.36,0.08,0.38,0.09,0.19,-0.87,-0.36,0.35,-0.08,0.24,-0.15,-0.08,-0.04,-0.1,-0.05,0.35,0.54,-0.12,-0.22,0.01,-0.23,0.03,-0.11,-0.05,-0.04,-0.18,-0.19,0.07,-0.02,0.01
-0.51,0.49,-2.94,2.03,0.15,0.18,1.59,2.08,0.15,-0.13,1.22,0.55,-0.33,-0.65,-0.18,0.15,0.27,0.69,0.03,0.07,0.79,-0.16,-0.21,-0.26,-0.58,-0.19,-0.22,0.35,0.1,0.56,0.13,0.11,0.05,0.08,-0.08,0.1,0.2,-0.02,-0.07,-0.21,0.13,0.09,-0.04
-0.69,0.03,-2.32,0.94,0.2,-0.16,1.12,1.68,0.21,-0.42,0.68,-0.01,-0.45,0.17,0.4,0.6,0.14,-0.37,0.27,-0.36,0.05,0.04,0.21,-0.12,-0.24,-0.31,-0.11,-0.08,-0.07,0.11,-0.08,-0.26,-0.49,0.23,-0.09,-0.22,-0.01,-0.09,0.08,-0.08,0.05,0.0,-0.05
-0.82,0.34,-2.11,1.12,0.49,-0.46,0.83,1.39,-0.04,-0.25,0.62,0.47,-0.15,0.16,-0.17,0.11,-0.3,-0.04,-0.62,-0.61,0.2,0.57,0.02,0.3,-0.21,-0.23,-0.54,-0.06,-0.31,0.23,0.26,-0.05,-0.24,0.07,-0.2,-0.34,-0.01,-0.1,0.13,-0.15,-0.15,-0.13,0.08
-0.75,0.77,-2.58,1.38,0.3,-0.55,1.45,1.51,0.08,-0.03,1.34,1.22,-0.27,0.15,-0.54,0.26,-0.06,1.15,-0.28,-0.32,-0.07,0.44,-0.51,0.64,0.24,0.17,-0.54,0.26,0.18,0.41,0.08,-0.08,0.01,0.17,-0.37,-0.21,0.04,-0.16,-0.04,-0.04,-0.07,0.12,0.05
-0.97,0.48,-2.59,0.54,-0.02,-0.42,1.32,1.25,-0.12,0.13,1.59,0.3,-0.43,0.56,-0.04,0.31,-0.32,-0.24,-0.37,-0.81,0.09,0.16,-0.42,-0.23,-0.0,0.26,-0.46,-0.16,-0.01,0.04,0.14,-0.11,0.03,0.09,0.03,0.11,-0.01,0.02,0.18,-0.13,0.01,0.12,-0.07
-0.81,0.31,-2.34,0.96,-0.18,-0.51,1.9,1.64,-0.3,-0.31,0.84,0.56,-0.23,0.12,0.34,0.17,-0.0,-0.15,-0.32,-1.01,0.51,0.7,-0.15,-0.04,0.08,-0.39,0.74,0.09,-0.45,0.1,-0.23,-0.16,0.09,-0.02,-0.24,-0.21,0.02,0.01,0.19,0.22,0.14,-0.11,0.02
-0.53,0.98,-2.47,1.71,-0.27,-0.05,1.24,2.27,-0.71,-0.83,1.11,-0.39,0.51,0.19,-0.36,1.1,1.21,-0.78,-0.55,-0.22,0.44,-0.19,-0.09,0.01,1.04,0.91,0.55,0.71,0.83,0.23,0.3,-0.49,-0.36,-0.44,-0.38,0.61,0.1,-0.53,0.22,0.07,0.13,0.07,-0.02
-0.77,0.76,-2.83,0.82,0.08,-0.0,1.33,0.82,-0.99,0.12,0.9,-0.47,0.51,0.24,0.12,1.11,1.03,-0.24,-0.53,-0.65,0.73,0.06,-0.6,0.29,0.97,0.55,0.18,0.26,0.57,0.31,0.49,-0.08,-0.5,0.03,-0.46,0.31,0.16,-0.62,0.34,0.29,-0.01,0.04,-0.01
-0.7,0.5,-2.83,1.55,0.18,-0.17,1.55,1.51,-0.69,-0.31,1.09,0.05,0.19,-0.51,-0.59,0.47,1.47,-0.7,-0.96,0.34,0.26,-0.16,-0.45,-0.0,1.12,0.8,0.49,0.72,0.49,0.58,0.07,0.02,-0.93,-0.24,-0.34,0.45,0.39,-0.47,0.38,0.03,0.15,0.02,0.04
-0.6,0.65,-2.83,1.36,-0.8,0.32,1.99,1.33,-0.43,0.29,0.91,-0.12,0.66,-0.45,0.15,1.35,0.73,-0.8,-0.73,0.12,0.75,-0.06,-0.35,-0.07,1.28,0.77,0.19,0.11,0.28,0.16,0.25,-0.08,-0.51,-0.2,-0.36,0.24,0.02,-0.32,0.31,-0.07,0.12,0.01,0.1
-0.67,0.88,-2.74,1.14,-0.31,-0.23,1.14,1.47,0.5,-0.72,0.96,-0.2,0.36,0.13,-1.21,0.51,1.0,-0.21,-0.43,-1.03,0.38,0.23,-0.38,0.27,0.85,0.27,0.12,0.21,0.59,0.68,0.22,-0.5,-0.63,-0.45,-0.29,0.5,-0.09,-0.69,-0.03,0.12,-0.08,-0.08,-0.01
-0.61,0.95,-2.94,1.17,-0.49,0.09,1.97,1.45,-1.12,-0.03,0.76,-0.56,0.03,0.02,-0.23,1.3,0.67,-0.56,-1.06,-1.35,0.31,0.27,-0.24,0.13,1.04,0.5,0.32,0.55,0.19,-0.0,0.29,-0.43,-0.77,-0.06,-0.67,0.55,-0.09,-0.82,0.3,0.43,-0.13,0.05,0.02
-0.6,0.45,-2.7,1.41,-0.3,0.44,1.51,1.75,-0.14,-0.17,1.16,-0.36,-0.81,0.02,0.14,0.66,0.05,-0.45,-0.64,-0.61,0.13,0.69,-0.33,0.19,0.57,0.01,0.37,0.31,0.06,0.05,0.14,-0.14,-0.81,0.42,-0.59,0.36,0.09,-0.53,0.15,0.05,0.11,0.05,-0.11
-0.53,0.55,-2.71,1.53,-0.61,-0.51,2.59,2.09,-0.72,-1.34,1.03,0.42,-0.82,0.46,-0.45,-0.12,0.19,-0.39,-0.41,-0.63,-0.2,0.38,0.57,-0.19,-0.14,0.56,-0.24,-0.12,0.04,0.31,-0.0,0.26,-0.46,0.09,0.17,-0.07,-0.03,-0.03,-0.09,0.16,-0.16,0.01,0.04
-0.55,0.64,-3.04,1.56,-0.45,-0.2,2.17,1.6,-0.33,-0.41,0.81,0.1,-0.34,0.59,-0.28,0.17,0.14,-0.45,-0.63,-0.16,0.08,0.25,0.39,-0.24,-0.23,-0.0,-0.47,0.21,-0.1,-0.02,-0.2,0.1,-0.06,-0.06,0.12,-0.18,0.07,-0.05,0.13,0.03,-0.01,0.03,-0.02
-0.6,0.36,-2.91,0.88,-0.95,-0.01,2.52,1.48,-0.23,-0.7,0.81,-0.2,0.1,0.27,-0.02,0.3,0.26,-0.31,0.04,-0.81,0.4,0.25,0.47,-0.24,-0.08,-0.04,-0.16,-0.26,-0.11,-0.15,-0.12,-0.14,-0.27,0.04,-0.19,0.14,-0.08,-0.0,-0.14,0.04,0.06,0.03,-0.11
-0.74,0.64,-3.12,1.29,-0.44,-0.11,2.1,1.44,0.5,-0.23,0.91,0.71,-0.08,0.32,-0.9,-0.68,0.66,-0.1,0.27,-0.47,0.19,0.17,0.02,-0.35,0.43,0.22,0.24,-0.66,-0.2,-0.18,0.44,0.05,0.39,-0.14,0.16,-0.37,0.07,0.12,0.09,0.27,0.02,-0.03,-0.04
-0.61,0.37,-3.01,1.63,-0.08,0.24,2.67,1.64,0.21,-0.83,0.94,0.33,0.15,0.52,-0.56,-0.4,0.05,-0.17,-0.11,-0.11,0.23,0.75,0.29,0.33,0.13,0.32,0.01,-0.46,0.03,-0.05,0.09,-0.11,0.05,0.17,0.12,-0.35,-0.07,0.09,-0.07,0.1,-0.06,-0.0,-0.09
-0.63,0.7,-2.9,1.36,-0.83,0.01,2.52,2.07,0.3,-0.74,1.02,0.1,-0.33,0.95,-0.8,-0.16,0.49,0.14,0.01,0.13,0.02,0.82,-0.07,0.59,-0.49,-0.14,-0.24,-0.41,-0.34,0.08,-0.02,0.14,-0.2,0.21,-0.03,-0.04,0.02,-0.06,-0.02,0.24,-0.17,-0.0,0.0
-0.68,0.83,-3.15,1.44,-0.37,0.12,2.21,1.13,0.15,-0.21,0.65,0.44,-0.62,0.57,-0.97,-0.49,0.24,-0.38,0.19,0.05,0.34,0.53,0.16,-0.08,-0.11,0.11,0.31,-0.3,-0.09,0.01,0.08,0.42,0.18,0.05,-0.19,-0.19,-0.09,-0.1,0.11,0.2,0.15,-0.0,-0.12
-0.84,0.58,-2.48,1.18,-0.18,-0.15,1.84,1.08,0.14,-0.49,0.35,0.56,0.1,0.29,-0.95,-0.09,0.35,-0.38,-0.09,-0.1,0.34,0.78,0.09,0.23,0.1,0.12,0.14,-0.35,-0.34,-0.25,0.14,-0.18,0.25,-0.02,-0.16,-0.05,-0.12,0.09,-0.14,0.21,0.08,0.09,-0.03
-0.63,1.05,-2.62,1.09,-0.8,0.43,2.34,1.59,0.04,-0.23,0.61,-0.1,-0.55,1.58,-0.23,-0.57,0.71,0.03,-0.66,0.6,0.18,0.23,-0.18,-0.47,-0.12,-0.05,0.07,-0.17,-0.27,0.11,-0.15,0.0,-0.2,0.2,0.13,0.12,-0.07,0.23,0.2,0.05,0.18,0.15,0.06
-0.75,0.89,-2.64,1.04,-1.2,0.2,1.88,1.52,0.38,-0.08,0.31,0.28,0.11,0.98,-0.74,-0.13,0.19,-0.04,-0.02,0.58,0.1,0.43,-0.04,-0.02,0.42,0.03,-0.2,-0.24,-0.2,-0.58,-0.1,0.2,0.2,0.05,0.17,-0.32,-0.24,-0.0,-0.1,-0.13,-0.0,0.04,-0.03
-0.69,0.97,-2.51,1.08,-1.23,0.02,2.34,1.74,1.39,-0.31,0.49,0.08,-0.4,1.06,-0.93,-0.07,0.54,0.24,0.23,0.58,0.04,0.09,0.24,-0.12,-0.23,0.34,0.27,-0.48,-0.38,-0.2,-0.06,0.55,-0.09,-0.09,0.24,-0.43,-0.14,0.01,0.08,0.18,-0.17,-0.05,0.11
-0.82,0.52,-2.23,0.95,-0.2,0.08,1.14,1.48,0.67,-0.48,-0.04,-0.27,-0.21,1.16,-0.4,0.24,0.46,-0.18,-0.76,0.32,0.06,0.11,0.37,0.29,0.42,0.32,0.19,-0.13,0.03,-0.23,-0.27,0.36,0.15,-0.08,0.19,0.09,-0.14,-0.08,-0.09,0.09,-0.1,0.02,-0.08
-0.81,0.52,-2.43,0.88,-0.06,-0.01,1.38,1.63,1.02,0.26,0.28,0.33,-0.22,0.96,-0.13,-0.14,0.43,0.18,-0.08,0.22,-0.22,-0.15,0.4,-0.47,0.18,0.47,-0.38,-0.04,-0.27,-0.18,-0.2,0.4,0.04,-0.01,-0.22,0.05,-0.21,0.02,-0.08,0.06,0.34,0.08,0.01
-0.72,0.31,-2.31,1.06,-0.07,0.18,1.34,1.7,0.37,-0.3,0.15,-0.27,-0.31,0.75,-0.71,-0.16,-0.06,-0.56,-0.16,-0.11,0.28,0.48,0.27,0.02,0.15,0.06,0.35,-0.28,-0.34,-0.25,-0.4,0.07,0.18,0.22,0.22,-0.06,-0.13,0.06,-0.01,0.09,0.01,0.04,0.04
-0.57,0.53,-2.76,1.8,-0.27,0.03,0.67,1.85,0.56,-0.88,0.61,1.1,0.28,0.86,-0.77,0.33,-0.07,0.08,-0.39,-0.33,0.0,0.47,0.42,0.12,-0.2,-0.21,0.39,-0.62,-0.56,-0.03,0.06,-0.05,-0.08,0.12,-0.31,0.03,0.13,-0.25,-0.06,0.11,-0.0,0.01,-0.03
-0.49,0.06,-1.85,1.7,0.64,0.36,0.59,1.73,-0.53,-1.1,0.93,-0.05,0.47,-0.02,-1.26,-0.69,0.48,-0.36,-0.09,0.17,0.03,-0.36,0.22,0.13,0.0,0.28,0.16,-0.12,0.02,-0.34,-0.09,0.56,0.28,-0.08,0.55,0.16,-0.09,-0.09,-0.25,0.12,0.07,-0.02,0.09
-0.6,0.44,-2.6,1.49,-0.51,-0.02,1.89,2.03,-0.59,-0.12,1.24,0.75,-0.06,-0.01,0.07,0.2,-0.34,-0.02,-0.27,-0.44,0.64,-0.01,0.37,-0.22,0.22,0.18,-0.17,-0.31,-0.3,-0.04,0.16,0.19,-0.12,-0.08,-0.07,0.07,0.1,-0.18,-0.01,0.09,0.08,-0.02,-0.05
-0.57,0.31,-2.87,1.52,-0.2,-0.23,2.49,1.83,-0.06,-0.41,0.8,-0.17,0.15,-0.74,0.13,0.71,-0.2,-0.16,-0.19,-1.3,0.4,-0.06,0.32,-0.18,-0.12,0.08,0.15,-0.09,-0.29,-0.16,-0.15,0.43,-0.15,0.15,0.08,-0.36,-0.07,0.02,0.1,0.25,-0.05,-0.08,0.03
-0.55,0.23,-2.98,1.45,-0.7,-0.05,2.31,2.06,-0.13,-0.1,1.08,0.26,0.07,-0.33,0.56,0.57,0.13,-0.73,-0.3,-0.46,0.66,0.36,0.52,-0.09,0.01,0.13,0.11,-0.69,-0.33,0.19,0.09,0.21,0.1,-0.38,0.06,0.02,-0.07,0.0,-0.07,0.06,0.08,0.06,0.04
-0.66,0.3,-2.53,0.85,-0.4,-0.15,1.92,1.77,0.34,-0.13,0.62,-0.21,-0.63,-0.13,-0.31,0.31,0.21,-0.75,-0.17,-1.08,0.32,-0.3,0.4,-0.17,-0.19,0.15,-0.02,0.07,0.15,-0.06,0.09,0.15,-0.07,0.04,0.05,-0.24,-0.29,0.13,-0.14,0.21,-0.12,-0.19,0.11
-0.77,0.64,-2.7,1.15,-0.43,-0.48,1.43,0.78,0.42,-0.69,1.08,0.1,-0.72,0.68,0.1,-0.33,-0.97,-0.71,0.49,-0.95,0.69,0.3,0.02,-0.03,-0.2,0.2,-0.07,-0.25,-0.27,-0.01,-0.29,0.64,0.41,0.07,0.12,0.29,0.11,-0.14,-0.0,-0.11,0.34,0.11,0.02
-0.54,0.35,-2.76,0.86,-0.53,-0.17,2.84,1.96,0.22,0.18,0.66,-0.21,-0.5,-0.45,-0.3,0.34,-0.35,-0.48,0.32,-0.99,0.29,0.02,0.03,0.27,0.0,-0.22,-0.07,-0.38,-0.1,0.01,-0.03,-0.1,0.02,-0.11,0.13,-0.12,0.07,0.02,0.05,0.09,-0.13,-0.08,0.15
-0.71,0.28,-2.33,0.89,-0.6,0.04,1.9,1.1,-0.69,-0.06,0.82,-0.61,-0.39,0.08,-1.04,-0.35,-0.22,-0.49,0.06,-0.5,0.89,0.58,0.89,0.4,0.47,0.2,-0.14,-0.31,-0.34,-0.05,0.26,0.12,0.19,0.12,0.08,0.0,-0.1,-0.15,-0.05,0.23,-0.22,-0.06,0.09
-0.72,0.42,-2.54,1.13,-0.16,-0.33,1.62,2.01,-0.1,0.23,0.56,-0.37,-0.53,-0.52,-0.16,0.24,-0.01,-0.91,0.23,-0.86,0.23,0.15,0.85,0.67,-0.51,-0.13,0.0,-0.17,-0.07,-0.09,0.13,-0.11,-0.18,0.24,-0.19,0.02,-0.21,0.02,0.04,0.23,-0.06,-0.12,0.02
-0.75,0.6,-2.77,0.68,-0.3,-0.59,1.92,1.76,-0.64,-0.1,1.09,0.02,-0.5,0.21,0.14,-0.14,-0.03,-0.84,-0.44,-0.77,0.29,0.03,0.18,0.43,0.13,-0.34,0.07,-0.6,-0.17,0.16,0.1,0.01,-0.09,0.16,0.03,-0.17,0.07,-0.1,0.14,0.08,-0.08,0.05,0.06
-0.82,0.03,-2.76,1.18,-0.31,-0.17,1.32,1.65,-0.06,0.25,1.14,0.27,-0.13,0.05,-0.54,0.3,-0.09,-0.45,-0.09,-0.51,0.29,0.72,-0.09,0.62,-0.23,-0.05,-0.03,0.1,-0.25,0.03,0.45,-0.39,-0.12,-0.17,0.02,0.0,0.01,-0.24,0.05,0.21,-0.24,-0.04,0.08
-0.7,0.34,-2.6,1.2,0.06,-0.32,1.8,1.39,0.18,0.15,0.5,0.33,-0.44,-0.59,-0.36,-0.41,0.03,-0.23,-0.4,-0.59,0.57,0.38,0.34,-0.16,0.38,-0.24,-0.11,0.1,-0.03,-0.12,0.39,-0.1,-0.09,0.03,-0.01,-0.12,0.11,-0.17,-0.12,0.1,0.12,0.12,-0.08
-0.73,0.31,-2.56,0.61,-0.43,-0.53,1.74,1.44,-0.47,-0.07,0.55,0.16,0.07,-0.68,-0.57,-0.37,0.05,-0.43,-0.49,-0.99,0.06,0.55,0.3,0.11,-0.3,-0.39,-0.11,-0.12,-0.28,-0.03,0.35,-0.02,-0.25,-0.11,-0.03,-0.04,0.18,-0.13,-0.12,0.01,-0.0,0.01,0.04
-0.82,0.55,-2.69,0.95,0.23,-0.13,1.79,1.32,-0.59,0.44,1.34,-0.02,-0.26,-0.06,-0.41,0.39,-0.32,-0.18,-0.31,-1.09,0.76,0.77,-0.12,-0.07,-0.21,-0.19,-0.15,0.04,-0.07,0.34,0.38,0.46,-0.05,0.21,0.12,-0.16,0.14,-0.18,-0.01,0.04,-0.08,0.03,-0.07
-0.63,0.35,-2.29,0.75,0.11,-0.47,2.06,1.52,-0.11,-0.73,1.14,-0.58,-0.84,-0.54,0.11,0.09,-0.25,-0.4,-0.28,-0.69,0.22,0.46,0.32,0.57,-0.22,-0.21,0.06,-0.36,0.08,0.16,0.4,-0.22,0.12,0.16,-0.28,-0.36,-0.03,-0.12,-0.17,-0.01,-0.09,-0.13,-0.04
-0.81,0.31,-2.38,0.99,-0.56,-0.27,1.61,1.15,-0.81,-0.61,1.42,-0.74,-0.32,-0.3,-0.47,0.03,-0.26,0.02,-0.4,-0.56,0.52,1.17,0.13,0.19,-0.38,-0.27,-0.02,-0.15,-0.4,-0.05,0.3,-0.34,-0.17,-0.11,-0.42,-0.07,-0.16,-0.03,0.02,0.09,-0.17,0.02,-0.03
-0.81,0.76,-2.82,0.86,-0.02,-0.54,2.13,1.29,-0.45,-0.0,0.92,-0.33,-0.26,-0.2,-0.52,0.54,-0.63,-0.39,-0.52,-0.92,0.11,0.47,0.64,0.19,-0.29,-0.05,-0.18,-0.06,-0.58,0.4,0.1,0.56,-0.01,-0.09,0.11,0.17,-0.02,-0.08,-0.29,0.25,-0.02,-0.07,0.1
-0.63,0.51,-2.35,0.9,0.41,-0.37,1.7,1.7,-0.3,-0.15,0.62,-0.37,-0.28,-0.1,0.05,-0.53,-0.29,-0.82,-0.3,-1.19,0.61,0.06,0.62,0.32,-0.23,-0.47,0.25,-0.51,-0.38,0.17,0.19,-0.07,0.22,-0.21,0.01,-0.25,0.27,-0.18,0.0,0.05,0.03,-0.02,0.04
-0.64,0.32,-2.61,1.01,0.36,-0.54,1.58,1.57,0.45,-0.52,1.15,-0.29,-1.05,0.38,-0.19,-0.2,-0.63,-0.07,-0.06,-0.57,0.84,0.73,0.11,0.5,-0.04,-0.33,-0.08,-0.19,-0.35,-0.1,-0.12,0.39,0.12,0.14,0.13,-0.07,0.18,0.01,0.12,0.19,0.13,-0.07,0.14
-0.71,0.2,-2.79,1.4,0.68,-0.4,1.56,1.83,0.73,-0.09,0.91,-0.15,-0.42,0.25,-0.06,0.12,-0.32,-0.23,-0.35,-0.86,0.58,0.32,0.37,0.14,-0.19,-0.18,0.1,-0.21,-0.12,0.5,0.21,0.18,-0.05,0.22,0.21,-0.07,0.19,0.04,-0.17,0.02,0.01,0.05,0.05
-0.77,0.12,-2.35,1.34,1.0,0.23,1.32,1.96,0.45,0.42,0.4,-0.25,-0.49,0.74,-0.33,0.09,-0.48,-0.42,-0.04,-0.85,0.68,1.0,0.24,0.2,-0.05,-0.4,-0.33,-0.04,-0.61,-0.01,0.21,0.06,0.14,-0.22,0.13,0.14,0.15,-0.14,-0.07,0.17,0.12,-0.02,0.09
-0.81,0.25,-2.28,0.86,0.46,-0.49,1.55,0.98,0.24,-0.16,0.66,-0.84,-0.18,0.25,-0.22,0.44,-0.46,-0.75,-0.2,-0.73,0.37,0.05,0.7,0.21,-0.26,-0.04,0.02,-0.3,-0.37,0.39,-0.06,0.02,-0.14,0.34,-0.16,-0.12,0.16,-0.34,-0.23,0.17,0.0,-0.0,-0.01
-0.52,0.46,-2.67,0.86,0.21,-0.26,2.14,1.1,0.19,0.21,0.07,-0.65,-0.26,-0.39,-0.03,0.67,-0.86,-0.2,0.11,-0.29,0.66,-0.54,-0.09,-0.36,-0.23,-0.29,0.43,-0.4,-0.07,0.35,-0.09,-0.11,0.07,-0.17,0.37,-0.15,0.23,-0.39,0.02,0.2,0.01,0.05,-0.05
-0.67,0.63,-2.19,0.39,0.26,0.01,1.71,1.49,0.62,-0.09,-0.17,-0.34,0.37,-0.06,-0.79,0.05,-0.59,-0.19,-0.32,-0.38,0.08,-0.22,0.28,-0.18,-0.51,-0.58,0.07,-0.33,-0.4,-0.05,-0.38,-0.2,-0.11,-0.27,0.24,-0.0,-0.04,-0.18,-0.1,0.12,-0.03,-0.02,0.04
-0.59,0.39,-2.93,1.33,0.54,-0.24,1.87,1.78,0.58,0.16,0.36,0.27,-0.41,-0.94,-0.25,0.56,-0.53,0.2,0.3,-1.45,0.72,0.33,0.32,-0.49,-0.79,-0.1,-0.14,-0.52,-0.33,-0.14,0.35,0.34,0.01,0.02,-0.03,-0.24,-0.02,-0.06,0.0,0.19,-0.04,-0.12,-0.07
-0.58,0.76,-2.32,0.69,0.12,0.01,1.35,1.28,0.27,0.27,-0.17,-0.47,0.27,-0.98,-0.14,0.9,-0.35,-0.09,-0.31,-0.83,0.44,-0.41,0.54,-0.07,-0.63,-0.54,0.15,-0.22,-0.19,0.17,-0.12,-0.24,0.17,0.02,0.31,-0.33,-0.12,0.02,-0.18,0.04,-0.04,-0.06,0.05
-0.71,0.44,-2.15,1.18,0.62,-0.06,1.25,1.58,0.97,0.05,0.45,-0.37,-0.22,0.02,-0.13,-0.17,-0.17,-0.28,0.09,-0.75,-0.06,0.24,0.49,0.01,-0.67,-0.33,0.23,0.31,0.28,0.1,0.03,-0.13,-0.05,0.11,-0.03,-0.07,-0.16,0.09,-0.11,0.13,0.0,0.1,0.01
-0.83,0.47,-2.9,1.05,0.84,-0.38,1.85,2.13,1.35,0.41,0.53,-0.03,-0.2,-0.56,-0.66,-0.05,-0.35,-0.46,0.53,-0.69,0.63,0.07,0.41,-0.22,-0.79,-0.04,0.12,-0.27,0.03,0.18,0.55,-0.16,-0.03,-0.03,-0.11,-0.18,-0.02,-0.04,-0.16,0.07,0.06,-0.1,-0.08
-0.75,0.28,-3.02,1.08,0.06,-0.28,1.84,1.45,0.81,-0.03,0.47,-0.49,-0.75,-0.44,-0.74,0.32,-0.18,-0.17,0.12,-0.71,0.8,0.13,0.38,-0.04,0.04,-0.36,-0.02,0.02,-0.53,-0.37,0.04,0.16,0.66,-0.19,0.22,0.05,0.04,0.03,0.04,0.22,0.08,0.01,-0.0
-0.68,0.31,-2.56,1.45,0.34,-0.22,1.97,2.01,1.12,0.4,0.58,-0.53,-0.27,0.23,-0.35,0.01,-0.89,-0.12,0.1,-0.74,0.43,0.19,0.17,0.22,0.02,-0.17,0.01,-0.49,-0.55,0.19,0.37,-0.14,0.59,-0.14,-0.05,-0.03,-0.0,-0.32,-0.07,-0.08,0.19,0.0,0.01
-0.56,0.12,-2.29,0.89,0.53,-0.67,1.75,1.67,0.05,-0.06,0.7,-0.68,-0.78,-0.35,0.06,0.2,-0.58,-0.5,0.16,-0.83,0.53,0.14,0.66,-0.0,-0.23,-0.12,0.19,-0.67,-0.31,0.08,0.11,-0.07,0.32,-0.1,0.24,-0.31,0.33,-0.16,-0.05,0.02,0.01,-0.12,-0.01
-0.79,0.42,-2.6,0.95,-0.04,-0.51,1.44,1.38,-0.04,0.43,1.03,-0.34,-0.46,-0.97,-0.78,1.06,-0.6,-0.63,-0.91,-0.68,0.21,0.08,0.36,-0.04,-0.11,-0.07,-0.26,-0.72,-1.03,-0.02,0.21,0.13,0.35,-0.08,0.19,-0.07,-0.24,-0.09,-0.16,0.19,-0.08,0.04,0.09
-0.71,0.59,-2.53,1.04,-0.2,-0.78,2.18,1.72,-0.06,-0.23,0.66,-0.03,-0.43,0.04,-0.46,0.64,-0.09,-1.38,-0.63,-0.82,0.38,0.1,0.48,-0.03,-0.13,-0.11,0.12,-0.45,-0.28,-0.17,0.11,0.32,-0.08,-0.04,0.36,-0.13,-0.03,-0.09,0.02,-0.01,-0.15,0.08,0.0
-0.69,0.31,-3.2,0.86,0.24,-0.29,2.06,1.36,0.57,0.57,1.17,0.72,-1.27,0.11,0.5,0.25,-0.19,-0.36,0.24,-0.35,-0.12,0.16,-0.11,-0.67,-0.41,-0.15,-0.32,-0.2,0.05,0.09,0.31,0.17,-0.04,0.44,-0.1,-0.14,0.02,-0.22,-0.04,-0.08,0.26,0.04,0.0
-0.73,0.57,-2.69,1.34,-0.11,-0.07,1.4,1.79,0.61,0.19,-0.17,0.86,-0.76,-0.08,0.25,0.78,-0.24,-0.31,-0.97,-0.23,-0.4,0.03,0.34,-0.13,0.29,-0.35,-0.31,-0.41,-0.86,-0.03,0.15,0.34,0.28,0.2,0.27,0.07,-0.3,-0.25,0.02,0.09,-0.2,-0.04,0.08
-0.46,0.73,-2.86,1.99,-0.03,-0.19,1.36,1.77,-0.36,-0.87,0.49,0.73,-0.35,1.22,0.15,0.55,-0.47,0.01,0.0,0.17,-0.45,-0.01,0.2,-0.06,-0.14,-0.15,-0.5,-0.56,-0.55,0.07,-0.14,-0.09,0.03,-0.01,0.27,-0.09,0.23,-0.15,0.09,0.08,-0.03,0.1,0.07
-0.67,0.1,-2.52,1.75,0.1,-0.02,1.34,2.14,0.77,-0.17,0.63,1.21,-0.33,0.11,-0.54,0.48,0.3,-0.47,-0.05,0.41,0.22,-0.05,0.2,0.71,0.15,0.04,0.14,-0.43,-0.52,0.07,-0.3,0.25,0.49,-0.34,0.25,0.01,-0.08,-0.15,-0.04,0.1,-0.05,-0.13,0.17
-0.52,0.41,-2.5,2.09,-0.36,-0.05,1.24,1.88,-0.15,-1.42,0.42,0.66,-0.6,0.41,-0.06,0.6,-0.34,-0.9,-0.24,0.09,0.14,-0.56,0.61,0.18,-0.15,-0.06,0.32,-0.54,-0.57,-0.23,-0.08,-0.15,-0.05,0.27,-0.12,0.21,0.1,0.04,0.03,-0.01,0.06,-0.02,-0.01
-0.54,-0.01,-2.27,2.0,0.61,-0.06,1.02,2.67,0.53,-1.01,1.11,0.7,0.0,1.37,-0.15,0.09,0.05,-0.78,-0.05,-0.46,-0.41,-0.38,0.81,0.14,0.0,0.14,0.22,-0.45,-0.47,-0.3,-0.09,0.2,0.01,-0.12,0.22,0.1,-0.12,0.01,-0.04,-0.08,-0.02,-0.06,0.18
-0.61,0.37,-2.7,1.83,0.6,-0.28,1.58,2.14,-0.21,-0.87,0.31,0.69,-0.23,1.52,-0.54,-0.55,0.04,-0.94,-0.16,0.38,0.17,0.05,0.19,-0.32,-0.3,0.44,-0.37,-0.36,-0.47,0.11,0.17,0.21,-0.05,-0.16,0.08,0.63,0.04,0.13,0.02,-0.26,0.45,0.0,0.0
-0.56,0.02,-2.29,1.73,-0.26,-0.22,1.36,1.79,0.63,-0.39,-0.25,0.53,0.15,0.97,-0.6,0.62,-0.4,-0.79,-0.25,-0.19,0.19,0.46,0.49,0.37,-0.1,0.69,-0.04,-0.78,-0.46,0.0,0.22,0.07,0.08,-0.0,-0.15,0.09,0.11,0.0,0.0,-0.05,0.2,-0.08,0.0
-0.68,0.53,-2.13,1.7,0.25,-0.22,1.45,2.01,0.5,-0.32,0.79,0.84,0.26,0.63,0.03,0.44,-0.32,-0.3,0.2,0.09,-0.25,0.3,0.09,-0.02,-0.24,0.37,0.09,-0.61,-0.66,-0.09,0.22,0.41,-0.54,0.23,-0.18,0.14,0.17,0.23,0.14,0.02,0.5,-0.14,0.01
-0.66,-0.09,-1.98,1.76,0.52,-0.26,0.57,1.96,-0.26,-0.91,0.61,0.65,0.24,0.9,0.14,0.53,-0.21,-0.75,0.52,-0.31,-0.1,0.08,0.29,-0.02,-0.15,0.09,-0.41,-0.2,-0.12,0.21,-0.04,-0.11,-0.02,0.03,-0.06,-0.18,0.21,-0.02,-0.0,0.16,-0.03,0.01,0.09
-0.69,-0.55,-1.76,1.89,1.11,-0.23,0.16,2.63,-0.17,-0.29,1.49,1.34,0.01,0.39,-0.15,0.0,0.87,-0.01,0.14,0.15,-0.11,-0.33,0.47,-0.49,0.05,0.07,-0.08,-0.43,-0.52,-0.29,-0.15,0.5,-0.18,-0.21,0.32,0.01,0.13,-0.02,-0.05,-0.07,-0.08,-0.14,0.13
-0.67,-0.06,-1.67,1.97,-0.05,0.21,0.43,2.46,-0.32,-0.49,0.77,0.17,0.25,0.46,-0.02,0.25,-0.22,-0.47,-0.39,-0.41,0.3,-0.11,0.67,0.09,0.26,0.2,-0.25,-0.24,-0.14,0.07,0.25,-0.23,0.4,-0.22,0.37,-0.04,0.03,-0.1,-0.25,-0.08,-0.03,-0.01,-0.02
-0.72,-0.11,-2.09,1.24,0.18,0.21,-0.02,1.02,-0.16,-1.27,0.8,0.77,0.07,0.96,0.33,0.35,-0.52,-0.33,0.52,-0.99,0.26,-0.3,0.35,0.32,-0.02,0.47,-0.03,-0.17,-0.34,0.22,-0.03,0.02,0.35,0.26,0.08,-0.0,0.2,-0.17,-0.09,0.12,-0.07,-0.05,0.08
-0.6,-0.3,-2.0,1.93,1.41,-0.85,0.81,2.13,-1.62,-1.38,2.13,-0.62,-0.64,0.72,0.04,-0.07,-0.46,0.1,-0.44,-0.16,0.12,-0.95,0.66,0.23,0.18,0.56,0.1,0.31,-0.26,-0.22,-0.17,0.61,0.61,-0.14,0.4,-0.01,0.12,0.01,0.04,-0.03,-0.06,-0.05,0.04
-0.72,-0.01,-2.5,1.47,0.6,-0.76,0.97,2.74,-0.77,-0.87,2.09,0.3,-0.49,-0.0,-0.1,-0.06,0.13,0.23,-0.12,0.2,-0.46,-0.46,0.24,0.42,0.04,0.23,0.17,0.05,-0.1,-0.24,-0.25,-0.1,-0.03,0.33,-0.1,-0.29,-0.09,-0.02,-0.06,0.03,-0.01,0.05,0.01
-0.68,-0.07,-2.68,1.87,1.18,0.02,1.29,2.96,-0.19,-0.15,2.16,0.39,-0.77,-0.37,-0.37,-0.71,0.01,-0.12,0.4,0.32,-1.01,-0.79,0.36,0.06,-0.29,0.09,-0.39,1.07,0.4,0.2,-0.67,0.3,-0.14,0.01,0.12,-0.02,0.33,-0.19,-0.22,-0.1,0.01,0.11,0.05
-0.67,-0.12,-2.31,2.09,1.39,-0.09,0.53,2.12,0.36,-1.31,1.0,0.86,-0.01,1.01,0.29,-0.71,0.54,-0.27,0.04,-0.31,0.13,-0.11,0.88,0.52,-0.14,0.14,-0.07,0.3,-0.48,-0.05,-0.04,-0.02,0.07,0.18,0.35,0.23,0.24,-0.21,-0.1,-0.11,0.03,0.1,0.03
-0.39,0.08,-2.73,1.79,0.35,0.13,0.93,2.01,0.02,-1.58,1.16,0.53,-0.95,0.46,0.55,0.33,0.34,-0.28,0.83,-0.79,0.09,-0.49,1.02,0.34,-0.6,0.59,-0.14,0.43,-0.31,-0.2,-0.15,0.19,-0.24,0.37,0.23,-0.02,0.52,0.18,-0.15,-0.04,-0.07,0.12,0.05
-0.57,-0.04,-1.94,1.2,0.34,-0.0,1.31,2.16,0.2,-0.93,1.2,0.25,-1.14,0.49,0.09,-0.3,0.05,-0.54,0.2,-0.25,0.09,-0.15,1.05,0.27,-0.16,0.16,0.08,0.15,-0.16,-0.34,-0.13,0.35,0.44,-0.06,0.03,-0.27,0.03,-0.12,0.07,-0.01,-0.06,0.08,-0.04
-0.66,-0.17,-2.22,0.91,0.13,-0.61,0.76,1.78,0.16,-0.46,0.67,0.08,-0.29,0.62,-0.28,0.12,-0.09,-0.43,0.03,-0.4,0.04,0.28,0.34,0.31,-0.05,-0.08,-0.1,-0.13,0.02,-0.04,-0.46,-0.28,-0.15,-0.15,0.2,0.1,0.01,-0.05,-0.1,0.04,0.02,0.03,-0.01
-0.57,0.29,-2.25,1.74,0.86,-0.63,0.77,1.71,-0.44,-1.33,0.76,0.89,0.02,-0.13,-0.39,-0.05,0.18,-0.54,0.29,-0.07,-0.5,-0.38,0.46,0.29,-0.11,0.07,-0.17,0.35,0.23,-0.4,-0.23,0.45,0.31,-0.45,0.31,-0.16,0.1,0.18,-0.19,-0.12,-0.1,0.08,0.09
-0.63,0.07,-2.87,1.31,0.41,-0.45,1.74,2.34,1.13,-0.6,1.15,0.14,-0.46,0.6,0.75,0.44,0.15,-0.39,-0.17,-0.49,0.05,0.16,0.39,0.55,-0.09,0.27,-0.16,-0.37,0.19,-0.19,-0.4,-0.09,-0.11,0.01,0.02,-0.27,-0.18,-0.05,-0.09,-0.12,0.01,-0.05,-0.03
-0.74,0.38,-2.5,1.09,0.07,-0.36,1.7,1.47,1.0,-0.4,0.63,0.2,-0.4,-0.07,-0.08,0.54,-0.73,0.98,-0.17,0.12,0.25,-0.53,-0.32,0.31,-0.46,-0.08,0.22,0.21,0.23,-0.44,-0.41,0.17,0.07,-0.24,0.14,-0.25,0.03,0.21,0.01,-0.05,-0.19,0.04,0.04
-0.73,0.25,-2.86,1.3,0.18,-0.2,1.77,1.42,1.01,-0.3,0.97,0.25,-0.35,0.29,-0.03,0.84,-0.67,-0.98,-0.52,-0.11,0.07,0.57,0.29,0.56,-0.14,0.04,0.06,0.01,-0.01,0.3,-0.31,0.22,-0.2,0.49,-0.32,0.08,0.07,-0.06,0.01,-0.15,0.11,0.1,-0.07
-0.75,0.28,-2.57,1.38,0.33,-0.3,1.37,1.5,0.87,-0.17,1.07,0.36,-0.56,0.15,0.3,1.0,-0.44,-0.01,0.42,-0.44,0.32,0.52,-0.07,0.21,-0.07,-0.5,0.28,0.13,-0.05,-0.24,-0.15,0.03,0.13,0.19,-0.13,-0.24,0.05,0.0,0.14,-0.09,0.02,0.02,-0.06
-0.6,0.21,-2.42,1.23,0.33,-0.48,2.03,1.88,0.62,-0.47,0.96,0.19,-0.91,0.56,0.45,0.94,-0.34,-0.26,0.12,-0.48,0.08,0.63,0.54,0.44,-0.22,-0.1,0.31,-0.03,-0.02,-0.14,0.07,0.22,0.39,0.36,-0.23,-0.51,-0.08,-0.2,-0.26,-0.03,0.0,0.07,-0.03
-0.55,0.1,-2.36,1.29,0.48,-0.48,1.57,1.71,0.34,-1.13,1.23,-0.08,-1.3,0.41,-0.29,-0.43,0.08,-0.8,0.16,-0.31,-0.14,-0.27,0.73,0.1,-0.38,-0.21,0.12,0.11,0.12,-0.12,-0.27,0.08,0.19,-0.44,0.48,-0.36,0.09,-0.13,-0.06,-0.19,0.06,-0.08,-0.06
-0.6,-0.18,-2.4,1.19,0.91,-1.26,1.17,1.81,0.45,-0.34,0.94,0.74,-0.28,0.35,-0.22,0.74,-0.52,-0.14,1.0,-0.55,-0.34,0.01,0.56,0.63,-0.44,0.35,-0.09,0.45,0.56,0.13,-0.39,0.07,0.05,-0.15,0.13,-0.06,0.48,-0.16,-0.22,-0.23,-0.1,-0.15,0.04
-0.69,-0.01,-2.08,1.23,0.15,-0.36,1.19,2.32,0.18,-0.51,1.07,0.45,-0.02,0.88,0.72,0.6,0.11,-0.86,1.13,-0.34,0.37,0.21,0.57,0.46,-0.16,-0.24,0.31,0.11,-0.13,0.14,0.04,-0.28,-0.08,-0.16,0.19,-0.03,0.35,-0.05,-0.15,-0.07,-0.1,0.03,0.14
-0.63,0.02,-2.63,1.95,1.08,-0.44,1.25,2.84,0.56,-0.43,1.02,1.02,-0.21,0.36,-0.15,0.24,-0.34,-0.36,-0.17,-0.14,-0.21,0.16,0.09,0.25,-0.51,-0.07,-0.16,0.06,0.12,0.12,-0.41,-0.11,-0.28,-0.11,0.04,-0.19,-0.09,-0.12,0.05,-0.34,0.0,-0.02,0.01
-0.69,0.32,-2.37,1.17,0.06,-0.73,1.49,2.14,0.22,-0.07,0.99,0.32,-0.23,0.31,0.23,0.53,-0.37,-0.5,-0.01,-0.57,-0.12,-0.15,0.4,0.21,-0.32,-0.21,-0.08,0.22,0.3,0.04,-0.58,0.19,-0.28,-0.27,-0.02,-0.26,0.15,-0.03,-0.04,-0.13,0.09,0.01,0.04
-0.66,0.36,-2.6,1.88,0.94,-0.51,0.55,2.21,-0.72,-0.82,1.77,0.31,-0.52,-0.34,-0.72,-0.72,0.71,0.03,-0.76,0.59,-0.31,-0.3,0.55,-0.01,0.01,0.24,-0.18,0.92,0.11,-0.24,-0.61,0.44,-0.14,-0.01,0.21,-0.15,0.24,0.06,-0.06,0.03,0.01,0.08,-0.04
-0.69,-0.29,-2.26,1.85,1.31,-0.82,0.84,2.14,0.03,-1.35,1.42,0.21,-0.98,-0.48,-0.83,-0.05,0.36,-0.11,-0.79,0.3,-0.46,-0.13,0.17,0.34,-0.49,-0.15,0.08,0.31,0.31,0.01,-0.4,-0.13,0.04,-0.04,-0.35,-0.2,-0.08,0.03,-0.14,-0.14,-0.06,0.15,-0.05
-0.82,-0.01,-2.34,1.12,0.86,-0.23,0.12,0.72,0.35,-0.24,0.96,0.63,-0.85,-0.23,0.16,0.95,-0.45,-0.33,0.04,-0.14,-0.02,-0.21,0.15,0.24,-0.34,-0.35,0.15,0.06,-0.1,0.12,0.4,0.17,-0.15,0.18,-0.1,-0.26,0.03,0.15,0.1,-0.02,-0.08,0.17,-0.0
-0.69,0.1,-2.32,1.99,1.25,-0.13,0.7,2.61,0.17,-0.71,1.74,0.66,-0.33,-0.79,0.01,-0.56,-0.48,0.19,-0.34,0.33,-0.53,-0.33,0.84,0.01,-0.4,0.25,0.25,0.51,-0.3,0.04,-0.09,0.23,0.27,-0.39,0.2,-0.09,0.16,0.05,0.04,-0.05,-0.19,0.06,0.05
-0.99,0.04,-2.7,1.69,1.65,-0.33,0.22,1.93,1.01,0.18,1.68,0.6,-0.57,0.18,0.48,0.07,-0.26,0.24,0.33,-0.63,0.05,-0.67,0.1,0.07,-0.17,-0.31,-0.15,-0.17,-0.27,0.04,0.38,-0.14,0.13,-0.11,-0.05,-0.15,0.03,-0.05,0.03,-0.03,-0.18,0.08,0.01
-0.97,-0.38,-1.98,0.53,1.2,0.29,0.28,1.44,0.75,0.09,1.21,-0.85,-0.9,-0.02,1.02,-0.24,-0.16,-0.2,-0.56,-0.35,0.3,-0.2,-0.1,0.28,0.14,-0.75,0.42,0.31,-0.09,-0.44,0.27,0.03,-0.08,0.24,-0.22,0.17,-0.26,-0.05,-0.04,-0.08,0.11,0.04,0.0
-0.91,-0.11,-2.24,1.01,2.28,-0.29,0.78,1.78,0.11,0.5,1.05,-1.1,-0.22,-0.14,0.81,0.05,0.36,-0.29,-0.2,-0.37,-0.22,-0.18,-0.02,-0.16,0.37,-0.34,0.12,-0.3,0.54,-0.17,0.5,0.01,-0.25,0.25,-0.6,0.03,-0.19,-0.15,-0.02,-0.07,0.17,0.16,-0.06
-0.8,-0.31,-2.44,1.29,0.76,-0.21,0.9,1.61,1.26,0.44,-0.07,0.26,-0.03,-0.8,-0.08,0.7,-0.11,-0.05,-0.27,-0.3,0.19,-0.05,0.36,0.55,0.2,0.27,-0.11,0.24,0.01,-0.16,0.08,0.05,0.06,-0.21,0.05,-0.05,0.06,-0.09,-0.24,0.03,-0.18,-0.05,0.07
-0.88,0.08,-2.2,0.68,1.16,-0.43,0.78,1.83,0.42,0.18,0.79,-0.05,-0.59,0.09,0.65,-0.05,-0.09,-0.26,-0.68,-0.51,0.14,0.18,0.12,0.6,0.13,-0.06,0.03,-0.23,-0.17,-0.03,0.41,0.28,0.04,0.16,-0.03,-0.32,-0.03,-0.22,0.09,-0.12,-0.09,0.02,0.01
-0.96,0.07,-2.89,0.9,1.46,-0.64,1.15,1.25,0.52,0.44,0.82,-0.03,-0.45,-0.16,-0.0,0.06,-0.46,0.06,-0.06,-0.34,0.44,-0.02,0.14,0.35,0.01,-0.13,-0.11,0.05,-0.14,-0.02,0.19,-0.21,-0.01,-0.02,-0.02,-0.03,-0.08,-0.15,-0.0,-0.07,-0.25,0.05,0.04
-0.96,0.08,-2.31,1.14,1.23,-0.15,1.02,1.48,1.1,0.69,0.34,0.25,0.01,-1.16,-0.48,0.19,-0.26,-0.16,-0.07,-0.3,0.6,0.16,-0.03,0.04,-0.2,0.05,0.02,0.28,-0.31,-0.21,0.09,0.13,0.18,0.0,-0.03,0.04,0.0,0.1,0.01,-0.17,0.09,-0.1,0.04
-0.88,-0.32,-2.67,0.98,0.89,-0.51,0.96,1.2,0.71,0.22,0.69,0.54,-0.92,-0.78,0.11,0.61,0.0,-0.31,0.29,-0.86,0.09,0.02,0.35,0.46,-0.32,-0.13,0.34,0.22,-0.22,-0.01,0.14,0.12,0.24,0.09,-0.22,-0.01,-0.08,-0.12,-0.2,-0.09,-0.15,0.0,0.09
-0.88,-0.27,-2.13,0.87,0.81,-0.23,1.04,1.1,0.53,-0.31,0.35,-0.26,-0.56,-0.27,-0.13,-0.17,-0.24,0.36,0.09,-0.36,0.35,0.36,0.36,0.45,-0.25,-0.12,0.15,0.11,-0.25,-0.04,0.01,-0.06,0.18,-0.26,-0.01,0.01,-0.01,-0.13,-0.05,0.16,-0.22,-0.08,0.1
-0.75,0.36,-2.38,1.15,1.27,-0.24,0.26,1.58,0.98,0.15,0.41,-0.69,-0.5,-0.16,-0.26,0.1,-1.01,0.01,-0.18,-0.57,0.23,0.01,-0.09,0.45,-0.38,-0.14,0.32,-0.14,-0.25,-0.17,0.23,-0.15,0.14,0.18,0.13,-0.07,0.01,0.0,0.11,0.03,-0.1,-0.06,0.01
-0.78,-0.22,-2.16,0.79,0.55,-0.17,0.99,1.33,0.02,-0.11,0.75,-0.77,-0.54,-0.39,0.22,0.35,-0.65,-0.02,-0.61,-0.33,0.18,0.2,-0.1,0.1,-0.37,-0.45,0.22,-0.04,-0.16,0.14,-0.21,-0.36,0.13,-0.06,0.18,-0.1,-0.13,-0.13,-0.02,0.11,-0.1,0.09,0.01
-0.83,-0.28,-2.43,1.02,0.96,0.05,0.96,1.96,0.33,-0.04,1.22,0.45,-0.54,-0.27,0.3,-0.08,0.01,-0.7,0.35,-0.76,0.06,-0.2,0.49,0.25,-0.06,-0.35,-0.16,0.11,0.17,0.16,0.02,-0.18,0.34,-0.03,-0.06,-0.09,0.09,-0.16,0.08,0.09,-0.08,0.07,-0.05
-0.74,-0.44,-2.09,2.67,1.92,0.26,-0.18,2.13,-0.78,-0.83,1.66,-0.08,0.06,-0.05,0.19,-0.08,-0.3,0.39,-0.29,0.31,0.24,-0.36,0.14,-0.2,-0.19,0.18,-0.27,0.15,0.36,-0.01,-0.03,0.22,0.09,-0.48,-0.02,0.19,0.2,0.13,0.16,-0.02,0.04,0.15,-0.05
-0.89,-0.27,-1.77,1.58,1.38,0.2,-0.07,1.25,0.01,0.24,0.94,0.22,-0.24,0.49,1.05,0.95,-0.1,-0.16,-0.37,0.07,-0.32,-0.45,0.26,-0.32,-0.14,-0.18,-0.2,0.17,0.29,-0.02,0.06,0.05,-0.06,0.12,-0.09,0.27,0.18,0.01,-0.06,-0.19,0.08,0.0,-0.12
-0.94,-0.19,-2.13,1.39,1.89,-0.23,-0.13,1.23,-0.47,0.05,0.61,0.32,-0.81,-0.0,0.78,-0.09,-0.36,-0.59,-0.1,0.24,0.28,-0.27,0.19,-0.36,-0.15,-0.18,0.22,0.56,0.27,-0.04,-0.24,0.18,0.2,-0.04,0.24,0.35,0.18,0.09,0.13,-0.17,0.23,-0.07,-0.2
-0.81,-0.41,-2.21,2.08,1.99,-0.19,-0.44,2.45,-0.63,-0.62,1.65,0.32,-0.13,-0.36,-0.06,-0.95,0.49,-0.64,-0.42,-0.42,-0.32,-0.17,0.2,-0.28,-0.24,-0.15,0.13,0.98,0.43,0.16,-0.47,0.31,0.39,-0.13,0.19,0.2,-0.05,0.05,-0.1,-0.23,0.08,-0.03,0.07
-0.95,-0.05,-2.21,1.59,1.47,0.13,-0.18,1.74,-0.32,-0.16,1.23,0.83,-0.55,1.14,1.02,0.51,-0.38,-0.4,0.29,-0.15,0.07,-0.48,0.46,-0.31,0.04,0.28,0.25,0.28,0.09,-0.15,-0.18,-0.15,0.26,0.23,-0.1,0.09,0.05,0.19,0.05,0.01,0.06,0.03,-0.11
-0.82,-0.24,-2.1,1.84,1.26,0.11,-0.09,1.46,0.13,-0.18,1.0,-0.84,-0.22,0.43,0.49,0.61,-0.6,-0.75,0.6,-0.41,0.56,-0.16,0.38,-0.18,-0.12,-0.02,0.0,0.45,0.33,-0.16,-0.2,0.17,0.43,-0.3,-0.07,0.02,-0.08,0.01,-0.23,-0.1,0.14,0.03,-0.05
-0.79,-0.1,-2.25,1.45,1.4,-0.37,0.71,1.14,0.09,-0.07,0.79,0.02,-0.15,0.35,0.51,0.79,-0.66,-0.28,0.3,-0.46,-0.17,-0.1,-0.06,-0.17,0.32,-0.35,-0.06,-0.02,0.11,0.16,-0.24,-0.09,0.03,-0.03,-0.25,-0.25,0.16,-0.05,-0.01,-0.11,-0.05,0.11,0.02
-0.86,-0.43,-2.14,1.22,1.76,-0.18,0.18,1.91,0.9,-0.07,0.61,0.2,-0.15,0.22,0.77,0.87,-0.04,-0.59,0.34,-0.68,-0.14,-0.19,0.3,0.18,0.24,0.07,-0.12,-0.29,0.23,-0.2,-0.17,-0.24,-0.01,0.0,-0.23,-0.43,-0.17,0.03,-0.1,0.01,-0.05,-0.02,-0.06
-0.89,-0.4,-1.79,0.92,1.6,-0.17,0.31,1.75,0.68,0.28,0.53,0.02,-0.29,0.39,0.87,0.94,-0.43,-0.35,0.49,0.23,0.28,0.18,-0.29,0.41,-0.2,-0.0,-0.42,-0.26,-0.25,0.08,0.42,-0.15,0.1,-0.16,0.05,-0.11,0.04,-0.04,-0.19,0.04,-0.13,0.14,0.02
-0.91,-0.54,-2.09,0.75,1.8,-0.51,0.56,2.67,0.9,0.34,1.52,0.45,-0.12,0.29,0.78,0.58,-0.29,-0.61,0.14,-0.23,0.25,-0.04,0.07,0.11,0.16,-0.23,0.36,-0.57,-0.12,0.15,0.04,-0.19,0.12,-0.07,-0.35,-0.18,-0.07,-0.04,-0.04,0.06,-0.17,0.13,0.01
-1.08,-0.02,-2.01,0.96,1.46,-0.2,0.18,1.73,0.8,0.5,1.02,0.05,0.25,0.26,0.55,0.99,-0.64,-0.58,0.59,-0.4,0.3,-0.44,0.35,0.33,0.18,0.23,-0.08,-0.02,-0.1,-0.09,0.06,-0.04,0.32,-0.25,-0.3,0.0,-0.14,-0.15,-0.1,-0.14,-0.02,0.04,0.09
-0.79,-0.14,-2.35,1.53,1.47,-0.07,-0.05,1.2,1.24,-0.29,0.08,-0.34,-0.27,0.67,-0.64,0.68,-0.2,-0.89,0.25,-0.47,0.03,-0.0,0.39,0.48,-0.0,-0.28,-0.01,-0.09,0.47,0.01,-0.08,-0.17,0.36,0.07,-0.03,-0.38,-0.12,-0.08,-0.09,-0.26,0.06,0.03,-0.01
-0.86,0.48,-2.25,1.13,1.78,0.31,-0.28,1.23,0.43,0.12,0.85,0.03,0.86,0.6,-0.55,0.55,-0.9,0.02,0.27,-0.42,-0.22,-0.51,0.06,0.43,0.14,-0.2,0.3,-0.65,0.09,-0.22,0.13,-0.28,0.38,0.33,-0.22,-0.38,-0.08,0.04,-0.1,-0.02,-0.01,0.06,-0.01
-0.67,0.01,-1.94,1.75,1.4,0.18,-0.15,1.3,0.46,-0.49,0.64,0.46,0.07,0.49,-0.37,0.93,-0.5,0.37,0.16,0.48,-0.19,-0.49,0.32,0.17,-0.25,-0.32,0.18,-0.77,0.04,-0.25,0.2,-0.12,0.24,0.09,-0.13,-0.12,-0.12,0.06,0.12,0.11,-0.07,-0.09,-0.03
-0.85,0.12,-2.19,1.58,1.74,0.21,0.03,2.05,0.81,0.34,0.87,0.45,0.55,0.45,-0.84,0.29,0.47,-0.14,0.58,-0.08,0.17,-0.65,0.45,0.08,-0.47,0.12,0.48,-0.53,-0.27,-0.1,-0.16,0.1,0.17,-0.0,-0.1,-0.29,-0.12,-0.02,-0.08,0.18,-0.17,0.11,-0.03
-0.89,0.29,-1.51,1.01,1.47,0.03,-0.05,1.15,0.45,-0.2,0.13,-0.33,-0.1,0.35,-0.57,-0.21,0.03,0.38,0.44,0.15,0.04,0.21,0.26,0.63,-0.3,0.02,-0.21,-0.02,-0.18,0.29,0.19,-0.09,0.23,0.17,-0.0,-0.19,-0.02,0.02,-0.34,-0.05,-0.22,-0.03,0.07
-0.94,-0.01,-1.66,1.19,1.74,-0.12,0.3,1.09,2.04,0.04,0.35,0.49,-0.34,1.29,-0.18,-0.16,0.05,-0.61,0.48,0.23,-0.23,0.01,0.12,0.88,0.11,0.02,0.11,-0.08,0.3,0.19,0.05,-0.06,0.08,-0.1,0.25,-0.19,0.21,-0.05,0.02,-0.1,0.1,0.1,-0.07
-0.94,0.03,-1.86,0.76,1.72,-0.29,0.15,1.5,1.59,0.29,0.37,0.28,-0.01,1.1,0.36,-0.47,0.39,0.35,0.76,0.42,-0.38,-0.06,0.32,0.87,-0.22,0.02,-0.01,-0.1,0.11,-0.15,0.03,0.16,-0.02,0.0,-0.13,-0.09,0.05,-0.17,0.03,-0.21,0.01,0.04,0.01
-0.98,-0.19,-2.28,1.12,1.93,-0.09,0.49,1.39,1.31,0.38,0.04,0.63,0.2,-0.06,0.61,0.24,-0.88,0.23,0.39,-0.07,0.37,-0.1,0.03,0.44,-0.3,0.22,0.02,0.18,0.24,0.1,-0.24,0.24,0.28,-0.05,0.02,-0.17,-0.13,-0.07,-0.23,-0.2,0.07,-0.03,0.05
-0.9,-0.09,-1.93,1.04,2.18,-0.23,0.24,1.8,0.99,-0.14,0.93,0.73,-0.05,-0.5,0.43,-0.16,0.23,0.51,0.15,0.78,-0.43,0.32,-0.19,0.34,-0.02,0.31,0.17,0.69,0.3,-0.48,-0.14,0.4,-0.13,-0.02,0.16,-0.49,-0.01,0.19,0.14,-0.15,0.01,0.06,-0.05
-0.84,-0.51,-1.65,0.96,1.19,0.15,-0.2,2.23,1.91,0.39,0.23,0.48,0.13,0.62,0.37,-0.06,-0.54,0.81,0.63,0.74,0.02,-0.22,0.26,0.28,-0.44,0.1,0.31,0.12,0.06,-0.23,-0.3,0.06,0.08,-0.15,-0.04,-0.18,0.13,-0.12,-0.01,-0.11,0.04,-0.08,0.04
-0.69,-0.2,-1.48,1.88,1.53,0.12,-0.11,1.53,1.24,-0.02,0.09,0.51,0.28,0.78,0.67,0.06,-0.75,1.01,0.24,0.29,0.3,-0.61,0.08,0.51,-0.43,0.46,-0.05,0.14,0.13,-0.57,0.04,-0.13,0.13,-0.25,-0.1,-0.11,-0.02,-0.28,-0.02,0.18,-0.04,-0.14,0.02
-0.79,-0.23,-1.73,0.92,1.77,-0.24,-0.13,1.88,0.87,0.07,0.94,0.09,0.05,0.46,0.69,-0.16,-0.22,0.21,0.84,0.21,0.15,-0.22,0.32,0.65,-0.15,0.13,-0.02,-0.4,-0.23,-0.56,-0.07,0.48,-0.02,-0.22,-0.04,-0.11,0.11,-0.25,0.03,-0.2,0.11,-0.06,-0.09
-0.81,-0.54,-1.85,0.86,1.08,0.57,-0.7,1.26,2.13,-0.25,0.11,0.85,-0.22,-0.02,0.34,0.71,-0.73,0.4,0.05,0.61,0.09,-0.1,0.04,0.55,-0.27,-0.17,0.03,-0.19,0.47,-0.44,0.37,0.19,-0.33,-0.11,-0.05,0.01,-0.19,0.06,-0.12,0.04,0.0,-0.13,-0.05
-0.71,-0.47,-1.81,1.17,1.71,0.47,-0.41,1.46,1.09,-0.46,0.14,0.27,0.14,0.26,0.64,0.95,-1.0,0.71,0.34,0.72,0.38,-0.18,0.07,0.38,-0.4,0.18,0.14,-0.5,0.16,-0.45,0.44,-0.03,-0.04,-0.18,-0.07,-0.26,-0.26,0.14,0.11,-0.09,-0.18,-0.07,-0.01
-0.81,-0.24,-1.5,1.06,1.27,0.58,-0.95,1.6,1.19,-0.42,0.14,0.6,0.03,0.31,-0.23,0.7,-0.97,0.45,0.15,0.44,0.06,0.45,-0.34,0.59,-0.24,-0.13,-0.28,-0.18,0.2,-0.44,0.08,0.19,0.08,-0.11,0.09,-0.19,-0.01,0.04,-0.06,0.04,-0.19,-0.12,0.01
-0.81,-0.33,-1.33,1.51,1.43,0.41,-0.83,1.77,0.66,-0.29,0.58,0.45,0.16,0.9,-0.15,0.89,-1.16,1.01,0.4,0.78,0.44,0.09,0.23,0.59,-0.28,0.61,-0.0,-0.44,0.04,-0.15,-0.2,0.2,0.09,-0.06,0.19,-0.04,-0.13,-0.14,0.04,0.15,-0.24,-0.08,-0.06
-0.82,-0.41,-1.69,1.41,1.58,0.19,-0.33,1.53,1.28,0.12,-0.38,-0.38,-0.25,0.65,0.13,0.57,-1.07,0.82,0.28,0.33,-0.07,0.39,0.18,0.66,-0.3,0.63,0.06,-0.57,-0.25,-0.45,0.19,0.27,0.13,-0.05,-0.16,-0.06,-0.1,0.11,0.11,-0.02,-0.21,-0.08,-0.07
-0.91,-0.12,-1.71,1.1,1.59,-0.09,-0.59,0.99,1.4,-0.28,-0.38,0.06,-0.43,0.24,0.12,0.07,-0.82,0.75,0.66,0.54,0.27,0.39,-0.36,0.09,-0.5,0.08,-0.12,-0.04,-0.41,-0.05,0.02,0.19,0.12,-0.23,-0.05,-0.1,-0.05,-0.02,-0.05,-0.08,0.03,-0.07,0.03
-0.78,-0.34,-1.8,1.5,1.35,0.75,-0.63,1.84,1.86,-0.04,0.55,0.4,-0.36,0.6,0.65,0.52,-0.73,0.67,0.34,0.64,0.55,0.6,0.06,0.05,-0.01,-0.11,-0.08,0.05,-0.06,-0.12,-0.16,0.06,0.1,-0.25,-0.28,-0.07,0.02,-0.25,0.06,-0.16,0.1,-0.01,-0.04
-0.68,-0.43,-1.77,1.08,1.5,0.2,-0.41,1.55,1.79,0.07,0.24,1.16,-0.23,0.2,0.11,-0.26,-0.79,0.26,0.81,0.27,-0.75,0.15,0.61,0.55,0.1,0.35,0.3,-0.07,-0.07,-0.18,-0.33,-0.17,0.16,-0.44,0.22,0.11,-0.11,0.25,-0.09,-0.01,-0.15,0.02,0.13
-0.78,-0.59,-2.05,1.44,2.23,-0.38,-0.03,2.44,1.6,-0.09,0.29,0.61,-0.98,-0.62,-0.17,-0.51,0.2,0.77,-0.44,1.3,-0.3,0.43,-0.08,0.5,0.19,-0.14,0.11,0.59,-0.06,-0.21,-0.54,0.29,0.04,-0.31,0.14,-0.11,0.09,-0.08,-0.16,-0.3,0.12,0.05,-0.03
-0.79,-0.5,-1.68,1.18,1.64,-0.16,-0.23,1.15,0.31,-0.32,0.01,0.34,-0.22,-0.78,-0.01,-0.16,-0.21,0.86,-0.36,0.85,-0.33,-0.17,0.07,0.15,0.12,0.7,-0.14,0.85,0.19,-0.2,-0.43,0.16,-0.08,-0.4,0.17,-0.2,0.1,0.32,-0.12,-0.02,-0.13,0.03,0.02
-0.74,-0.21,-1.7,0.98,1.88,0.33,-0.39,1.3,1.7,0.08,-0.48,0.57,-0.43,0.34,0.1,-0.43,-0.28,0.03,1.07,0.11,-0.19,0.49,-0.13,0.28,-0.1,-0.18,-0.01,-0.27,0.09,-0.24,-0.17,-0.02,-0.0,-0.18,-0.08,-0.03,-0.1,-0.01,-0.13,-0.3,0.25,0.06,-0.05
-0.8,-0.23,-1.83,1.1,1.58,-0.09,-0.39,1.19,1.9,-0.17,-0.37,0.54,-0.46,-0.37,-0.1,-0.1,-0.36,0.39,0.5,-0.05,0.0,0.4,-0.27,1.01,-0.24,-0.2,0.48,-0.1,-0.11,-0.45,-0.34,0.03,0.02,0.25,-0.02,0.12,-0.01,0.02,0.01,-0.11,-0.23,-0.13,0.08
-0.87,-0.32,-1.86,1.15,1.32,0.16,-0.29,1.41,1.74,0.12,-0.51,0.96,-0.49,-0.35,0.03,-0.41,-0.33,-0.3,0.42,-0.34,0.1,0.11,-0.02,0.75,-0.42,0.46,0.03,-0.11,0.12,-0.05,0.04,-0.19,-0.11,-0.04,0.01,0.15,-0.21,-0.11,0.01,0.03,-0.1,-0.07,0.07
-0.86,-0.29,-1.85,1.24,1.52,0.02,0.05,1.59,1.77,-0.01,-0.03,0.65,-0.09,-0.89,0.21,-0.15,-0.56,-0.07,0.79,0.24,0.04,0.21,-0.14,0.67,0.17,0.23,-0.02,-0.18,0.12,-0.31,0.04,-0.06,0.2,-0.14,-0.34,0.23,-0.22,-0.1,-0.22,-0.06,0.02,-0.01,-0.02
-0.88,-0.39,-1.9,1.16,1.5,0.64,0.06,1.86,1.69,-0.05,0.39,0.87,-0.37,-0.43,-0.04,0.04,-0.41,0.04,0.14,0.05,-0.03,-0.1,-0.08,0.5,0.03,-0.0,-0.03,-0.21,-0.09,-0.33,-0.0,-0.32,-0.13,0.16,-0.16,0.15,-0.12,0.01,-0.09,0.01,-0.07,0.06,0.04
-0.75,-0.47,-1.48,0.96,1.62,0.05,-0.27,1.57,1.73,-0.49,0.17,0.02,-0.28,-0.56,0.34,-0.33,0.08,0.09,0.65,0.22,-0.04,0.03,0.18,0.47,-0.08,-0.34,0.36,-0.36,0.06,-0.54,-0.28,0.34,0.39,-0.19,0.02,-0.13,0.15,-0.05,0.08,-0.19,0.06,-0.01,-0.01
-0.88,-0.53,-1.55,1.11,1.0,0.25,-0.59,1.48,1.29,0.17,0.15,1.09,-0.47,-0.92,-0.06,0.34,-0.59,-0.19,-0.01,0.06,-0.31,0.08,-0.09,0.23,-0.11,0.21,0.25,0.16,-0.22,-0.04,-0.2,-0.04,-0.25,-0.07,-0.11,0.03,-0.24,-0.17,-0.1,0.07,-0.09,-0.2,0.07
-0.85,-0.3,-1.47,1.23,1.2,0.18,-0.29,1.28,1.6,0.16,-0.16,0.86,-0.45,-0.65,-0.03,0.75,0.1,0.31,0.16,0.57,-0.05,-0.65,-0.39,0.51,0.06,0.33,0.24,-0.28,0.19,-0.32,-0.02,-0.38,0.15,0.21,0.11,0.08,0.02,-0.01,0.1,0.11,-0.11,0.03,-0.07
-0.82,-0.28,-2.2,1.76,1.75,0.07,-0.08,1.64,1.94,0.57,0.11,0.35,-0.07,-0.55,-0.37,0.52,0.27,0.3,-0.27,0.21,-0.27,-0.51,-0.02,0.78,-0.06,-0.09,0.25,-0.12,0.04,-0.37,-0.08,-0.23,0.45,0.11,0.29,0.19,0.21,-0.23,0.06,-0.15,-0.18,-0.08,0.01
-0.92,-0.15,-1.78,1.46,1.68,-0.19,-0.57,1.99,1.43,0.35,0.49,1.08,-0.22,-0.84,0.34,0.18,0.05,0.01,0.55,0.29,0.03,0.07,-0.06,0.74,0.14,-0.24,0.53,-0.02,0.28,-0.32,0.01,0.15,0.16,0.22,0.19,-0.02,0.1,0.19,-0.05,-0.05,0.0,-0.05,0.04
-0.91,-0.37,-2.0,1.15,1.2,0.26,-0.71,1.51,2.28,0.25,0.29,0.65,-0.27,-0.34,-0.46,0.42,-0.39,0.1,-0.51,0.44,-0.49,-0.33,0.14,0.47,-0.16,0.05,0.12,-0.03,-0.21,-0.23,-0.18,0.21,0.01,0.15,-0.05,0.01,-0.07,-0.13,-0.12,-0.09,-0.02,-0.12,0.0
-0.84,-0.18,-1.97,1.47,1.56,0.34,-0.37,1.38,1.98,0.06,-0.49,1.23,-0.64,0.13,0.06,0.28,-0.23,0.1,0.36,0.04,-0.32,0.09,-0.16,0.26,-0.23,-0.04,-0.33,0.17,0.25,-0.36,-0.33,-0.3,-0.14,-0.2,0.04,-0.09,-0.1,0.08,0.06,0.08,-0.07,-0.04,-0.05
-0.75,-0.2,-1.71,1.37,1.2,-0.35,-0.53,1.77,2.0,0.09,0.01,0.8,-0.51,-0.28,0.04,0.47,-0.08,0.12,0.33,-0.23,-0.4,-0.01,-0.07,0.86,-0.44,-0.4,0.14,-0.37,0.04,-0.48,0.2,-0.11,0.18,0.39,-0.35,-0.1,0.14,-0.03,-0.11,0.14,-0.22,0.12,0.04
-0.71,-0.27,-1.85,1.08,1.55,0.26,-0.78,1.37,2.43,0.3,0.05,0.9,0.08,0.33,0.23,0.97,-0.51,0.19,0.21,0.41,-0.68,-0.23,-0.1,0.54,0.11,-0.41,0.45,-0.49,-0.01,-0.53,0.02,0.23,0.04,-0.19,0.21,-0.03,-0.01,-0.05,0.03,-0.12,0.01,0.05,0.08
-0.77,-0.28,-1.4,1.03,1.88,-0.38,-0.03,1.79,1.85,0.19,-0.28,1.3,-0.55,-0.39,0.13,0.2,-0.06,0.44,0.15,0.62,-0.31,0.48,0.32,0.29,-0.44,-0.31,-0.47,0.07,-0.11,-0.16,-0.21,-0.14,0.05,-0.17,0.11,-0.01,0.21,-0.17,-0.08,0.04,-0.15,-0.12,0.09
-0.79,-0.15,-1.9,1.51,1.42,0.54,-0.18,1.86,1.91,0.83,-0.09,0.38,-0.44,-0.06,-0.31,0.55,-0.03,0.2,0.4,0.04,-0.36,-0.39,0.28,0.13,-0.14,-0.21,-0.1,-0.23,-0.22,0.05,-0.31,0.12,-0.11,-0.3,0.16,0.31,0.21,-0.07,0.01,-0.0,0.03,0.03,0.04
-0.84,-0.13,-1.69,0.99,1.34,0.0,-0.81,1.61,1.72,0.45,-0.41,0.96,-0.18,-0.44,-0.13,0.13,-0.5,0.49,-0.59,0.39,-0.04,-0.11,-0.06,0.89,-0.04,-0.19,0.33,0.04,0.23,-0.45,-0.19,0.19,0.13,-0.08,-0.07,-0.02,0.13,0.06,-0.16,-0.18,0.01,0.08,0.05
-0.94,-0.41,-1.94,0.98,1.09,0.09,-0.01,1.21,1.17,0.67,0.02,0.63,-0.25,-0.93,0.1,0.91,0.01,-0.01,-0.13,0.12,-0.16,0.27,-0.09,0.72,0.14,-0.32,-0.11,0.08,-0.02,-0.32,-0.1,-0.0,-0.02,-0.02,-0.14,0.3,-0.14,-0.14,-0.22,0.0,0.07,0.01,0.05
-0.74,-0.26,-1.7,1.42,1.49,-0.22,-0.25,1.69,1.5,-0.03,0.27,0.66,-0.67,-0.46,0.75,0.39,-0.11,0.22,-0.21,-0.33,-0.18,-0.03,0.3,0.61,-0.2,-0.27,0.19,0.09,-0.26,-0.46,-0.29,-0.18,0.27,-0.33,0.34,-0.0,0.22,0.02,0.1,0.04,-0.14,0.12,-0.02
-0.87,-0.14,-1.55,1.47,0.96,0.39,-0.34,1.6,1.09,0.53,0.39,0.84,0.29,-0.63,-0.29,0.73,0.1,0.32,0.0,0.24,-0.09,0.09,-0.08,0.87,0.06,-0.19,0.24,-0.09,-0.02,-0.33,-0.28,0.25,-0.05,-0.2,0.11,0.01,-0.02,-0.1,0.13,-0.05,-0.18,0.05,0.03
-0.89,-0.15,-1.56,1.15,0.83,0.26,-1.22,1.38,1.32,0.28,0.24,0.82,0.07,-0.31,0.09,0.2,0.39,0.52,-0.06,0.26,-0.27,0.04,-0.04,0.53,0.06,-0.19,0.03,-0.11,-0.3,-0.09,-0.19,0.3,0.24,-0.06,0.02,-0.07,0.19,0.02,0.1,-0.03,-0.03,0.17,-0.02
-0.79,-0.02,-1.96,1.09,1.28,-0.02,-1.25,0.82,1.2,0.18,0.37,0.32,-0.21,-0.21,-0.86,1.24,0.11,-0.07,-0.22,-0.09,-0.57,-0.95,0.08,0.36,0.0,-0.2,0.67,-0.19,0.3,-0.32,-0.27,0.08,0.16,0.01,0.25,-0.0,0.21,0.15,0.05,-0.14,-0.1,0.23,-0.01
-0.94,-0.06,-1.45,1.55,0.9,0.5,-0.95,1.15,1.49,0.53,-0.03,1.4,0.26,-0.2,-0.39,1.2,0.5,0.38,0.09,0.84,-0.46,-0.78,0.12,0.15,-0.14,-0.37,0.27,0.08,0.02,-0.24,0.22,0.03,-0.01,0.13,0.15,-0.09,0.11,-0.13,0.01,-0.03,-0.21,-0.14,-0.01
-0.82,-0.11,-1.46,1.29,0.92,0.55,-0.67,1.74,1.9,0.53,-0.25,0.82,0.35,0.04,0.25,0.72,-0.42,0.59,-0.12,0.56,0.17,-0.03,0.28,0.77,0.21,0.1,0.21,-0.3,0.19,-0.12,-0.16,-0.13,-0.14,0.21,-0.2,0.21,0.12,-0.08,0.0,0.0,0.04,-0.0,-0.05
-0.84,-0.15,-1.57,1.11,0.69,0.34,-0.83,1.18,1.23,0.82,-0.7,1.02,0.19,-0.72,-0.14,0.52,0.31,0.04,-0.18,0.34,-0.37,0.08,-0.17,0.49,0.26,-0.11,0.4,0.16,0.21,-0.2,-0.22,0.15,0.04,-0.07,0.04,0.1,0.03,-0.17,0.02,-0.07,0.06,0.07,0.01
-0.66,0.24,-1.72,1.06,0.39,0.16,0.13,1.87,0.92,0.65,-0.57,0.78,0.19,-0.46,0.08,0.29,0.37,0.4,0.4,0.65,-0.3,-0.17,-0.08,0.56,0.29,0.22,0.12,-0.2,0.32,-0.63,0.13,0.38,0.3,0.05,0.25,0.14,0.23,0.19,0.23,0.07,0.11,-0.09,0.02
-0.72,0.44,-1.54,1.02,1.38,-0.15,-0.94,1.35,0.51,0.75,-0.6,0.71,0.35,-0.42,-0.29,1.33,-0.32,0.35,-0.78,0.56,-0.79,-0.15,-0.0,0.81,-0.2,-0.39,0.18,-0.25,-0.18,-0.33,-0.7,-0.12,-0.08,0.25,-0.17,0.23,0.05,-0.12,-0.17,-0.17,0.14,0.08,-0.09
-0.68,0.35,-1.46,0.5,0.8,0.0,-0.9,1.77,-0.38,1.23,-0.36,1.14,0.19,-0.97,0.81,0.39,0.97,0.5,-0.15,0.46,-0.87,-0.35,0.3,0.6,-0.39,-0.41,0.35,-0.46,-0.1,-0.1,-0.3,0.22,-0.36,0.22,-0.04,0.13,-0.04,-0.14,-0.08,-0.06,-0.14,-0.02,-0.03
-0.73,-0.45,-1.41,1.45,0.86,0.05,-0.21,2.14,1.33,0.22,0.21,0.77,0.19,-0.48,0.17,0.46,0.67,-0.02,0.28,0.14,0.04,-0.27,0.4,0.37,0.17,-0.14,0.37,-0.76,0.15,0.1,0.02,-0.06,0.09,-0.16,-0.06,0.01,0.03,-0.12,-0.12,-0.01,-0.15,0.14,-0.08
-0.77,-0.33,-1.49,1.13,0.89,-0.04,-0.37,1.5,1.3,0.15,-0.33,0.97,0.43,-0.65,0.17,0.25,0.57,0.1,0.42,0.05,0.15,-0.62,0.43,0.39,0.04,0.06,-0.19,0.12,0.66,-0.21,-0.39,-0.06,-0.07,-0.15,0.33,0.1,0.15,0.06,-0.24,0.01,-0.1,0.11,-0.07
-0.79,-0.28,-1.47,1.47,1.13,0.17,-0.26,1.55,1.52,0.6,-0.71,0.54,0.41,-0.34,-0.08,0.24,0.41,0.06,0.04,0.41,0.07,-0.2,0.2,0.66,0.17,0.15,0.12,-0.26,0.44,0.11,-0.65,-0.03,0.02,0.07,-0.05,0.08,-0.25,-0.1,-0.22,-0.13,0.07,0.07,-0.1
-0.89,-0.36,-1.55,1.23,1.18,0.13,-0.31,1.77,1.23,0.63,0.16,1.04,0.65,-0.5,-0.13,0.33,0.5,0.25,0.04,0.64,0.02,-0.32,0.31,0.68,-0.14,0.13,0.6,-0.09,0.38,0.03,-0.21,0.36,-0.08,0.11,0.11,0.01,0.02,0.03,-0.13,0.09,-0.16,0.01,0.01
-0.85,-0.02,-1.93,1.51,1.31,0.13,-0.25,1.64,0.94,0.42,0.1,0.67,0.07,-0.96,-0.01,0.27,0.27,0.08,0.47,0.28,-0.05,0.13,0.15,0.42,0.04,0.08,0.09,-0.0,0.31,0.22,-0.02,-0.07,-0.15,0.03,0.05,0.04,-0.06,-0.22,0.04,0.04,-0.11,0.0,-0.02
-0.69,-0.57,-1.39,1.88,1.03,0.25,-0.33,1.46,0.24,-0.13,0.38,0.51,0.25,-0.53,-0.12,-0.02,0.61,0.71,-0.06,1.35,-0.54,-0.41,0.14,0.76,-0.27,0.17,0.29,0.04,0.4,-0.06,0.01,0.21,-0.3,-0.17,-0.09,-0.14,0.12,0.03,-0.04,-0.13,-0.05,0.07,-0.04
-0.8,-0.24,-1.84,1.92,1.38,0.35,-0.42,1.76,1.14,0.36,0.59,0.91,-0.21,-0.84,0.13,0.22,0.96,0.36,0.06,1.21,-0.44,-0.18,0.33,0.42,0.18,0.41,0.18,-0.02,0.6,0.1,0.06,0.47,-0.07,-0.11,0.03,-0.23,-0.16,0.01,0.08,0.05,-0.21,0.01,-0.03
-0.91,-0.47,-1.57,1.29,0.63,0.25,-0.51,1.6,0.1,-0.15,0.32,1.01,0.28,-0.87,0.02,-0.02,0.79,0.13,-0.04,0.54,0.04,-0.04,-0.07,0.68,0.15,-0.06,0.29,-0.04,0.3,0.03,0.21,-0.05,0.36,0.03,-0.03,-0.08,0.13,-0.0,-0.08,0.1,-0.25,0.1,-0.05
-0.81,-0.34,-1.34,1.47,0.93,0.26,-0.88,1.68,0.77,-0.08,0.03,1.08,0.45,-0.58,0.02,0.19,0.68,0.4,-0.4,0.67,0.0,-0.05,-0.14,0.24,0.02,-0.38,0.49,-0.33,0.67,-0.64,-0.03,0.4,0.14,-0.45,0.06,-0.3,0.11,0.08,-0.1,-0.04,-0.13,0.12,-0.12
-0.91,-0.59,-1.53,1.52,0.66,0.05,-0.64,2.0,0.28,-0.09,-0.17,1.07,0.34,-1.08,-0.06,-0.43,0.72,0.54,-0.27,0.98,-0.14,0.13,-0.26,0.95,-0.23,-0.07,0.18,0.23,0.21,-0.1,-0.06,0.24,0.26,-0.2,-0.24,0.14,0.21,-0.11,-0.07,0.17,-0.2,0.2,-0.06
-0.86,-0.18,-1.46,1.29,0.61,0.15,-0.73,1.7,0.81,0.61,-0.21,0.76,0.54,-0.24,0.23,0.44,0.39,0.44,0.33,0.72,-0.14,-0.41,0.1,0.19,0.18,0.04,0.46,-0.15,0.36,-0.49,-0.14,-0.05,0.19,-0.04,0.18,-0.18,0.09,0.01,-0.1,-0.06,-0.04,0.13,-0.1
-0.88,-0.33,-1.58,1.25,0.5,0.41,-0.46,1.45,1.05,0.55,-0.22,1.15,0.73,-0.55,-0.11,0.64,0.14,0.49,-0.17,0.54,0.01,0.28,0.01,0.46,0.19,-0.37,0.05,-0.24,0.39,-0.12,-0.16,0.17,-0.09,-0.33,0.25,0.1,0.22,0.04,-0.04,-0.04,-0.05,0.03,-0.01
-0.94,-0.29,-1.52,1.22,0.39,0.49,-0.88,1.16,0.81,0.42,-0.41,1.4,0.65,0.01,0.69,-0.1,0.1,0.31,0.5,0.24,0.25,0.05,-0.25,0.36,0.09,-0.23,0.22,0.05,0.54,-0.12,-0.43,-0.02,0.07,-0.13,-0.03,0.02,0.12,0.03,0.06,-0.08,0.02,0.04,-0.16
-0.95,-0.17,-1.6,1.17,0.37,0.49,-1.18,1.15,1.42,0.68,-0.67,1.05,0.04,-0.03,0.07,0.42,-0.15,0.38,-0.04,0.33,-0.13,0.18,-0.44,0.11,0.22,-0.11,0.27,-0.04,0.11,-0.06,-0.03,-0.15,-0.14,0.04,-0.05,-0.21,0.33,0.09,0.18,0.04,-0.09,0.11,-0.05
-0.96,-0.3,-1.95,1.29,0.72,0.5,-0.54,1.59,1.53,0.9,-0.5,1.38,0.2,-0.44,0.5,-0.15,0.15,0.31,0.14,0.5,-0.09,-0.03,-0.22,0.45,0.03,-0.02,-0.04,0.11,0.21,-0.25,0.04,0.14,0.13,0.03,-0.15,-0.03,0.06,-0.04,0.07,-0.16,0.08,0.02,0.09
-0.89,-0.35,-1.39,0.86,0.55,0.4,-0.77,2.04,1.06,0.41,0.04,1.05,0.51,-0.18,0.35,-0.36,0.12,1.15,0.36,0.44,-0.01,-0.04,0.1,0.53,-0.06,0.32,-0.06,0.02,0.0,-0.25,-0.11,0.06,0.12,-0.1,0.16,-0.08,0.15,-0.14,-0.05,0.04,-0.14,-0.03,-0.01
-0.77,-0.45,-1.51,1.43,0.49,0.62,-0.78,1.4,1.05,1.2,-0.31,0.79,0.28,-0.52,0.36,0.82,0.33,-0.01,0.14,-0.07,-0.11,-0.11,-0.04,0.78,-0.07,-0.13,0.24,-0.16,0.27,-0.14,0.26,0.52,0.07,0.25,-0.04,-0.09,0.09,-0.12,-0.07,-0.08,-0.1,-0.02,-0.02
-0.82,-0.64,-1.27,1.06,0.02,0.8,-0.83,2.01,0.6,0.66,0.52,0.96,1.31,-0.23,0.08,0.51,0.24,0.25,0.02,0.15,-0.09,-0.21,0.08,0.72,0.2,-0.12,0.21,0.08,0.44,-0.18,-0.0,0.22,0.04,0.12,-0.06,0.22,-0.0,-0.14,-0.06,-0.11,0.03,0.18,-0.06
-0.84,-0.26,-1.42,1.18,0.54,0.64,-0.78,1.97,0.71,1.06,0.48,1.5,0.03,-0.24,0.61,0.39,-0.03,0.35,0.12,0.01,0.27,-0.42,-0.1,0.45,-0.09,-0.39,0.5,0.12,0.15,-0.37,0.1,0.08,-0.1,0.2,-0.16,0.02,0.05,0.0,0.15,-0.18,0.01,-0.0,0.08
-0.94,-0.3,-1.79,1.2,0.8,0.21,-0.43,1.77,1.35,0.83,-0.16,0.59,0.29,-0.35,0.32,0.2,0.41,0.36,0.43,0.73,-0.07,-0.13,-0.02,0.15,0.46,0.02,0.04,0.08,0.28,-0.01,-0.08,0.08,0.33,0.21,-0.14,0.18,-0.2,0.0,0.09,-0.06,0.06,0.15,-0.08
-0.83,-0.37,-1.73,1.38,0.45,0.4,-0.28,1.74,0.48,0.51,0.15,0.69,0.13,-1.17,-0.05,0.11,0.11,0.09,0.39,-0.07,-0.17,-0.36,-0.01,0.48,-0.04,0.25,-0.14,-0.24,0.11,0.02,-0.04,-0.03,0.06,0.22,-0.26,-0.15,-0.25,-0.18,0.12,0.08,-0.09,-0.06,0.03
-1.0,-0.21,-1.79,1.08,0.63,0.82,-0.66,1.57,1.26,1.11,-0.01,0.98,0.43,-0.36,-0.23,0.21,-0.14,0.15,0.48,0.49,0.12,0.09,0.05,0.08,-0.29,0.72,-0.16,0.15,-0.1,0.23,0.05,0.3,0.1,-0.3,-0.04,0.09,0.02,0.25,0.04,-0.06,-0.15,-0.11,0.11
-0.98,-0.07,-1.77,1.04,0.83,0.5,-0.42,1.47,0.85,0.58,0.13,0.93,0.54,0.0,0.05,0.53,0.2,0.19,0.6,0.66,-0.22,0.14,-0.03,0.1,-0.17,0.35,0.13,-0.4,-0.24,0.03,-0.29,0.31,-0.12,0.15,0.15,0.12,-0.26,-0.01,-0.01,0.18,-0.12,0.05,-0.07
-0.99,-0.22,-1.71,1.26,0.65,0.49,-0.46,1.53,1.32,1.2,-0.13,0.89,0.66,-0.43,-0.01,0.77,0.18,-0.03,0.61,0.4,-0.45,-0.05,-0.08,0.64,-0.15,0.36,0.09,0.36,0.18,0.07,-0.02,0.08,-0.13,0.07,0.05,0.15,0.04,-0.21,0.1,0.19,-0.16,0.09,-0.07
-0.94,-0.18,-1.93,0.97,0.67,0.96,-0.71,1.02,1.37,0.46,0.43,1.07,0.67,0.12,-0.11,0.23,0.07,0.2,0.44,0.33,-0.27,-0.43,0.22,0.16,-0.31,0.15,0.16,0.39,-0.03,-0.08,-0.35,0.17,-0.08,-0.1,0.11,-0.01,-0.05,0.11,0.04,-0.03,-0.11,0.03,-0.04
-0.95,-0.19,-1.65,0.91,0.44,0.63,-0.73,1.35,0.85,0.49,-0.32,0.71,0.72,0.27,0.1,0.51,0.14,-0.07,0.54,0.5,-0.3,-0.21,0.01,0.4,-0.01,0.2,0.07,0.33,0.23,0.11,-0.26,-0.25,0.15,-0.15,0.27,-0.1,0.1,-0.1,-0.03,-0.03,-0.04,-0.13,0.06
-0.97,-0.05,-1.76,1.45,1.12,0.61,-0.24,1.2,0.9,0.81,-0.26,0.58,0.31,0.01,0.09,0.4,-0.02,-0.42,0.48,0.1,-0.07,0.21,-0.1,0.31,-0.37,0.3,-0.47,0.53,0.09,-0.02,-0.31,0.09,-0.33,0.26,-0.03,0.07,-0.05,0.09,0.04,-0.06,0.06,-0.04,-0.12
-0.97,-0.28,-1.3,0.94,0.46,0.72,-0.3,1.0,0.93,1.12,-0.16,0.71,0.53,-0.48,-0.38,0.39,-0.29,0.31,0.14,0.29,-0.03,-0.17,0.13,0.34,-0.11,0.5,0.0,0.31,0.08,0.32,-0.16,-0.08,-0.05,-0.15,-0.08,-0.12,-0.18,0.0,0.09,0.13,-0.12,0.01,0.01
-0.95,-0.35,-1.77,0.97,0.93,0.64,-0.75,1.76,0.71,0.78,0.22,0.87,0.52,0.53,-0.08,0.4,-0.07,0.45,0.17,0.67,-0.02,-0.29,-0.06,0.22,-0.19,0.09,0.1,0.1,-0.01,0.35,-0.02,-0.22,-0.22,0.02,-0.26,-0.12,0.02,0.12,0.02,0.08,-0.11,-0.04,0.09
-0.96,-0.23,-1.75,0.73,0.71,0.66,-0.5,1.86,0.65,0.88,0.01,1.08,0.56,-0.46,0.27,0.17,0.18,0.3,0.53,0.46,-0.68,-0.18,0.04,0.2,-0.26,0.34,-0.18,-0.31,0.03,0.38,-0.13,-0.18,-0.19,0.15,-0.16,-0.07,-0.21,0.12,-0.01,-0.04,-0.06,0.04,0.04
-0.93,-0.01,-1.34,1.46,0.78,0.16,-0.55,1.3,0.54,0.39,-0.41,1.09,1.1,-0.03,0.34,0.86,-0.01,-0.02,0.01,0.51,0.25,0.32,-0.27,-0.06,-0.06,0.19,0.5,0.28,0.09,0.41,-0.01,0.1,-0.12,-0.03,-0.4,0.04,-0.06,-0.17,-0.18,-0.09,0.03,0.07,0.07
-0.88,-0.42,-1.51,1.57,0.54,0.07,-0.4,1.64,0.94,-0.5,0.21,1.38,0.43,-0.07,0.11,0.38,0.16,0.55,0.7,0.14,-0.17,-0.12,0.1,-0.07,-0.44,0.28,0.32,0.15,0.27,0.14,-0.39,-0.18,-0.37,0.04,-0.4,-0.08,0.14,-0.1,-0.03,0.01,-0.06,0.07,0.05
-0.9,-0.54,-1.2,1.28,0.51,0.37,-0.62,1.44,0.45,0.25,0.47,1.28,0.82,-0.08,0.02,0.23,0.02,-0.07,0.1,0.68,-0.06,0.24,-0.54,0.93,-0.17,0.05,-0.19,-0.33,-0.07,0.56,0.26,-0.28,-0.4,0.3,-0.18,-0.28,0.17,-0.33,-0.08,-0.09,-0.2,-0.13,0.11
-0.96,-0.12,-1.86,1.76,0.87,-0.12,-0.56,1.52,0.1,0.05,0.32,1.57,0.25,-0.03,0.74,0.45,0.04,0.22,0.71,0.27,-0.14,-0.07,0.26,0.27,-0.03,0.25,0.28,-0.24,-0.21,0.05,0.12,0.03,-0.18,-0.23,0.03,0.01,-0.0,-0.25,0.14,0.05,-0.13,-0.15,-0.04
-0.85,-0.1,-1.54,1.11,0.1,0.6,-0.82,1.54,-0.04,-0.29,-0.17,1.62,0.5,0.13,0.51,0.43,-0.42,-0.27,0.35,0.35,0.06,-0.0,-0.01,0.59,-0.24,-0.08,-0.12,-0.33,0.04,0.07,0.4,-0.37,-0.17,0.0,0.04,-0.13,0.25,0.14,0.09,0.1,-0.18,-0.04,-0.03
-0.93,-0.41,-1.71,1.84,0.54,0.69,-0.66,1.36,0.19,0.06,0.26,1.13,0.71,-0.09,0.32,0.29,0.18,-0.24,0.64,0.27,-0.03,-0.22,-0.03,0.28,0.16,0.43,0.04,-0.28,0.27,0.39,0.15,-0.02,-0.01,0.23,-0.02,0.2,-0.0,-0.04,0.14,-0.1,-0.13,0.11,-0.03
-1.0,-0.18,-1.99,1.51,0.53,1.06,-0.34,1.34,0.52,1.01,-0.08,0.62,0.73,0.08,0.3,0.06,0.2,-0.24,0.83,0.69,-0.39,-0.24,-0.39,-0.41,0.07,0.2,-0.18,0.13,0.37,0.17,-0.18,-0.04,0.18,0.22,-0.1,0.05,0.1,-0.15,0.08,-0.08,0.11,-0.12,-0.09
-0.9,-0.14,-1.98,1.19,0.45,0.23,-0.07,2.08,1.37,0.81,0.04,1.14,0.5,0.17,0.51,0.61,0.21,0.02,0.45,0.1,-0.17,-0.32,0.17,0.44,-0.17,0.39,0.08,-0.22,0.02,0.16,0.01,0.01,0.16,0.09,-0.15,-0.15,0.07,-0.22,0.04,-0.03,-0.2,0.07,0.07
-0.96,0.04,-1.69,1.2,0.78,0.91,-0.14,1.87,0.9,1.24,0.4,0.09,0.52,0.16,0.23,0.29,-0.31,-0.2,0.06,-0.09,-0.23,-0.17,0.27,0.13,-0.51,0.37,-0.05,0.23,-0.03,0.61,0.03,0.02,-0.12,0.12,0.0,0.14,0.23,-0.21,0.33,0.02,-0.08,0.12,0.03
-0.92,-0.54,-1.8,1.12,0.86,0.52,-0.01,1.77,1.18,0.58,0.27,0.45,0.74,-0.59,0.23,0.17,0.24,-0.03,0.29,-0.2,0.02,-0.1,0.18,0.39,0.29,0.57,0.1,-0.32,-0.07,0.18,0.04,-0.14,0.13,0.15,-0.16,-0.0,-0.07,-0.16,0.01,-0.02,-0.11,-0.09,0.04
-1.01,-0.32,-1.61,0.9,0.77,0.34,-0.06,1.26,1.08,0.32,0.05,0.21,0.38,-0.06,-0.04,-0.16,0.52,0.26,0.76,0.07,-0.19,-0.01,0.16,0.17,0.01,0.37,0.17,0.01,0.01,-0.17,-0.26,0.18,0.26,0.05,-0.16,-0.03,0.06,-0.07,0.17,-0.0,-0.13,0.05,-0.11
-0.88,-0.29,-1.88,1.55,0.76,0.02,-0.47,1.39,0.79,0.79,-0.33,0.61,0.66,-0.19,0.28,0.22,0.28,0.07,0.37,0.08,-0.2,0.36,-0.36,0.09,-0.13,0.33,-0.18,-0.3,-0.39,0.01,0.21,-0.04,-0.08,0.2,0.01,0.05,0.03,-0.17,0.13,0.22,-0.17,0.07,0.01
-0.8,-0.36,-1.45,1.13,0.83,0.53,-0.4,1.32,0.52,0.62,0.26,-0.07,0.36,-0.56,-0.01,-0.03,0.39,-0.09,0.71,-0.27,0.05,0.16,-0.13,0.62,-0.29,-0.46,0.32,-0.28,0.07,0.1,-0.01,-0.04,0.13,0.11,-0.16,-0.11,-0.09,-0.06,0.01,-0.0,-0.08,-0.01,-0.04
-0.99,0.16,-1.92,0.91,0.93,-0.04,-0.86,1.65,0.06,1.36,0.31,1.26,0.98,-0.43,-0.42,-0.58,0.22,-0.0,1.09,-0.46,-1.06,-0.27,0.19,0.51,0.01,0.08,0.05,-0.03,-0.43,0.26,-0.3,-0.11,0.24,0.19,0.04,-0.02,0.32,-0.27,0.02,-0.05,-0.15,0.09,0.09
-0.91,-0.2,-1.96,0.99,0.61,0.45,-0.25,1.79,1.07,0.63,-0.11,0.44,0.57,-0.18,0.22,0.16,-0.08,0.32,0.09,-0.21,-0.24,0.2,-0.33,-0.11,-0.08,-0.26,0.1,0.01,-0.04,0.13,-0.54,-0.11,-0.26,0.18,-0.02,-0.07,0.0,0.08,0.07,0.18,0.02,0.02,0.01
-0.93,-0.25,-1.83,1.54,1.11,0.19,-0.44,1.67,0.59,0.54,0.01,0.93,0.6,0.28,0.11,0.31,-0.14,0.15,0.7,-0.35,-0.16,0.16,-0.18,0.5,-0.04,-0.28,-0.03,0.47,0.53,0.05,-0.28,-0.11,-0.04,0.35,-0.16,-0.09,0.42,0.04,0.05,-0.02,-0.06,0.11,-0.13
-0.95,-0.32,-1.81,1.39,1.35,0.02,-0.2,1.72,0.95,-0.14,0.03,0.45,0.33,-0.7,-0.34,-0.32,0.43,-0.09,0.54,0.1,-0.14,0.1,-0.04,0.28,-0.43,-0.1,0.57,-0.36,0.01,-0.05,-0.51,-0.04,-0.09,0.21,-0.36,-0.01,-0.16,-0.15,0.03,0.1,-0.12,0.1,-0.12
-0.95,-0.09,-1.87,1.25,0.91,0.84,-0.31,1.37,1.31,0.33,0.09,0.93,0.58,-0.3,-0.21,0.78,0.39,0.3,0.37,0.48,0.08,-0.03,-0.0,0.56,-0.35,0.12,0.02,0.16,-0.44,-0.38,-0.16,0.23,0.27,0.22,0.05,0.2,-0.21,-0.07,-0.09,0.01,-0.05,0.04,0.02
-0.99,-0.19,-1.93,1.22,0.74,0.51,-0.42,1.99,1.09,0.7,0.27,0.77,0.61,0.15,-0.09,0.36,0.04,0.14,0.13,0.25,-0.06,-0.19,-0.33,0.43,0.08,0.12,0.16,0.45,0.1,0.23,-0.41,-0.45,0.04,-0.07,-0.06,-0.01,0.17,-0.07,0.16,-0.11,-0.02,0.1,0.09
-0.86,-0.29,-1.86,1.44,0.82,0.65,-0.45,1.19,0.7,-0.03,0.26,0.57,-0.01,0.48,0.23,0.38,-0.06,-0.59,0.62,0.34,-0.21,0.21,0.25,0.19,0.08,-0.05,-0.16,-0.16,0.04,0.25,-0.29,-0.32,0.06,0.07,0.09,0.02,-0.06,0.04,-0.0,-0.01,0.08,0.0,-0.08
-0.8,-0.53,-1.41,1.37,0.89,0.23,-1.02,1.58,1.34,0.34,0.47,1.02,0.12,0.03,0.43,0.08,0.55,-0.25,0.23,-0.19,-0.29,-0.7,0.16,0.24,-0.24,-0.27,-0.08,0.14,0.5,-0.03,-0.4,-0.26,-0.2,0.23,0.07,-0.13,0.22,0.0,-0.01,-0.33,0.15,0.14,-0.16
-0.92,-0.13,-2.09,1.76,1.04,0.42,-0.34,1.56,1.01,0.83,-0.16,0.24,0.37,-0.35,0.57,0.09,0.38,0.06,0.13,0.21,-0.07,-0.1,-0.01,0.06,0.07,-0.1,0.19,-0.07,0.15,0.03,-0.37,-0.12,0.18,0.11,-0.25,0.25,-0.05,-0.07,0.01,-0.2,0.18,0.08,-0.17
-0.9,-0.55,-1.61,1.17,0.88,0.53,-0.15,1.54,1.03,0.64,-0.22,0.44,-0.02,0.16,-0.01,0.66,-0.41,0.06,0.43,0.04,0.1,0.19,0.08,0.26,0.02,0.19,-0.01,0.25,-0.23,0.32,-0.32,-0.1,0.14,-0.16,0.09,0.05,0.27,-0.18,-0.03,0.22,-0.08,-0.02,0.06
-0.87,-0.58,-1.8,1.3,0.83,0.13,-0.62,1.48,0.75,-0.05,-0.04,0.22,0.42,-0.4,0.3,0.43,0.12,0.04,0.45,0.1,0.19,0.28,0.12,0.07,-0.21,0.05,0.3,-0.08,-0.42,0.06,-0.49,0.01,0.28,-0.1,0.18,0.09,0.03,-0.05,0.0,0.19,-0.23,0.18,-0.01
-0.94,-0.33,-2.07,1.54,1.5,0.3,-0.34,1.37,1.42,0.69,0.11,0.41,0.69,0.42,0.37,0.14,-0.15,-0.01,0.84,0.28,-0.15,0.49,-0.12,-0.11,0.23,-0.12,0.38,-0.3,-0.14,0.24,-0.17,0.11,0.12,0.08,-0.11,-0.12,0.22,0.05,-0.02,0.05,0.21,-0.03,-0.07
-0.94,-0.04,-2.2,1.66,1.8,0.19,-0.11,1.63,1.69,0.7,-0.1,0.45,0.38,0.44,0.2,0.17,-0.72,-0.22,0.61,-0.13,0.04,0.35,-0.24,-0.07,0.11,-0.54,0.22,0.09,0.02,-0.15,-0.26,0.38,0.15,-0.04,-0.17,0.03,0.04,-0.03,0.04,-0.13,0.25,0.07,-0.02
-0.94,-0.34,-1.95,1.38,1.57,0.46,0.29,2.12,1.42,0.87,0.53,0.93,0.24,1.0,0.17,-0.03,0.28,0.05,0.48,0.11,-0.21,-0.15,0.23,-0.01,0.28,-0.23,0.11,0.07,0.05,-0.25,-0.4,0.4,0.14,-0.13,0.31,0.14,-0.23,-0.39,-0.11,-0.11,0.07,-0.03,-0.04
-0.86,-0.39,-2.28,1.56,1.61,0.31,-0.01,1.28,1.64,0.53,0.12,0.69,-0.12,0.09,0.08,0.41,0.44,0.17,0.4,0.31,0.37,0.33,0.2,0.01,0.03,-0.23,0.03,-0.37,-0.21,-0.27,-0.18,0.51,0.31,0.13,-0.11,-0.27,0.04,-0.32,-0.01,0.01,0.09,0.02,0.02
-0.92,-0.18,-1.97,1.34,1.25,0.85,-0.57,1.49,1.88,0.11,0.22,0.57,-0.33,-0.33,0.56,0.6,0.11,0.16,0.27,0.37,0.06,0.57,0.04,0.64,-0.75,-0.23,0.06,0.24,-0.03,-0.05,-0.29,0.39,-0.01,0.21,-0.02,0.01,0.12,-0.05,-0.02,0.19,-0.03,0.0,-0.0
-0.91,0.05,-1.96,1.29,1.23,0.14,-0.62,1.68,1.0,0.04,0.33,0.37,0.27,-0.15,-0.02,0.22,0.79,0.16,0.21,0.33,0.02,-0.14,0.04,0.26,-0.57,-0.2,-0.14,0.13,-0.08,-0.16,-0.66,-0.42,-0.07,0.39,0.08,-0.02,-0.08,-0.07,-0.06,0.03,0.01,0.05,-0.11
-0.9,-0.08,-1.7,0.94,0.81,0.49,-0.13,1.19,1.35,0.47,0.14,0.7,0.03,-0.41,0.15,0.43,0.2,0.19,0.69,0.7,-0.42,-0.22,0.02,0.45,-0.21,0.14,0.13,-0.33,-0.22,0.03,-0.12,-0.07,0.12,0.16,-0.01,-0.24,0.06,-0.08,0.17,0.08,-0.29,0.07,0.02
-0.85,-0.19,-1.67,1.16,1.14,0.62,-0.63,1.62,2.08,0.14,0.09,0.8,0.11,-0.14,0.15,0.62,0.29,0.68,0.69,0.33,-0.39,0.22,0.08,0.53,-0.37,-0.05,-0.33,0.2,-0.05,-0.01,-0.14,-0.31,0.09,0.37,-0.11,-0.14,0.03,-0.28,-0.07,-0.05,-0.07,0.03,-0.07
-0.93,0.1,-1.44,1.09,0.54,0.83,-0.83,1.36,1.73,0.68,0.37,0.84,0.69,0.3,0.46,0.52,0.22,-0.31,0.3,-0.12,0.21,-0.27,0.13,0.16,0.22,0.11,0.05,0.06,-0.31,0.22,-0.28,-0.06,-0.03,-0.35,0.03,-0.05,-0.02,-0.17,0.1,-0.2,-0.09,0.02,0.06
-1.0,-0.14,-2.1,1.27,1.47,0.35,0.08,1.28,1.94,0.73,0.71,0.97,0.49,-0.29,-0.55,0.56,-0.1,-0.31,0.29,-0.04,-0.75,-0.02,-0.11,0.58,-0.12,-0.28,-0.01,-0.07,0.09,-0.26,-0.18,0.04,-0.21,0.11,-0.15,-0.14,-0.09,-0.04,0.13,-0.13,-0.11,0.04,-0.02
-0.83,-0.63,-1.66,1.27,1.11,0.16,-0.18,1.97,0.99,-0.32,0.49,0.71,0.22,-0.41,-0.25,0.11,0.14,-0.08,-0.15,0.44,-0.27,0.19,-0.15,0.5,0.13,0.25,-0.09,-0.06,0.19,0.06,-0.3,-0.22,0.02,0.14,-0.15,-0.37,-0.13,-0.11,-0.1,-0.09,-0.06,-0.05,0.04
-0.99,-0.11,-1.95,1.06,1.43,0.19,-0.32,1.54,1.0,0.51,0.63,0.98,0.17,-0.4,-0.19,0.22,-0.23,-0.35,0.38,0.05,-0.45,0.06,-0.13,-0.04,-0.27,-0.52,-0.02,-0.11,0.25,0.19,-0.3,-0.2,-0.33,0.25,-0.25,0.07,0.08,0.13,0.01,-0.01,0.12,-0.02,-0.07
-1.01,-0.3,-1.79,0.74,0.92,0.58,-0.48,1.44,1.01,0.78,0.61,0.09,-0.08,-0.17,-0.15,0.13,0.4,-0.46,0.51,-0.07,-0.24,0.4,0.04,-0.02,-0.18,-0.3,-0.06,0.34,-0.04,0.03,-0.32,0.09,-0.05,-0.23,0.06,-0.0,-0.06,-0.15,-0.02,-0.03,0.01,-0.04,0.01
-0.91,-0.16,-1.98,1.65,1.17,0.18,-0.56,1.36,1.1,0.6,0.62,0.63,-0.11,-0.44,-0.39,0.05,0.3,-0.49,0.31,-0.07,0.18,0.36,-0.09,0.14,-0.17,-0.65,-0.31,-0.09,-0.18,0.13,-0.04,-0.13,-0.25,-0.06,-0.1,-0.25,0.04,-0.16,-0.15,-0.14,0.06,-0.09,-0.09
-0.97,-0.07,-1.8,1.04,0.85,0.35,-0.75,1.62,0.79,1.04,0.57,0.09,0.39,0.39,0.15,0.03,-0.13,0.05,0.34,-0.42,-0.12,0.27,-0.67,-0.14,-0.06,-0.5,-0.51,0.1,-0.14,0.06,0.09,0.21,-0.25,-0.04,0.33,0.19,0.09,0.01,0.27,0.02,-0.02,-0.03,-0.17
-1.06,0.03,-1.8,1.17,0.7,0.34,-0.27,1.37,0.6,0.53,0.11,0.26,0.35,-0.75,-0.32,-0.53,0.47,-0.45,-0.14,0.22,-0.06,0.39,-0.18,-0.25,-0.4,-0.11,0.17,0.37,-0.12,0.21,-0.13,-0.11,0.24,0.16,-0.14,0.29,0.01,0.05,0.07,-0.1,0.15,0.1,-0.02
-0.99,-0.27,-1.76,1.06,1.02,0.39,-0.02,1.25,1.35,0.79,-0.07,0.56,0.36,-0.0,-0.12,-0.12,-0.18,-0.02,0.11,0.16,0.62,0.0,0.29,0.72,-0.32,0.13,0.41,-0.06,0.07,-0.03,-0.09,-0.03,-0.11,0.2,0.13,0.03,-0.05,-0.21,-0.1,-0.16,-0.0,-0.03,-0.01
-0.74,-0.56,-1.58,1.56,1.06,0.11,-0.79,1.8,0.2,-0.39,0.31,0.56,-0.43,-0.95,-0.43,-0.26,0.59,0.22,-0.26,0.68,-0.02,0.41,0.19,0.45,-0.15,0.18,0.16,0.19,-0.31,0.22,0.21,0.19,0.21,-0.05,0.12,0.0,-0.11,-0.12,-0.01,-0.0,-0.07,0.05,-0.02
-0.93,-0.04,-1.36,1.74,1.22,0.46,-0.24,1.7,1.1,0.2,1.0,1.17,-0.01,-0.57,0.24,0.22,-0.34,0.29,0.19,0.44,0.03,0.13,-0.03,0.27,-0.4,-0.1,0.16,-0.02,-0.0,0.21,0.04,0.23,-0.11,0.2,0.22,0.18,-0.04,-0.0,0.12,0.04,-0.25,0.05,-0.02
-0.96,-0.16,-1.72,1.05,0.62,0.18,-0.15,1.74,0.63,0.41,0.36,1.3,0.69,-1.01,-0.29,0.49,0.21,-0.41,0.44,0.09,-0.1,-0.27,0.19,-0.05,0.12,0.01,-0.28,0.21,0.32,-0.12,0.3,0.1,-0.06,-0.27,0.03,-0.16,0.13,-0.11,0.15,-0.04,0.0,-0.05,-0.0
-1.06,0.52,-0.93,1.85,1.41,0.37,0.21,1.52,1.29,0.3,0.88,1.41,-0.43,-1.34,-0.07,0.14,0.08,-0.91,0.44,0.26,-0.42,0.35,0.02,0.19,-0.0,0.2,0.25,0.07,-0.1,-0.03,0.79,-0.25,0.1,0.34,-0.11,-0.18,-0.46,0.08,0.1,0.16,-0.18,-0.1,-0.04
-0.95,0.22,-2.01,1.33,1.0,0.08,-0.61,1.84,0.44,0.29,0.3,1.04,0.5,-1.07,0.08,0.34,0.36,0.26,0.47,0.48,-0.23,0.09,0.08,0.32,0.06,0.14,0.44,-0.1,-0.28,0.05,0.09,-0.2,0.24,-0.22,0.02,0.14,-0.09,0.01,-0.07,-0.18,-0.22,-0.01,-0.01
-0.98,0.04,-1.81,1.13,1.12,-0.19,-0.23,1.91,0.46,0.11,0.24,1.25,0.17,-1.25,-0.29,-0.59,0.19,-0.39,-0.42,1.1,-0.09,-0.07,-0.01,-0.14,0.09,0.78,-0.08,0.06,-0.01,-0.01,0.05,-0.02,-0.35,-0.21,0.02,-0.12,-0.21,0.17,0.13,-0.2,-0.11,-0.01,0.07
-1.0,-0.2,-2.13,1.34,1.23,0.33,-0.09,1.97,0.66,0.42,0.34,0.91,-0.02,-0.52,-0.33,-0.17,0.35,-0.4,0.23,0.32,-0.61,-0.26,0.05,0.64,0.19,0.29,-0.08,-0.3,-0.08,-0.26,0.43,-0.38,-0.04,0.15,-0.18,0.23,-0.13,-0.03,0.11,0.16,0.1,-0.05,-0.07
-0.94,-0.13,-2.16,1.31,1.17,0.13,-0.82,1.6,1.22,0.49,0.19,1.51,0.1,-0.83,-0.32,0.83,-0.26,-0.2,0.34,-0.35,0.06,0.32,0.36,0.13,0.1,-0.24,0.25,-0.55,-0.32,0.28,0.16,-0.02,0.44,-0.15,-0.09,-0.33,-0.04,-0.07,0.07,0.17,-0.06,-0.13,-0.01
-1.07,0.07,-1.99,1.32,0.82,0.09,-0.51,1.54,0.83,0.42,0.45,0.99,0.35,-0.74,-0.3,0.22,0.15,-0.76,0.68,-0.01,0.07,0.52,-0.17,0.12,0.42,-0.33,0.02,-0.19,-0.43,0.27,0.45,0.09,0.44,0.03,0.42,0.09,-0.34,-0.04,-0.06,0.02,0.12,-0.16,0.15
-1.03,-0.23,-1.87,1.47,0.9,0.47,-0.39,1.44,0.58,0.34,-0.15,1.25,0.62,-0.82,-0.05,0.57,-0.16,-0.24,0.54,0.26,0.39,0.54,-0.46,0.41,-0.06,-0.42,-0.01,-0.31,-0.2,-0.09,0.3,-0.15,0.17,0.07,-0.18,-0.07,-0.28,-0.09,0.03,0.34,-0.22,-0.15,0.08
-1.01,-0.01,-1.95,0.95,0.94,0.25,-0.02,2.5,1.25,1.64,0.44,1.14,0.3,-0.95,-0.39,-0.36,0.79,-0.61,0.61,-0.3,0.12,-0.41,-0.07,0.31,0.16,-0.42,-0.16,-0.45,0.28,0.21,0.28,-0.16,0.0,0.17,0.23,0.05,0.1,-0.0,-0.0,0.23,0.05,-0.18,0.07
-0.91,-0.09,-1.9,0.69,1.07,0.35,0.23,1.52,1.0,1.17,-0.17,-0.03,0.28,-0.83,-0.27,-0.0,0.27,-0.27,1.16,-0.19,-0.03,0.23,0.18,0.43,-0.09,0.04,0.06,-0.13,-0.23,-0.01,0.28,-0.39,0.08,0.1,0.17,0.02,0.0,-0.21,-0.19,0.27,0.04,-0.12,0.03
-1.02,-0.15,-1.64,1.1,0.53,0.42,-0.93,1.88,0.45,0.21,0.29,1.07,0.45,-0.5,-0.19,0.4,0.13,-0.9,0.49,-0.05,0.22,0.44,0.28,0.37,-0.01,-0.38,0.03,-0.44,0.03,0.22,0.29,0.14,0.24,0.28,-0.21,-0.05,-0.13,0.06,-0.16,0.25,-0.07,-0.12,-0.03
-0.96,-0.21,-1.82,0.99,0.91,0.41,-0.55,1.46,0.93,0.73,0.14,1.1,0.03,-1.13,-0.56,0.19,0.31,-0.26,0.52,0.06,-0.25,0.37,0.26,0.27,-0.08,-0.34,0.04,-0.38,-0.16,-0.22,0.37,0.35,-0.14,0.39,-0.04,-0.03,0.17,-0.21,-0.04,0.22,-0.15,-0.08,-0.01
-0.94,-0.28,-1.74,1.43,0.94,0.44,-0.82,0.86,0.9,-0.25,-0.37,0.96,0.05,-0.36,0.17,0.23,0.04,-0.31,0.74,0.32,0.0,0.19,0.14,0.19,0.37,-0.12,0.36,-0.24,-0.24,-0.14,-0.02,-0.0,0.19,0.14,-0.04,-0.04,-0.21,0.15,-0.03,0.14,0.01,-0.14,-0.03
-0.84,0.01,-2.12,1.64,0.55,-0.09,-0.01,1.79,1.19,0.48,0.27,0.97,0.62,-0.11,-0.32,0.44,0.65,-0.5,0.31,0.14,0.05,-0.22,-0.31,0.19,0.12,0.28,0.24,-0.33,-0.23,0.03,0.03,-0.18,-0.02,0.08,-0.09,-0.03,0.01,-0.1,0.15,0.22,0.11,-0.14,0.03
-0.76,-0.16,-1.93,1.89,0.16,-0.28,-0.43,1.33,-0.03,-0.7,0.35,1.5,0.18,0.01,-0.38,0.48,0.21,-0.17,0.23,0.44,0.01,-0.08,0.06,0.5,-0.2,-0.13,0.16,-0.27,-0.07,-0.28,0.12,0.08,0.1,0.01,-0.14,-0.0,0.01,-0.14,-0.07,0.2,-0.05,-0.14,0.15
-0.93,0.18,-1.66,1.27,1.01,0.17,-0.83,0.82,0.62,0.01,0.18,1.1,0.1,-0.47,-0.15,0.37,0.27,0.32,0.3,0.95,-0.12,0.02,-0.19,0.25,0.63,0.22,0.02,-0.28,-0.06,-0.2,-0.01,0.02,-0.2,0.12,0.12,0.1,-0.34,-0.27,-0.05,0.25,-0.15,-0.07,0.1
-0.59,-0.29,-1.83,1.04,0.19,-0.04,-0.16,1.5,0.8,-0.2,-0.12,1.03,-0.13,-0.16,-0.25,-0.03,0.46,0.53,0.05,0.89,-0.3,-0.41,-0.16,0.6,-0.13,0.06,0.16,-0.22,-0.14,-0.09,0.15,-0.05,-0.02,0.45,0.22,-0.11,-0.13,0.04,0.03,0.09,-0.08,-0.09,0.17
-0.72,-0.0,-2.4,1.58,0.9,-0.59,0.19,1.33,0.98,-0.21,0.45,1.33,-0.25,-0.57,-0.53,0.79,0.5,-0.13,0.4,0.34,-0.35,-0.23,0.13,0.3,0.03,0.08,0.4,-0.76,-0.12,-0.24,0.26,-0.34,-0.1,0.34,-0.11,-0.26,-0.09,-0.06,-0.18,0.04,-0.0,-0.26,-0.0
-0.71,0.17,-1.96,1.55,0.52,0.18,-0.32,0.89,0.39,-0.51,-0.55,0.58,-0.49,-0.61,-0.38,0.67,0.0,0.28,-0.33,0.3,-0.59,-0.41,-0.22,0.67,0.11,-0.23,-0.05,-0.34,-0.04,0.14,0.05,-0.7,0.16,0.51,-0.01,-0.02,0.12,0.03,0.22,-0.02,-0.27,-0.1,0.04
-0.79,0.33,-1.96,1.38,1.07,-0.39,-0.14,1.58,0.17,-0.16,0.6,0.4,0.22,-0.75,-1.32,-0.53,0.49,-0.09,-0.36,0.65,-0.55,0.13,-0.16,0.57,0.18,0.12,0.01,0.07,0.25,-0.22,-0.26,0.07,-0.31,-0.01,-0.25,0.02,0.08,0.03,0.01,0.05,-0.09,-0.03,0.06
-0.96,0.33,-2.38,1.05,0.53,0.05,0.79,1.5,1.17,0.94,0.36,0.51,-0.01,-0.3,-0.92,-0.21,-0.04,-0.33,0.58,-0.06,-0.42,0.02,-0.04,0.68,0.04,0.51,-0.23,0.03,-0.25,0.22,-0.12,-0.08,-0.05,0.14,0.23,0.18,0.13,0.09,0.06,0.15,-0.07,-0.16,0.14
-0.82,0.03,-1.77,1.22,0.59,0.09,0.19,1.0,0.38,0.12,-0.11,0.47,-0.41,-0.47,-0.15,0.13,-0.11,-0.44,0.49,0.24,-0.09,0.27,0.07,1.06,-0.18,0.05,-0.36,-0.11,-0.13,-0.3,0.0,-0.19,-0.13,0.13,-0.02,0.11,-0.08,-0.01,0.1,0.0,-0.03,-0.28,-0.03
-0.92,0.18,-1.92,1.22,0.69,-0.32,0.61,1.35,1.46,-0.06,0.24,1.26,-0.63,-0.21,-0.44,0.0,0.05,0.11,0.08,-0.2,-0.35,-0.11,-0.03,0.82,-0.14,0.02,-0.25,-0.24,-0.08,-0.18,0.05,-0.32,-0.02,0.21,-0.04,0.01,-0.06,0.02,0.03,0.08,-0.09,-0.05,0.04
-0.94,0.07,-2.0,1.51,1.16,-0.08,0.46,2.06,0.85,0.43,-0.08,0.8,-0.27,-0.76,-0.67,0.02,-0.17,0.13,-0.18,0.66,-0.24,0.28,-0.27,0.72,0.0,0.25,-0.09,0.27,-0.1,-0.34,-0.25,-0.04,0.06,-0.12,0.08,0.25,-0.0,0.13,-0.15,0.04,0.05,-0.06,-0.0
-0.86,0.23,-2.34,1.64,1.04,0.19,0.85,2.25,2.84,0.14,0.14,1.13,0.08,0.14,-0.14,0.44,0.07,-0.21,0.16,0.34,-0.04,0.43,-0.3,0.58,0.1,0.57,0.0,0.23,-0.07,-0.25,-0.33,-0.14,-0.03,-0.07,-0.15,0.22,-0.22,0.1,0.1,0.26,-0.03,0.04,0.12
-0.99,-0.11,-1.91,0.93,1.17,0.47,0.07,1.54,1.36,0.35,-0.02,0.81,0.09,-0.78,-0.15,-0.21,0.11,-0.12,-0.09,0.42,-0.54,0.16,0.04,0.37,-0.1,0.04,-0.37,0.17,-0.11,-0.39,-0.24,0.2,-0.03,0.03,-0.17,0.15,-0.25,-0.01,-0.04,0.02,-0.03,-0.22,0.08
-0.85,0.03,-2.03,1.2,0.46,0.16,0.35,1.72,1.49,-0.06,-0.22,0.92,0.15,-0.12,-0.08,0.07,0.19,0.15,0.8,0.61,-0.24,-0.1,0.23,0.66,-0.13,0.12,-0.3,0.15,0.14,-0.12,-0.21,-0.24,-0.09,0.03,-0.14,0.19,0.16,-0.06,-0.09,0.0,-0.06,-0.09,0.01
-0.82,-0.15,-2.07,1.33,1.2,0.99,-0.12,1.27,1.26,0.5,-0.51,0.29,0.12,-0.14,-0.23,0.43,-0.29,-0.21,0.49,0.58,-0.18,0.19,-0.16,0.68,-0.29,0.29,-0.17,0.15,0.08,-0.38,-0.02,0.21,-0.04,0.18,-0.13,0.14,-0.01,-0.08,0.06,0.08,-0.05,-0.16,0.03
-0.94,0.1,-2.23,0.77,1.39,-0.09,0.1,1.54,1.67,0.75,-0.64,0.32,-0.41,-0.86,-0.53,-0.47,0.3,-0.1,0.84,0.18,-0.49,-0.11,0.16,1.19,0.0,-0.18,-0.25,0.22,0.26,0.05,0.03,-0.29,0.35,0.37,0.32,-0.11,-0.06,0.04,-0.2,0.13,-0.13,-0.11,0.07
-0.89,-0.06,-2.35,0.93,1.5,0.1,0.22,1.51,2.16,0.94,-0.37,0.31,-0.46,0.01,0.14,-0.61,-0.27,0.15,0.41,-0.13,-0.33,-0.55,0.4,0.69,0.08,0.24,0.11,-0.21,0.08,0.12,0.01,0.03,0.22,0.17,-0.01,-0.02,0.13,-0.18,-0.04,0.05,-0.2,0.06,-0.03
-1.02,-0.15,-1.93,0.68,0.99,0.21,0.33,1.65,1.84,1.05,-0.5,-0.28,0.35,-0.21,-0.6,-0.21,-0.13,-0.41,0.38,0.3,0.17,0.1,-0.22,0.19,0.08,-0.25,0.09,0.1,0.05,-0.01,-0.28,0.35,0.52,-0.12,0.46,0.17,0.09,-0.15,0.03,-0.03,-0.09,0.04,-0.01
-1.07,0.17,-2.2,0.64,1.21,-0.1,0.16,0.81,0.95,0.9,-0.88,0.91,0.44,-0.6,-0.24,0.12,0.34,-0.07,0.26,-0.12,-0.03,-0.25,0.02,0.04,-0.0,0.26,-0.19,0.36,0.17,-0.04,-0.3,-0.12,0.03,0.05,0.13,-0.02,0.23,-0.08,-0.22,-0.03,-0.09,0.14,-0.11
-0.97,0.15,-2.25,0.77,1.06,0.66,0.18,1.78,1.99,1.59,0.28,0.51,0.02,-0.49,-0.68,-0.3,0.03,-0.17,0.07,0.01,-0.39,-0.23,-0.26,0.29,-0.03,0.15,-0.31,0.33,0.01,-0.16,-0.06,-0.02,-0.07,-0.13,0.07,0.05,0.16,0.16,0.02,-0.19,0.01,0.01,-0.07
-0.87,-0.31,-2.01,1.26,0.97,0.07,-0.16,1.83,1.6,0.65,-0.17,0.46,0.19,-0.7,-0.75,0.21,0.62,-0.22,0.59,0.08,-0.19,-0.79,0.03,0.78,-0.0,0.19,0.16,0.01,-0.1,-0.45,0.04,-0.09,0.1,0.06,0.13,0.14,0.16,-0.05,0.1,0.09,-0.14,-0.08,0.17
-1.07,0.04,-1.83,1.05,0.78,0.43,-0.29,1.24,1.31,1.11,-0.45,0.56,0.19,-0.7,-0.87,-0.25,0.61,-0.06,-0.1,0.15,-0.17,-0.44,0.15,-0.08,0.03,-0.13,-0.24,0.07,-0.09,-0.11,-0.05,0.11,-0.17,-0.13,0.2,0.03,-0.13,-0.07,0.04,0.13,-0.25,-0.07,0.08
-0.88,0.13,-2.39,0.72,0.97,-0.03,0.17,1.34,1.48,0.71,-0.79,-0.02,-0.09,-1.12,-1.22,0.07,0.14,-0.38,0.15,0.03,0.13,-0.03,-0.1,0.31,0.25,-0.05,0.06,0.43,0.39,-0.26,0.17,-0.34,0.17,-0.29,0.16,0.01,0.07,0.05,-0.02,0.07,-0.06,-0.06,0.16
-0.87,0.23,-1.74,0.76,1.18,0.16,-0.07,1.59,1.06,1.49,0.14,-0.43,0.02,-0.31,-0.81,0.29,0.12,-0.5,-0.22,0.47,-0.81,-0.68,0.48,0.61,-0.23,-0.26,-0.27,0.06,-0.22,-0.1,0.15,-0.34,0.06,-0.19,0.16,0.3,-0.19,0.03,-0.05,0.02,-0.18,-0.12,0.21
-1.01,0.14,-2.38,0.66,1.03,0.04,-0.25,1.55,1.35,1.57,-0.16,-0.37,0.1,-0.9,-1.65,0.73,0.17,-0.07,-0.21,0.34,-0.69,-0.78,0.14,0.36,-0.31,-0.21,-0.08,0.12,0.22,-0.05,-0.11,-0.52,-0.09,-0.21,0.09,-0.2,0.04,0.41,-0.06,0.15,-0.01,-0.09,0.12
-1.06,0.25,-2.36,0.75,0.87,-0.01,-0.22,1.06,1.14,1.03,0.59,-0.08,0.08,-0.33,-1.21,0.26,0.2,0.18,-0.0,0.47,-0.32,-0.98,-0.3,0.49,0.19,0.18,0.31,0.02,0.08,-0.53,-0.5,-0.38,-0.31,0.14,0.25,0.13,0.01,-0.06,0.15,0.03,-0.21,-0.12,-0.01
-1.01,0.39,-2.5,0.77,0.95,0.06,-0.59,1.32,1.31,1.41,0.04,-0.37,0.5,-0.18,-0.84,0.59,0.53,-0.13,0.12,-0.13,-0.49,-0.52,-0.13,0.52,0.04,0.19,0.25,0.06,0.08,-0.15,-0.12,-0.06,-0.07,0.34,0.27,-0.17,0.02,0.22,0.19,0.16,-0.1,-0.04,0.09
-0.89,0.15,-2.08,1.05,0.99,0.05,0.05,1.54,1.51,0.67,-0.34,-0.25,-0.35,-0.76,-0.66,-0.18,0.05,0.35,0.24,0.2,0.21,-0.83,0.11,0.38,-0.43,-0.17,0.41,0.04,-0.17,-0.26,0.08,0.11,0.06,-0.04,0.25,0.02,0.12,0.01,-0.12,-0.03,-0.07,-0.1,0.09
-0.95,0.06,-2.34,0.8,0.53,-0.07,0.2,1.06,1.18,0.44,-0.02,0.17,-0.25,-0.18,-0.73,-0.06,0.45,-0.13,0.14,-0.03,-0.04,-0.14,0.09,0.77,-0.07,-0.08,0.25,-0.23,0.14,-0.14,-0.14,0.03,-0.1,0.17,0.1,0.06,-0.04,0.18,-0.21,0.2,-0.05,0.01,0.03
-1.01,0.17,-1.83,1.23,0.49,0.12,-0.01,1.02,0.83,0.53,0.51,-0.2,0.2,0.29,-0.57,0.23,0.11,0.78,0.19,0.12,0.36,-0.54,-0.38,0.62,-0.07,-0.35,0.59,0.26,0.16,0.01,0.14,-0.34,0.06,-0.16,0.04,0.24,-0.01,-0.06,-0.1,0.09,-0.14,-0.07,0.04
-0.84,0.16,-2.36,0.9,0.49,0.07,0.12,1.54,1.2,0.86,0.89,0.3,-0.57,-0.44,-0.94,0.48,-0.1,0.11,-0.35,0.54,-0.48,-0.21,-0.15,0.56,-0.07,0.1,-0.31,-0.1,-0.09,-0.03,0.16,-0.49,-0.14,-0.03,-0.09,-0.17,0.08,0.16,0.09,0.07,-0.09,-0.15,0.08
-0.7,0.06,-2.09,1.1,0.79,0.27,-0.44,1.42,0.98,0.71,-0.2,0.22,0.03,-0.99,-0.88,1.26,-0.18,-0.24,-0.82,0.48,-0.27,-0.37,0.35,0.17,-0.47,0.07,0.05,-0.19,-0.07,0.03,-0.39,0.01,-0.53,-0.29,-0.35,0.11,0.01,-0.06,0.07,-0.13,-0.03,-0.15,-0.02
-0.76,0.15,-2.04,0.81,0.58,0.21,0.2,2.28,1.1,1.3,1.21,0.34,0.08,0.41,-0.75,0.37,0.18,-0.1,-0.37,0.58,-0.17,-0.06,0.69,0.03,-0.14,-0.08,-0.04,0.01,-0.36,-0.09,-0.19,-0.42,-0.52,-0.17,-0.29,-0.04,-0.05,0.16,0.18,0.05,0.03,-0.24,-0.01
-0.76,-0.15,-2.02,1.4,0.73,-0.04,0.25,1.61,0.77,0.37,0.41,0.53,0.37,-0.04,-0.6,0.52,-0.1,0.5,0.2,0.18,-0.25,-0.42,0.1,0.12,-0.44,0.06,0.29,0.01,0.18,-0.3,-0.1,-0.08,-0.59,-0.38,0.08,0.03,0.18,0.14,-0.15,0.03,0.11,-0.15,0.06
-1.01,0.21,-2.2,0.83,0.58,-0.17,-0.01,0.78,0.59,0.14,0.16,0.39,-0.63,-0.2,-0.19,0.08,0.32,-0.43,-0.3,0.56,-0.61,0.32,-0.04,0.61,0.21,-0.25,-0.39,0.16,0.1,-0.33,0.51,-0.15,-0.14,-0.15,0.0,0.32,-0.04,-0.1,-0.32,0.14,0.01,-0.18,0.09
-0.96,0.37,-1.86,1.07,0.85,-0.46,0.05,1.68,1.34,0.92,0.06,0.64,0.45,-0.28,-0.78,0.14,0.31,0.27,0.44,0.32,-0.21,-0.44,0.0,0.75,-0.07,-0.13,-0.2,-0.15,0.36,-0.08,-0.24,-0.25,-0.32,0.43,-0.0,0.45,0.13,-0.08,-0.24,0.01,-0.08,-0.1,0.07
-0.84,0.1,-2.24,1.32,0.67,0.06,0.05,1.61,1.69,0.48,-0.06,1.12,-0.03,-0.89,0.26,0.35,0.4,0.68,0.23,-0.02,0.42,-0.33,-0.0,0.58,-0.05,0.46,0.14,0.06,-0.2,-0.08,0.06,-0.19,0.18,0.56,-0.02,0.15,0.07,0.05,-0.1,-0.12,0.02,0.01,0.0
-0.76,0.39,-1.82,0.77,0.38,-0.17,-0.06,1.36,0.65,0.21,-0.32,0.33,0.31,0.55,-0.23,-0.18,0.1,0.24,-0.24,0.21,-0.14,-0.46,0.49,0.86,-0.42,-0.17,-0.04,-0.09,-0.26,0.05,-0.54,-0.21,0.11,0.08,0.12,0.13,0.15,-0.13,-0.14,-0.01,0.07,0.06,-0.04
-0.96,0.01,-2.2,1.27,0.7,-0.25,0.24,1.9,1.0,0.44,0.74,0.62,0.26,-0.08,-0.21,0.79,0.0,0.45,0.12,0.12,0.2,0.23,-0.11,0.93,-0.15,-0.17,0.15,0.14,-0.1,-0.15,-0.11,-0.15,-0.25,0.11,-0.05,0.14,0.03,-0.04,-0.09,-0.03,0.06,-0.06,0.01
-0.84,-0.03,-2.34,1.13,0.63,-0.39,0.48,1.97,1.39,0.2,0.22,1.05,0.08,-0.29,0.04,0.16,0.35,0.45,-0.02,0.05,0.19,-0.05,0.02,0.65,-0.29,-0.03,0.18,-0.19,0.13,-0.3,0.06,0.07,-0.2,0.15,-0.19,-0.08,-0.1,0.01,0.06,0.07,-0.08,-0.13,0.1
-0.84,0.13,-2.33,1.09,0.7,0.22,0.42,1.34,1.25,0.59,0.26,0.72,-0.34,-0.07,-0.49,-0.29,0.71,-0.09,-0.03,-0.74,-0.18,0.06,-0.36,0.86,0.26,-0.23,-0.21,0.08,0.33,-0.26,0.15,-0.18,-0.04,-0.03,-0.18,0.0,-0.11,0.01,-0.25,-0.15,-0.02,-0.07,0.08
-0.83,-0.01,-2.46,0.95,0.68,-0.21,0.76,1.82,1.4,0.72,0.32,0.48,-0.43,-0.59,0.76,0.71,-0.07,0.46,0.09,-0.21,0.04,-0.52,0.22,0.56,-0.21,0.2,-0.2,0.18,0.22,-0.61,0.05,0.05,-0.15,-0.04,-0.4,0.07,-0.14,0.13,-0.12,-0.03,-0.07,0.12,0.02
-0.95,-0.17,-2.16,1.11,1.77,0.18,0.41,1.43,1.18,0.74,0.25,0.46,-0.92,-0.25,0.33,-0.13,0.4,0.01,-0.52,-0.61,-0.11,-0.19,0.01,0.9,0.43,-0.26,0.11,0.38,0.05,-0.44,-0.15,-0.26,-0.02,0.22,0.05,0.18,-0.04,-0.03,-0.18,0.16,-0.16,-0.02,-0.01
-0.95,0.06,-2.38,1.03,1.01,-0.16,0.36,1.04,1.49,0.83,-0.11,-0.07,-0.16,-1.23,-0.87,-0.57,0.21,-0.28,0.34,-1.04,-0.25,-0.19,0.04,0.16,0.12,0.26,0.08,0.47,-0.09,0.09,-0.23,-0.38,-0.02,-0.2,-0.32,0.12,-0.14,0.08,-0.27,0.08,-0.0,-0.1,0.22
-1.0,-0.13,-2.34,0.97,1.24,-0.0,-0.03,1.17,1.04,0.54,0.27,0.15,-0.35,-0.38,0.11,0.38,-0.15,-0.54,-0.18,-0.39,0.3,-0.11,0.3,0.35,0.45,0.19,-0.07,0.03,0.0,-0.14,-0.03,-0.29,-0.12,-0.04,-0.25,0.24,-0.13,0.05,-0.25,0.12,0.12,-0.14,0.05
-0.9,-0.12,-2.0,0.65,0.92,0.19,0.19,1.66,1.49,0.63,0.07,0.25,-0.4,-1.04,0.54,0.18,-0.11,0.19,-0.55,-0.12,0.05,-0.28,0.07,0.58,-0.01,0.27,-0.24,0.48,0.28,-0.29,0.12,0.08,-0.17,-0.16,-0.05,-0.17,-0.07,0.13,0.02,0.08,-0.14,-0.08,0.12
-0.96,-0.42,-1.88,0.32,1.08,0.06,0.4,1.43,1.68,1.32,0.52,0.65,-0.6,-1.38,0.66,0.04,-0.03,0.35,0.04,-0.61,-0.33,-0.52,0.16,0.6,0.16,0.54,-0.13,0.39,0.0,-0.42,-0.19,-0.17,-0.02,0.11,-0.17,-0.0,-0.14,0.03,-0.1,0.18,-0.01,-0.14,-0.01
-0.98,-0.08,-1.82,0.75,1.34,0.07,0.06,1.37,0.79,0.73,0.75,0.41,0.02,-0.68,0.05,0.96,0.32,0.01,-0.01,-0.23,-0.23,-0.85,0.12,0.17,0.28,0.91,-0.04,0.1,0.22,-0.15,-0.03,-0.21,-0.17,0.01,-0.21,-0.32,-0.5,0.5,-0.06,0.01,-0.06,-0.04,0.02
-0.95,-0.05,-1.95,0.93,0.8,0.29,-0.19,1.33,0.81,1.1,0.22,-0.16,-0.38,-0.86,0.69,0.62,-0.18,0.51,0.25,-0.06,-0.27,-0.34,0.04,0.36,-0.03,0.51,-0.33,0.26,-0.28,-0.23,-0.07,0.01,-0.26,0.26,0.19,-0.2,-0.18,0.1,-0.04,-0.0,-0.25,-0.13,-0.07
-1.09,-0.21,-2.14,0.78,0.99,-0.15,0.2,1.46,1.04,1.07,0.51,0.37,-0.33,-1.1,0.43,0.26,0.44,0.29,-0.58,-0.5,-0.01,0.03,0.15,0.41,0.22,0.19,-0.23,1.11,0.08,-0.15,-0.26,0.01,-0.15,-0.12,-0.1,-0.07,-0.13,0.17,-0.2,0.08,-0.07,0.03,0.04
-1.04,0.04,-1.8,0.49,1.33,-0.1,0.14,0.84,1.42,0.49,-0.3,0.18,-0.57,-0.72,0.34,0.14,-0.34,0.26,0.31,-0.35,-0.43,-0.1,0.12,0.54,0.05,0.36,0.15,0.34,-0.17,0.21,-0.33,-0.04,-0.03,0.46,-0.02,0.02,-0.19,0.03,-0.12,0.05,-0.08,-0.11,0.15
-0.98,-0.43,-1.71,0.64,0.82,0.25,-0.23,1.67,0.75,0.85,0.53,0.67,-0.2,0.33,0.78,0.83,0.54,0.05,-0.2,0.23,-0.33,0.07,-0.01,0.52,0.58,0.42,-0.25,0.29,0.3,-0.31,-0.08,0.01,-0.4,-0.03,0.06,-0.1,0.03,-0.02,0.06,0.09,-0.13,0.02,-0.06
-1.03,-0.27,-2.04,0.86,1.17,-0.06,0.08,1.88,1.15,0.6,0.51,0.33,-0.28,-0.58,0.26,0.43,0.35,-0.0,0.27,0.24,-0.15,-0.4,-0.08,0.48,0.19,0.18,-0.22,-0.11,0.3,-0.1,-0.31,-0.04,-0.15,0.38,-0.04,-0.09,0.07,-0.0,-0.26,0.04,-0.05,0.04,-0.04
-0.99,-0.15,-1.98,0.59,1.08,0.08,0.24,1.96,1.0,0.81,0.07,0.81,-0.4,-0.12,0.99,0.4,0.69,-0.14,0.12,0.22,-0.62,-0.47,0.09,0.58,0.37,0.4,-0.55,-0.09,0.35,-0.37,-0.18,-0.1,-0.11,0.08,0.03,-0.1,-0.27,-0.0,-0.04,0.01,-0.22,-0.04,-0.03
-1.09,-0.08,-2.08,0.52,1.36,-0.28,0.35,1.56,1.22,0.79,0.32,0.61,-0.47,-0.86,0.75,0.43,0.67,-0.05,0.38,0.13,-0.39,-0.28,-0.38,0.11,-0.2,0.01,-0.44,0.13,0.07,-0.11,-0.22,-0.16,-0.44,0.04,0.08,-0.15,-0.03,-0.08,0.02,-0.15,-0.09,-0.1,-0.02
-1.04,-0.3,-1.99,0.62,1.38,-0.1,0.16,1.54,1.38,1.1,0.16,0.3,-0.1,-0.36,0.23,0.33,0.52,-0.11,0.4,-0.19,-0.35,-0.25,-0.13,0.35,-0.04,-0.05,-0.38,0.15,0.41,0.08,-0.41,-0.16,-0.41,0.01,0.13,0.0,-0.01,-0.03,-0.07,-0.02,-0.1,0.1,-0.04
-0.96,-0.24,-1.78,0.45,0.98,0.08,-0.16,1.0,1.55,0.75,0.2,0.44,-0.15,0.33,0.56,-0.01,0.02,0.04,0.36,-0.22,0.11,-0.27,0.28,0.32,0.15,0.22,-0.29,0.04,0.15,-0.24,-0.3,-0.21,-0.29,0.14,-0.41,-0.07,0.04,0.22,-0.14,-0.19,0.16,0.04,0.03
-0.92,-0.2,-1.72,0.92,1.45,0.1,0.46,0.85,1.09,0.45,-0.39,0.55,-0.13,-0.34,0.48,0.42,0.37,-0.12,0.1,-0.19,-0.16,0.03,0.0,0.32,0.25,0.05,-0.27,0.19,0.12,0.1,-0.04,-0.4,-0.32,0.1,0.01,-0.2,0.0,0.07,-0.01,0.04,-0.11,-0.02,-0.03
-0.89,-0.06,-2.08,0.88,1.45,-0.14,0.06,1.7,0.17,0.19,0.05,-0.33,-0.27,-0.98,-0.21,0.25,0.07,0.06,0.53,-0.53,0.23,0.24,0.19,0.24,-0.24,-0.15,-0.62,0.02,-0.4,-0.14,0.34,-0.06,-0.1,0.17,-0.15,-0.07,-0.27,0.06,-0.15,0.2,-0.19,-0.11,0.08
-0.91,0.34,-2.29,0.84,1.48,0.16,-0.05,1.32,0.66,0.88,-0.11,-0.12,-0.02,0.04,-0.2,0.51,-0.35,0.2,0.02,-0.21,-0.29,0.34,0.15,0.4,-0.07,0.17,-0.22,0.06,-0.18,-0.31,-0.18,-0.16,-0.15,0.2,-0.16,-0.02,-0.26,0.06,-0.11,0.01,-0.08,-0.08,0.07
-0.95,-0.0,-2.26,0.99,0.82,0.07,0.29,0.8,0.83,0.63,0.29,0.08,0.36,-0.59,-0.1,0.43,-0.34,0.26,0.16,0.2,-0.28,0.01,-0.01,0.37,-0.38,0.44,-0.1,0.12,-0.21,-0.23,0.01,0.12,-0.65,-0.09,-0.29,0.0,-0.03,0.01,0.01,-0.09,0.05,-0.17,-0.02
-0.89,-0.24,-1.87,0.47,1.11,0.17,0.12,1.15,0.58,0.66,-0.0,0.2,-0.56,-0.74,0.62,0.32,-0.17,0.2,0.15,-0.19,-0.12,-0.22,0.19,0.34,0.11,-0.01,-0.34,-0.36,0.28,-0.29,-0.18,-0.06,-0.09,0.08,-0.03,0.02,-0.17,0.05,-0.03,0.01,-0.06,-0.03,-0.04
-0.91,-0.24,-2.19,0.97,1.34,0.17,0.06,1.44,1.33,1.1,0.57,-0.17,0.48,-0.57,-0.39,0.26,0.4,0.42,0.55,0.12,-0.17,-0.07,-0.33,0.49,-0.15,0.11,-0.07,0.1,0.05,0.28,-0.02,-0.02,-0.13,0.04,0.07,-0.08,0.11,-0.19,0.03,-0.02,-0.09,0.01,0.01
-0.93,-0.23,-2.04,0.58,0.94,-0.55,0.37,1.05,0.85,0.11,-0.2,0.41,-0.87,-0.95,0.35,0.07,-0.15,-0.22,0.22,0.04,0.26,-0.3,-0.09,0.84,0.16,-0.25,0.04,0.32,0.04,-0.64,-0.12,-0.24,0.31,0.15,0.2,-0.06,0.04,-0.15,0.08,0.08,-0.24,-0.18,0.02
-0.93,-0.06,-1.87,0.62,1.15,0.46,0.01,1.72,1.93,0.9,0.19,-0.34,-0.58,-0.35,-0.07,0.03,0.74,0.11,0.47,-0.36,-0.16,0.16,0.24,0.49,-0.22,-0.28,-0.1,0.28,0.2,-0.43,-0.35,0.09,0.12,-0.04,0.15,-0.1,0.04,0.03,-0.2,-0.06,-0.03,0.01,-0.1
-0.91,-0.21,-2.03,0.38,0.66,-0.13,0.6,1.55,0.8,0.81,0.01,-0.03,-0.14,0.11,0.19,0.32,0.13,0.46,0.27,0.02,-0.13,-0.21,0.08,0.08,-0.29,0.13,-0.17,-0.01,0.05,-0.12,-0.41,-0.34,-0.13,-0.24,-0.07,-0.23,-0.04,-0.05,0.0,0.03,-0.12,0.05,0.01
-1.01,0.03,-1.93,1.03,1.28,-0.24,0.6,1.55,0.68,1.67,-0.1,0.34,0.57,0.16,0.8,0.27,0.59,-0.22,-0.29,-0.9,0.2,-0.03,0.03,0.52,0.44,0.24,0.03,0.14,0.52,0.08,-0.19,-0.0,-0.24,0.15,0.07,0.02,-0.21,-0.04,0.1,-0.07,-0.09,0.05,0.1
-0.83,-0.17,-1.98,0.74,0.83,-0.11,0.88,1.17,1.33,0.95,-0.19,0.42,-0.6,-0.62,0.58,0.4,-0.22,0.54,0.61,-0.22,-0.28,-0.35,-0.04,0.31,0.23,0.21,-0.23,0.08,-0.01,-0.15,-0.27,0.29,0.16,0.19,0.17,-0.22,0.19,-0.14,-0.02,0.13,-0.15,-0.03,-0.05
-0.91,-0.25,-1.81,0.48,0.37,0.12,0.25,1.29,1.39,0.65,-0.11,0.38,-0.24,-0.42,0.55,0.56,0.29,0.13,0.2,0.0,0.11,-0.37,0.36,0.4,0.62,0.12,0.13,0.05,-0.09,-0.04,-0.4,0.23,0.39,0.04,0.03,-0.03,-0.07,-0.33,-0.09,-0.01,-0.16,-0.0,-0.02
-0.88,-0.09,-2.01,0.77,1.28,0.28,0.29,1.76,1.01,0.85,0.11,0.17,-0.14,-0.86,0.69,0.29,0.02,0.1,1.09,0.21,-0.07,0.04,-0.08,0.25,0.19,0.43,-0.31,-0.27,-0.03,0.22,-0.12,-0.11,0.19,0.42,0.16,-0.23,-0.15,0.1,-0.25,0.15,-0.04,-0.05,-0.0
-0.9,-0.14,-1.85,0.52,0.92,0.02,0.08,1.02,0.9,0.66,-0.64,0.51,-0.29,-0.87,0.45,0.33,-0.16,-0.05,0.39,0.09,0.29,-0.25,0.18,0.23,0.27,0.26,-0.12,-0.33,-0.1,-0.32,-0.02,0.18,0.18,0.05,0.14,-0.02,0.02,-0.04,-0.13,0.1,-0.02,-0.04,0.07
-0.95,-0.23,-1.79,0.79,1.22,0.62,0.21,1.41,0.78,0.76,0.51,-0.93,-0.24,0.2,0.87,0.31,-0.35,0.64,0.37,0.18,0.04,-0.03,-0.14,0.01,0.42,-0.0,-0.07,-0.09,-0.11,-0.13,-0.15,0.17,0.27,-0.16,0.35,0.05,-0.1,0.09,-0.12,0.15,0.05,-0.02,0.02
-1.08,-0.23,-2.04,0.48,1.04,-0.16,-0.01,1.44,0.69,0.78,0.51,0.12,0.19,-0.57,0.23,0.53,-0.46,0.44,0.23,-0.31,0.21,-0.14,-0.2,0.21,0.18,0.3,0.1,0.29,0.01,0.06,-0.09,0.2,0.13,-0.35,0.21,0.07,-0.0,-0.27,-0.13,0.01,-0.26,-0.07,0.05
-0.89,-0.26,-1.69,0.69,0.95,0.05,0.37,1.45,1.01,0.75,0.28,-0.16,-0.3,-0.21,-0.03,-0.07,-0.28,1.22,0.43,0.28,-0.42,-0.12,-0.51,0.07,0.15,0.38,0.11,0.33,0.06,-0.01,-0.36,0.3,0.29,-0.34,0.12,-0.18,0.01,0.1,-0.13,-0.02,-0.01,0.07,0.07
-0.86,0.01,-1.92,0.77,1.07,0.14,0.38,1.41,0.89,0.66,0.62,-0.42,0.02,-0.15,0.55,0.3,-0.5,0.42,0.55,-0.06,0.05,-0.27,-0.41,0.25,0.12,-0.01,-0.17,-0.07,-0.08,-0.52,-0.36,-0.07,0.41,-0.06,-0.02,-0.15,-0.11,0.08,0.02,-0.08,-0.06,0.07,0.05
-0.9,-0.13,-2.07,0.97,1.04,0.0,0.08,0.96,0.62,0.99,0.06,-0.11,0.25,-0.22,0.69,0.65,-0.57,1.38,0.41,0.01,-0.11,0.03,-0.09,0.24,0.27,-0.19,0.05,-0.09,0.39,-0.06,-0.38,0.35,0.52,-0.23,0.07,0.25,-0.06,-0.0,-0.11,0.06,-0.06,0.13,-0.03
-0.81,0.03,-2.11,1.36,0.84,0.02,0.75,1.5,1.22,0.91,0.09,0.39,0.19,-0.21,0.19,0.4,-0.12,0.55,-0.18,-0.28,0.28,-0.04,-0.59,0.39,0.6,-0.16,0.13,-0.18,-0.13,-0.15,0.14,0.17,0.03,-0.3,0.25,0.16,0.42,-0.22,0.2,-0.11,-0.12,0.03,0.12
-0.96,-0.2,-1.78,0.7,1.27,0.14,0.43,0.61,1.17,0.71,0.46,-0.24,0.03,0.41,0.39,0.47,-0.25,0.97,0.87,-0.11,0.15,0.08,-0.5,0.66,-0.07,-0.19,-0.26,0.02,0.17,-0.04,-0.3,0.44,0.16,-0.07,0.35,0.03,0.37,-0.06,0.12,0.04,-0.07,0.06,-0.02
-0.95,-0.01,-1.8,0.91,1.35,0.26,0.23,1.28,1.01,0.89,0.2,-0.07,0.4,0.5,0.81,0.8,-0.69,0.56,0.62,0.29,0.4,0.32,-0.23,0.24,-0.03,-0.33,-0.45,-0.22,-0.12,-0.32,-0.12,0.12,0.12,-0.17,0.28,0.09,0.12,0.05,-0.08,0.13,0.05,0.01,-0.05
-0.75,-0.27,-1.75,0.75,1.03,0.41,0.82,1.4,0.9,1.65,0.82,-0.91,0.15,-0.55,0.52,0.7,-1.15,1.47,1.11,-0.38,0.16,-0.28,-0.32,0.07,0.14,0.02,0.24,0.25,0.09,-0.12,-0.53,0.21,0.28,0.02,0.25,0.01,0.22,-0.0,0.03,0.08,-0.05,-0.03,-0.0
-0.76,-0.17,-1.7,1.0,1.28,0.38,0.3,2.38,0.48,1.39,0.53,-0.45,-0.28,-1.21,0.9,-0.04,-0.26,0.36,0.69,-0.49,-0.05,-0.03,-0.09,0.21,0.32,0.15,0.1,-0.41,-0.28,0.36,-0.51,0.22,0.29,0.29,-0.03,-0.03,0.03,-0.01,0.19,0.13,0.02,0.12,0.01
-0.75,0.14,-2.27,1.2,0.27,0.6,0.58,1.77,1.34,1.48,0.25,-0.19,0.47,-0.47,0.1,0.62,-0.26,0.67,0.98,0.28,-0.11,-0.28,0.23,-0.3,-0.13,0.15,0.11,-0.03,0.19,-0.33,-0.65,0.53,0.22,-0.07,0.29,0.32,-0.09,-0.15,-0.19,-0.01,0.05,0.09,-0.27
-0.93,0.18,-1.87,1.2,0.61,0.16,0.75,1.79,1.33,0.85,0.34,0.25,-0.49,-0.6,0.24,-0.05,0.31,0.0,0.19,-0.5,-0.13,-0.15,-0.01,0.35,0.33,0.32,-0.09,0.18,0.17,-0.27,-0.03,0.16,0.04,0.25,-0.15,-0.24,-0.13,-0.02,0.08,-0.01,-0.03,0.07,0.0
-0.8,0.14,-2.38,1.3,0.37,0.29,0.41,0.89,1.65,0.72,-0.42,0.01,-0.28,-0.33,0.31,0.08,0.47,0.36,0.03,-0.62,0.01,-0.37,-0.18,-0.06,0.39,-0.35,0.11,0.21,0.11,-0.19,-0.06,-0.39,0.17,0.38,-0.13,-0.12,0.06,0.14,-0.1,0.13,-0.02,0.11,-0.07
-0.82,-0.03,-1.95,0.7,0.34,0.71,0.15,0.97,0.84,0.47,-0.02,-0.33,-0.01,-0.5,0.09,0.37,0.33,-0.21,0.4,0.22,-0.16,-0.22,0.26,0.16,0.03,0.01,0.02,-0.14,-0.17,-0.32,0.16,0.12,0.2,0.13,0.22,0.01,0.14,-0.07,0.17,0.07,-0.04,0.06,-0.07
-0.91,0.09,-2.35,0.85,0.54,-0.1,0.03,1.11,1.05,0.56,-0.6,0.5,-0.31,-0.71,-0.08,0.16,0.74,0.1,0.38,-0.15,-0.31,0.13,-0.32,-0.05,0.33,-0.08,-0.17,0.31,0.39,-0.37,-0.15,-0.19,-0.12,0.07,0.28,-0.17,-0.13,0.32,-0.1,0.2,-0.1,0.04,-0.05
-0.88,0.09,-2.18,0.59,0.45,0.29,0.51,1.9,1.64,0.89,-0.23,0.07,-0.78,-0.53,0.55,0.23,-0.13,-0.09,0.09,0.18,-0.2,-0.05,0.02,0.05,0.11,0.23,-0.22,0.2,0.01,-0.51,-0.12,0.1,-0.08,-0.08,0.17,0.07,-0.28,0.33,-0.12,0.07,0.12,-0.01,0.08
-0.84,0.2,-2.12,0.88,0.26,0.71,0.61,1.09,1.2,0.65,-0.3,-0.02,0.05,-0.5,-0.18,-0.08,0.16,-0.03,0.29,-0.43,-0.1,-0.28,0.31,0.19,0.18,-0.17,-0.22,-0.07,0.09,-0.08,0.22,0.13,0.07,0.24,0.23,0.09,-0.15,-0.05,-0.2,0.04,-0.09,-0.03,-0.04
-0.85,-0.15,-2.21,0.8,0.45,0.35,0.78,1.55,1.11,0.83,0.05,-0.29,-0.6,-0.41,0.05,0.45,-0.23,0.04,0.26,0.01,-0.4,-0.15,0.14,0.23,-0.21,0.18,-0.05,0.2,-0.02,-0.41,0.04,0.03,-0.03,0.24,0.18,-0.08,0.21,-0.05,-0.01,0.17,-0.04,0.07,-0.04
-0.88,0.25,-2.25,0.81,0.36,0.2,0.38,1.35,1.39,0.42,0.31,0.18,-0.91,-0.52,-0.69,-0.3,0.06,-0.05,0.09,-0.05,-0.36,0.0,-0.04,0.37,-0.01,-0.05,-0.1,0.14,0.14,0.28,-0.03,-0.23,0.2,0.4,0.03,-0.15,0.07,0.3,0.08,0.1,0.04,-0.01,0.06
-0.86,0.18,-2.33,0.85,0.36,0.42,0.63,1.06,1.34,1.0,0.2,0.5,-0.75,-1.03,0.15,0.11,-0.12,0.25,0.64,-0.0,0.03,0.02,0.15,0.1,-0.25,0.3,0.2,0.11,0.21,-0.0,-0.11,-0.04,0.1,0.14,-0.11,0.04,-0.21,0.05,0.11,-0.23,-0.18,0.17,-0.22
-0.83,0.22,-2.15,1.19,0.32,0.39,0.55,1.75,1.16,0.07,0.11,0.35,-0.02,-0.37,-0.13,-0.0,0.13,0.19,0.18,0.17,0.01,0.02,-0.21,0.27,-0.16,0.35,-0.23,0.16,0.22,-0.21,0.04,-0.07,0.06,0.06,-0.18,-0.04,-0.27,0.12,-0.02,0.2,-0.1,-0.02,-0.06
-0.8,0.14,-2.13,0.63,0.22,-0.22,0.65,0.93,0.76,0.34,-0.32,0.35,-0.11,-0.97,0.05,-0.17,0.1,0.15,0.45,-0.15,-0.56,0.01,-0.03,0.21,-0.36,0.2,-0.31,0.06,0.25,0.12,-0.26,-0.16,-0.13,-0.06,0.28,-0.04,0.02,-0.06,0.06,0.12,-0.04,0.03,-0.05
-0.76,-0.0,-2.06,0.61,0.29,0.45,0.44,1.68,0.64,0.86,-0.19,0.09,-0.19,-0.04,0.07,0.07,0.21,-0.16,0.13,-0.14,-0.33,-0.07,0.13,0.56,0.25,-0.09,-0.22,-0.29,0.16,0.21,-0.18,-0.37,-0.17,0.08,0.23,-0.1,-0.01,-0.1,0.14,0.07,-0.21,-0.02,0.03
-0.91,0.19,-1.94,0.99,0.0,0.45,0.61,1.28,1.25,0.46,-0.43,0.54,0.01,-0.41,-0.15,0.45,0.06,0.24,0.3,0.21,-0.21,0.23,-0.03,-0.12,-0.05,-0.04,-0.11,0.4,0.12,0.03,-0.17,0.15,-0.09,0.22,0.22,0.12,-0.22,-0.03,-0.04,0.22,0.14,-0.11,-0.04
-0.76,0.03,-2.23,1.23,0.33,0.25,0.52,1.83,1.5,0.33,0.18,0.78,-0.57,-0.51,0.28,0.61,-0.01,0.77,-0.11,0.24,0.15,0.08,-0.62,0.26,-0.25,-0.17,0.07,0.1,-0.09,-0.12,-0.2,-0.07,-0.06,0.22,0.02,-0.02,0.1,-0.12,0.13,0.16,-0.16,-0.1,0.09
-0.77,0.11,-1.81,1.32,-0.11,0.52,0.54,1.5,0.56,0.64,0.24,0.31,-0.19,-1.1,0.25,0.58,-0.23,0.55,0.18,0.42,0.22,-0.21,-0.22,0.28,-0.04,0.19,0.43,-0.07,0.03,0.22,-0.12,0.19,0.04,0.22,0.01,-0.05,0.32,-0.23,-0.05,0.07,-0.03,0.05,-0.07
-0.71,0.01,-1.81,1.59,0.19,0.14,0.25,1.1,1.05,0.16,0.44,0.54,-0.19,-0.65,-0.18,0.73,-0.53,0.57,0.59,0.34,-0.67,0.63,-0.18,0.72,0.43,-0.34,0.17,-0.39,-0.21,-0.33,-0.13,0.05,0.25,0.01,0.31,-0.05,0.34,0.02,0.08,0.15,-0.12,0.12,-0.12
-0.78,0.17,-2.3,0.59,0.68,-0.05,0.73,1.26,1.18,0.75,0.56,0.26,0.06,-0.78,0.26,0.17,-0.1,0.06,0.19,-0.89,-0.39,0.13,0.31,0.3,0.38,-0.09,0.33,0.11,-0.04,-0.39,0.27,-0.03,0.33,-0.02,-0.06,-0.18,-0.05,-0.02,-0.3,-0.02,-0.15,0.14,-0.05
-0.84,0.03,-2.27,0.86,0.04,0.08,0.29,1.85,1.24,0.02,0.19,0.91,-0.63,-0.1,-0.1,0.07,0.16,0.07,0.26,0.05,-0.2,-0.06,0.18,0.31,0.22,-0.01,0.02,-0.23,-0.0,-0.21,-0.25,-0.27,0.24,-0.07,-0.14,-0.06,-0.1,-0.14,-0.13,0.03,-0.11,0.15,-0.01
-0.73,0.31,-2.05,0.66,0.06,-0.09,0.37,1.24,1.05,0.4,0.19,0.47,0.13,-0.14,-0.56,-0.26,0.31,-0.46,0.18,-0.74,-0.38,0.19,0.1,0.64,-0.11,0.16,-0.21,-0.11,0.18,-0.28,-0.31,-0.12,-0.32,0.02,0.14,0.03,0.03,-0.14,0.02,-0.04,-0.09,-0.04,0.01
-0.82,0.2,-2.38,0.88,0.32,0.33,0.34,1.83,1.36,0.54,0.41,1.38,-0.17,-0.62,-0.33,-0.16,0.29,0.29,0.21,0.13,-0.61,0.16,0.12,0.53,0.02,-0.3,0.05,0.12,-0.0,-0.25,-0.31,-0.22,-0.08,0.37,-0.29,-0.15,0.13,-0.16,-0.09,0.09,-0.12,0.01,-0.09
-0.76,0.01,-1.98,1.37,0.71,0.1,0.63,1.39,1.0,0.34,-0.35,0.75,-0.24,-1.28,0.37,0.15,0.54,0.58,0.15,0.18,0.02,0.15,-0.09,0.33,-0.04,-0.45,0.01,0.13,-0.07,-0.27,-0.21,0.31,0.15,0.08,0.3,0.04,0.26,-0.18,-0.09,-0.06,-0.14,0.06,0.02
-0.78,0.23,-2.37,1.16,0.35,0.27,0.04,1.52,1.18,0.25,0.25,0.89,-0.41,-0.67,-0.45,0.04,0.12,0.48,0.95,0.15,-0.36,0.83,-0.04,0.4,-0.11,0.07,-0.38,0.19,-0.29,-0.06,-0.1,-0.12,0.0,0.03,0.19,-0.16,-0.09,0.23,0.01,0.13,-0.12,-0.13,0.17
-0.76,-0.19,-2.32,1.34,0.55,0.14,0.2,1.27,1.09,-0.13,0.05,0.93,-0.29,-0.3,0.04,0.15,-0.21,0.44,0.42,-0.4,0.19,0.37,-0.31,0.3,0.15,0.45,-0.13,-0.08,0.06,-0.13,-0.28,0.17,0.0,0.21,-0.03,-0.28,-0.06,0.06,0.36,0.07,-0.21,-0.02,0.02
-0.8,0.13,-2.12,1.09,0.44,0.38,0.17,1.42,0.92,0.58,-0.15,1.49,-0.08,-0.52,0.4,0.57,-0.68,-0.15,0.71,-0.36,-0.31,0.42,-0.18,0.28,0.06,0.15,0.25,-0.26,-0.25,-0.12,-0.32,-0.09,-0.3,0.03,0.14,-0.05,-0.16,0.1,0.26,0.04,-0.2,0.04,-0.02
-0.97,-0.04,-2.05,0.97,0.88,0.31,0.25,1.69,1.18,0.64,0.2,0.64,-0.6,-0.59,0.84,0.77,-0.19,-0.47,0.39,0.08,0.12,0.33,0.37,0.08,0.16,0.05,-0.06,-0.12,0.08,-0.04,-0.22,0.01,0.04,0.16,-0.18,-0.02,-0.12,0.02,0.29,0.08,0.0,0.02,-0.04
-0.95,-0.09,-2.12,1.22,1.31,0.29,-0.0,1.13,0.59,0.93,-0.19,0.98,-0.23,-0.52,0.4,0.77,-0.0,0.3,0.63,-0.05,-0.16,0.21,0.29,0.51,0.26,0.21,-0.32,-0.11,-0.02,-0.32,0.04,-0.2,-0.1,0.51,-0.04,0.07,-0.17,-0.09,-0.04,0.08,-0.13,-0.03,-0.07
-0.92,-0.08,-2.08,1.11,0.94,0.3,0.01,1.69,1.28,0.35,0.25,1.09,-0.26,-0.27,0.58,0.58,-0.41,0.14,0.96,-0.39,-0.11,0.03,0.38,0.42,-0.34,0.34,-0.29,0.27,-0.12,-0.23,-0.28,-0.07,-0.17,-0.03,-0.12,0.23,-0.21,0.02,-0.04,0.13,-0.04,-0.04,0.12
-0.92,0.05,-1.99,1.14,0.66,0.09,0.01,0.79,0.86,1.05,0.25,1.38,-0.37,-1.09,0.45,1.1,-0.09,0.12,0.67,0.15,-0.37,-0.0,-0.26,0.51,-0.06,0.22,-0.18,0.18,-0.07,-0.04,0.3,-0.36,0.21,0.33,0.05,-0.01,-0.08,-0.02,-0.01,-0.1,-0.29,-0.01,0.04
-0.8,-0.04,-2.28,1.19,1.23,-0.24,0.58,1.23,1.26,0.53,-0.06,0.26,-0.29,-0.4,0.61,1.26,-0.47,0.17,0.5,0.16,0.04,-0.08,0.18,0.64,-0.16,-0.0,0.37,-0.32,0.37,-0.04,0.1,-0.38,0.12,0.25,-0.1,-0.41,-0.13,0.06,-0.19,-0.01,-0.16,-0.05,-0.05
-0.96,-0.5,-1.68,0.78,1.22,0.25,0.06,1.59,1.24,0.39,-0.02,-0.03,-0.1,-0.4,-0.22,-0.05,0.25,0.25,0.77,0.39,-0.34,-0.03,0.01,0.62,-0.05,0.01,0.03,0.04,0.12,0.02,-0.21,-0.29,-0.17,0.02,-0.29,0.14,-0.04,-0.01,-0.07,0.06,-0.02,-0.05,0.02
-1.05,-0.06,-1.96,1.31,0.98,0.59,-0.65,1.08,1.81,0.96,-0.37,0.77,0.29,-0.73,-0.21,0.52,-0.54,0.19,0.59,0.08,-0.16,0.38,-0.51,0.29,0.09,0.28,-0.28,0.13,0.11,0.07,-0.2,-0.28,-0.23,0.43,0.03,-0.03,-0.08,0.06,-0.12,-0.03,-0.03,-0.07,-0.11
-0.92,0.12,-1.93,0.82,0.83,0.34,-0.23,1.21,1.06,0.52,-0.32,0.8,-0.01,-0.03,0.35,0.55,-0.82,0.09,0.81,0.09,-0.26,-0.18,-0.18,0.53,0.01,0.55,-0.57,-0.11,-0.3,-0.23,-0.1,-0.26,0.09,0.29,-0.19,-0.03,-0.3,-0.17,0.04,-0.11,-0.21,-0.01,0.08
-0.95,-0.19,-2.47,0.97,0.88,0.01,0.45,1.25,1.05,0.56,-0.03,1.08,-0.25,-0.51,0.31,1.08,-0.58,-0.03,0.45,0.06,0.23,0.01,-0.08,0.64,-0.35,0.38,-0.08,0.15,0.22,-0.02,0.17,-0.09,-0.07,0.13,0.03,-0.14,-0.07,-0.02,-0.04,0.08,-0.12,-0.05,0.03
-0.9,-0.14,-1.98,1.21,0.84,0.23,0.25,1.14,0.92,0.29,-0.32,-0.02,-0.59,-0.27,0.26,0.71,-0.41,-0.16,0.3,0.6,0.18,0.09,-0.18,0.19,-0.42,-0.13,-0.46,0.13,0.07,-0.31,0.0,0.21,-0.0,-0.11,-0.19,-0.22,-0.17,-0.05,0.11,0.01,-0.06,-0.05,0.02
-0.89,0.3,-2.03,1.02,0.46,0.52,0.53,1.94,0.84,0.75,-0.04,0.42,0.12,-0.27,0.42,0.58,-0.52,-0.01,0.24,0.45,-0.05,0.2,-0.1,-0.08,0.04,0.07,-0.35,-0.01,0.16,-0.08,-0.27,0.23,0.52,0.12,-0.08,-0.0,-0.14,0.04,0.05,-0.04,0.09,0.08,-0.1
-0.94,0.1,-2.32,0.99,0.13,0.54,0.82,1.4,1.64,1.29,0.65,1.29,0.05,-0.52,0.64,0.92,-0.27,0.19,0.34,0.66,0.21,0.06,0.21,0.05,-0.5,-0.02,0.03,0.1,0.09,-0.31,0.21,-0.09,-0.15,-0.26,0.06,0.15,-0.34,0.02,0.18,0.14,-0.21,0.03,0.08
-0.85,-0.15,-2.4,1.43,0.9,0.16,0.79,1.57,1.65,0.62,0.21,0.66,0.05,0.27,0.17,0.9,-0.19,-0.04,0.31,0.12,0.18,0.41,-0.0,0.99,-0.08,0.19,-0.04,0.29,0.3,-0.14,-0.23,-0.48,-0.06,0.11,0.01,-0.13,-0.03,-0.14,0.01,-0.01,-0.14,-0.04,-0.0
-0.85,0.48,-2.41,1.0,0.43,0.25,0.27,1.29,0.84,1.24,-0.42,1.81,-0.0,-0.27,0.37,0.94,-0.28,0.23,0.55,-0.08,-0.29,-0.07,0.21,0.31,-0.33,-0.43,0.01,0.03,-0.01,-0.37,0.22,0.05,0.01,0.1,0.19,0.09,-0.19,0.06,0.05,0.05,-0.23,0.01,-0.02
-0.98,0.36,-2.24,1.17,0.36,0.03,0.6,0.85,0.96,0.57,-0.29,1.01,0.67,-0.41,-0.53,0.77,0.08,-0.01,0.38,0.04,-0.54,0.35,0.1,0.12,0.24,0.23,-0.12,-0.1,-0.1,-0.07,-0.18,-0.08,-0.02,0.13,-0.23,-0.17,0.14,0.07,-0.01,0.0,-0.06,0.03,-0.06
-0.85,0.41,-2.02,1.25,0.81,0.2,0.64,1.69,1.38,0.76,-0.13,0.4,0.07,-0.57,-0.25,0.27,-0.55,-0.04,0.91,0.36,-0.26,0.45,-0.28,0.22,-0.27,0.62,0.0,-0.07,0.16,-0.15,-0.22,-0.51,0.15,0.08,-0.01,-0.43,0.01,0.37,0.12,0.04,-0.15,0.13,-0.11
-0.7,0.39,-2.44,1.34,0.88,0.63,0.61,1.33,1.29,0.92,-0.06,0.84,0.27,-0.6,0.1,0.43,-0.84,0.6,0.7,0.21,-0.37,0.14,-0.66,0.06,0.19,0.46,-0.15,0.01,0.01,-0.12,-0.08,-0.23,0.09,0.41,0.49,0.03,-0.03,0.08,-0.09,0.19,-0.07,0.04,0.02
-0.92,0.29,-1.77,0.79,0.51,0.4,0.13,1.72,1.34,0.37,-0.33,0.45,0.13,-0.25,0.3,0.45,-0.38,-0.45,0.71,0.57,0.5,0.12,-0.1,-0.05,0.02,-0.2,-0.02,-0.23,-0.18,-0.26,0.08,0.23,0.48,-0.16,0.32,-0.23,0.0,0.04,-0.08,0.05,-0.03,0.0,-0.02
-0.85,0.5,-1.63,0.86,0.79,0.03,0.8,1.62,1.43,0.2,0.28,0.48,-0.17,-0.07,0.26,0.71,-0.17,0.21,1.07,0.29,0.06,0.11,-0.06,-0.01,-0.46,-0.32,-0.22,-0.1,-0.23,-0.33,-0.25,0.24,0.08,0.01,0.47,0.0,0.21,0.12,-0.08,0.22,-0.17,0.12,-0.03
-0.9,0.05,-2.06,1.05,0.61,-0.33,1.12,1.55,1.34,0.75,-0.16,1.12,-0.27,-0.47,0.07,0.92,-0.35,0.57,0.81,-0.04,0.39,0.18,-0.37,-0.11,-0.09,0.26,-0.15,0.06,0.06,-0.16,-0.07,0.34,-0.25,-0.2,-0.04,-0.13,0.13,0.17,-0.17,0.28,-0.1,0.03,-0.02
-0.92,0.07,-1.96,0.77,0.49,-0.03,0.62,1.1,1.32,0.36,-0.31,0.56,-0.5,-0.21,0.05,0.14,-0.11,0.14,0.62,0.02,0.44,0.19,-0.06,0.21,0.35,0.07,-0.12,0.04,-0.2,-0.17,0.08,-0.19,0.52,-0.17,0.32,-0.07,0.1,-0.02,-0.1,0.08,-0.09,0.07,0.1
