tIC1,tIC2,tIC3,tIC4,tIC5,tIC6,tIC7,tIC8,tIC9,tIC10,tIC11,tIC12,tIC13,tIC14,tIC15,tIC16,tIC17,tIC18,tIC19,tIC20,tIC21,tIC22,tIC23,tIC24,tIC25,tIC26,tIC27,tIC28,tIC29,tIC30,tIC31,tIC32,tIC33,tIC34,tIC35,tIC36,tIC37,tIC38,tIC39,tIC40,tIC41,tIC42,tIC43
0.15,0.73,-2.47,-0.29,-0.46,2.01,-0.61,0.32,0.04,0.92,-1.18,0.71,-0.82,-0.25,0.48,0.32,-0.66,0.24,-0.57,0.07,0.05,-0.12,0.09,-0.28,0.23,0.21,-0.42,-0.24,0.08,0.09,-0.68,-0.21,-0.35,-0.19,-0.06,0.55,-0.25,-0.09,-0.12,-0.03,0.03,0.01,-0.0
-0.0,0.86,-2.17,-0.15,-0.47,2.04,-0.25,0.26,0.34,1.02,-1.08,0.53,0.12,-0.15,0.26,0.09,0.21,0.16,-0.26,-0.33,0.05,-0.56,-0.13,-0.0,0.49,0.03,-0.01,0.14,0.0,0.14,0.04,0.31,-0.14,-0.14,-0.4,-0.05,0.06,-0.4,0.01,0.03,0.01,0.03,0.11
0.11,1.33,-2.39,0.2,-0.37,2.01,-0.18,0.47,0.98,0.68,-0.63,-0.06,-0.78,-0.0,0.38,0.28,0.65,-0.9,0.3,-0.82,-0.44,-0.0,0.17,0.04,0.64,-0.31,-0.43,-0.31,-0.01,0.54,-0.05,-0.08,-0.06,0.14,-0.02,-0.17,-0.02,-0.17,-0.29,-0.21,-0.07,-0.04,0.11
0.16,0.83,-2.17,-0.37,-0.81,2.34,0.19,0.45,0.88,0.91,-0.84,0.77,-0.12,-0.02,0.71,-0.2,0.76,-0.31,0.21,-0.23,-0.17,0.08,-0.04,-0.21,1.04,-0.15,0.17,0.19,0.34,0.32,-0.13,0.26,-0.06,0.05,-0.23,0.27,-0.04,-0.12,-0.01,-0.06,-0.05,0.07,0.05
0.19,0.96,-2.21,-0.32,-0.62,2.11,-0.06,0.01,0.37,0.82,-1.07,0.09,-0.5,0.02,0.67,0.22,0.65,-0.48,-0.21,-0.84,-0.02,0.39,0.16,-0.17,0.04,-0.17,-0.08,0.05,-0.06,0.1,-0.15,-0.09,0.32,-0.13,-0.01,0.04,0.04,-0.16,0.0,0.24,0.02,-0.06,0.06
0.12,0.91,-2.23,-0.12,-0.56,2.37,0.05,-0.08,0.69,0.68,-1.19,0.49,-0.13,-0.25,0.79,-0.0,1.61,0.74,0.45,-0.94,0.66,0.15,0.21,-0.52,-0.01,-0.4,-0.13,-0.02,0.24,0.1,-0.23,-0.14,-0.03,-0.19,-0.08,0.08,0.14,-0.1,-0.24,0.23,-0.04,0.14,0.09
0.16,1.01,-2.29,0.1,-0.28,2.01,-0.16,0.3,1.09,0.8,-0.64,0.56,-0.39,0.18,0.1,-0.06,0.84,-0.71,0.18,-0.57,-0.05,0.13,-0.21,-0.1,0.93,-0.59,0.47,0.18,-0.18,0.34,-0.15,-0.11,0.12,0.03,-0.04,0.22,0.04,-0.24,-0.33,-0.04,-0.06,0.2,-0.01
-0.02,0.76,-1.88,-0.33,-0.9,1.84,0.4,0.18,0.83,0.33,-0.07,0.48,0.41,-0.65,0.45,-0.07,0.17,-0.75,0.38,-0.2,0.66,0.07,0.17,-0.21,0.56,0.31,0.46,-0.15,-0.05,0.19,-0.48,-0.38,-0.02,-0.19,0.29,-0.06,0.08,-0.04,-0.12,0.0,0.05,0.08,0.1
0.13,0.45,-2.13,-1.02,-1.09,1.99,0.5,0.15,0.95,0.32,-1.44,0.33,-0.13,0.2,1.1,-0.15,0.43,-0.46,0.57,-0.44,-0.06,0.78,0.02,0.09,0.51,-0.07,0.34,0.14,0.38,0.36,-0.36,0.01,0.27,-0.19,-0.18,0.1,-0.07,-0.16,-0.31,-0.13,-0.01,0.1,0.18
0.13,0.52,-2.12,-0.46,-0.48,1.42,0.15,-0.53,0.78,0.38,-0.67,-0.03,-0.14,-0.61,0.49,-0.02,0.82,-0.9,0.41,-0.42,0.58,0.45,-0.84,0.34,0.46,0.19,0.5,0.3,-0.1,0.12,0.27,0.14,-0.11,-0.05,-0.07,-0.09,-0.08,-0.16,-0.41,0.03,-0.12,0.02,0.09
0.04,0.65,-1.86,-0.61,-0.9,1.98,0.41,-0.25,0.68,-0.02,-0.15,0.29,-0.19,-0.34,0.28,-0.04,1.07,0.07,0.13,-1.15,0.63,-0.01,-0.12,0.06,0.0,0.01,-0.43,0.16,0.56,0.29,-0.13,-0.24,-0.07,0.25,-0.2,0.13,-0.08,-0.54,-0.1,0.2,0.11,-0.03,-0.06
0.08,0.67,-1.82,-0.66,-0.55,1.98,0.51,-0.1,0.9,0.25,-0.39,0.17,0.51,0.13,0.16,0.13,1.14,-0.76,0.41,-1.19,-0.38,0.05,0.09,-0.12,0.22,0.39,0.27,0.01,0.37,0.94,-0.29,0.02,-0.08,-0.28,-0.11,-0.02,-0.26,-0.04,-0.04,0.13,-0.06,0.03,0.12
-0.11,0.52,-1.65,-0.47,-0.92,1.87,0.34,-0.19,0.62,0.72,-0.03,0.76,0.22,-0.4,0.68,-0.58,0.68,0.08,1.0,-0.39,-0.21,-0.43,0.04,-0.1,-0.08,-0.01,-0.07,-0.18,0.16,0.81,-0.36,0.43,0.07,-0.03,-0.57,0.03,-0.17,-0.2,0.03,0.29,0.0,0.03,-0.1
-0.09,0.54,-1.84,-0.32,-0.89,1.8,0.19,-0.19,0.74,-0.03,-0.44,0.7,0.29,-0.44,0.44,0.04,0.32,-0.74,0.19,-0.61,0.13,0.04,-0.04,-0.62,-0.36,-0.2,-0.15,0.3,0.02,0.47,0.08,0.06,0.31,-0.42,0.16,0.05,-0.19,-0.02,-0.14,-0.1,-0.01,-0.18,-0.21
0.05,0.48,-2.01,-0.45,-0.76,2.49,-0.1,0.6,0.74,0.57,-0.86,0.37,-0.11,0.15,0.41,-0.34,0.83,0.34,0.92,-0.62,0.23,-0.18,-0.07,0.06,0.55,0.28,-0.43,-0.08,0.2,0.34,-0.37,0.04,-0.16,-0.18,-0.02,-0.08,0.11,-0.16,0.04,-0.03,0.1,0.15,-0.04
0.1,0.43,-2.06,-0.39,-0.94,2.26,0.08,0.75,0.78,0.32,-1.8,0.1,-0.35,-0.43,0.79,0.4,1.82,0.88,0.08,-0.68,-0.06,0.13,0.04,-0.46,0.12,-0.01,-0.34,-0.32,0.19,0.2,-0.31,-0.18,-0.0,-0.32,-0.47,0.06,0.02,-0.43,-0.03,0.12,0.06,-0.06,0.1
-0.06,0.12,-1.71,-0.46,-1.03,1.88,-0.11,0.61,0.64,0.3,-1.39,0.28,0.12,-0.82,0.74,0.08,1.04,-0.26,-0.02,-1.23,0.05,-0.44,-0.1,-0.87,0.62,0.14,0.1,0.25,0.07,0.67,-0.26,-0.77,-0.14,-0.38,-0.37,0.16,0.21,-0.16,0.01,0.09,0.14,0.2,-0.19
0.11,0.22,-2.11,-0.24,-0.92,1.89,-0.09,0.21,0.71,0.48,-1.89,0.23,-0.18,-0.29,0.22,0.53,1.34,0.28,-0.54,-0.64,-0.27,-0.46,0.11,-0.7,0.25,0.06,0.16,-0.2,0.16,0.63,-0.26,-0.38,-0.4,-0.25,-0.26,-0.12,0.37,-0.43,0.01,0.03,-0.07,0.38,0.06
-0.03,0.38,-1.81,-0.52,-1.1,2.19,-0.4,0.24,1.11,-0.05,-1.73,0.16,-0.29,-0.35,0.95,0.55,0.8,0.33,-0.73,-1.55,-0.1,-0.52,-0.25,-1.08,0.71,0.2,-0.32,0.22,-0.09,0.24,-0.95,-0.64,-0.14,-0.49,-0.16,0.46,0.12,-0.02,0.33,0.04,0.17,0.22,-0.1
-0.15,0.05,-2.12,-0.93,-1.39,2.17,-0.43,0.58,1.26,0.46,-1.65,-0.07,0.06,0.09,0.28,0.29,-0.03,0.55,-0.49,-0.44,0.27,0.09,-0.18,-0.07,0.35,0.06,-0.06,-0.27,0.04,0.06,-0.34,-0.9,-0.39,-0.37,-0.27,0.29,0.32,-0.09,0.17,0.04,0.08,0.02,0.02
0.01,0.57,-2.01,-0.56,-1.01,2.19,0.05,0.3,0.37,-0.37,-0.66,0.41,-0.25,-0.29,0.72,-0.27,1.31,-0.46,-0.58,-0.49,0.07,0.11,0.04,-0.34,1.02,0.48,0.05,0.44,-0.28,0.51,0.09,-0.01,-0.26,-0.15,-0.41,-0.02,0.04,-0.44,0.0,0.11,0.19,0.09,-0.18
0.17,1.03,-2.21,-0.48,-1.05,2.65,0.15,0.52,0.71,-0.12,-1.13,-0.17,0.03,-0.41,0.61,0.24,1.28,0.35,-0.75,-1.09,0.55,-0.14,-0.43,-0.57,0.62,0.73,-0.44,-0.07,0.16,-0.02,-0.17,-0.27,-0.08,0.05,-0.08,0.44,0.33,-0.21,0.07,-0.14,-0.1,0.12,-0.19
0.04,0.8,-2.41,-0.45,-0.99,2.17,0.05,0.39,0.82,0.71,-1.53,0.39,-0.07,-0.47,0.37,0.2,0.8,0.57,-0.21,-0.78,0.27,0.02,-0.14,-0.39,0.43,-0.19,-0.23,-0.27,0.43,0.5,-0.68,-0.6,-0.24,-0.24,-0.46,0.15,0.29,-0.23,0.11,0.12,0.02,0.17,-0.04
-0.06,0.46,-2.18,-0.78,-1.09,2.45,-0.08,0.32,0.66,0.81,-1.01,-0.1,-0.45,-0.32,0.84,0.36,1.26,0.21,-0.14,-0.9,0.54,-0.37,-0.25,-0.55,0.78,-0.25,0.08,0.22,-0.21,0.15,-0.2,-0.5,-0.02,-0.34,-0.25,0.5,0.32,-0.36,0.06,0.11,0.07,0.14,-0.07
-0.03,0.8,-1.97,-0.82,-1.02,2.2,-0.04,0.84,1.02,0.35,-1.75,-0.14,-0.1,-0.11,0.88,-0.0,0.74,0.41,-0.74,0.18,0.38,-0.31,-0.28,-0.83,0.72,0.51,-0.14,-0.13,0.03,0.29,0.0,-1.04,-0.21,-0.48,-0.25,0.22,0.28,-0.29,0.22,0.2,-0.1,0.13,-0.05
-0.08,0.34,-1.86,-0.89,-1.47,2.35,0.17,0.67,0.37,0.18,-1.32,-0.36,0.05,-0.12,0.33,0.25,-0.02,0.02,-0.27,-1.04,0.1,-0.58,-0.08,-0.2,0.5,-0.03,0.17,-0.05,0.08,0.11,-0.28,-0.59,0.06,-0.47,-0.2,-0.18,0.36,-0.16,0.09,0.22,0.11,-0.05,-0.16
-0.05,0.73,-2.25,-1.05,-1.15,2.14,0.16,1.12,0.51,-0.05,-2.18,0.0,-0.51,-0.48,0.97,0.21,0.95,0.23,-1.01,-0.53,0.6,-0.52,-0.45,-0.66,0.45,0.38,0.07,0.53,-0.29,-0.06,-0.69,-0.55,-0.28,-0.48,-0.07,0.32,0.7,-0.16,0.1,0.05,0.04,-0.02,-0.22
0.03,0.65,-1.86,-0.59,-1.2,2.28,-0.1,1.1,0.36,-0.03,-1.39,0.17,-0.47,-0.2,0.37,0.23,0.6,-0.15,-0.38,-1.04,-0.03,-0.6,-0.12,-0.54,0.47,0.41,-0.25,-0.31,-0.04,0.23,-0.22,-0.67,0.01,-0.27,-0.25,0.16,0.27,-0.42,0.25,-0.04,-0.07,0.05,-0.14
0.14,0.1,-1.95,-0.6,-0.56,2.29,0.0,0.81,0.38,0.42,-1.86,0.15,0.08,-0.63,0.31,-0.15,0.92,0.17,-0.67,-1.18,-0.0,-0.21,-0.22,-0.35,0.41,0.39,0.29,-0.34,0.02,0.45,-0.09,-0.29,0.09,-0.16,-0.64,0.27,0.17,-0.11,-0.06,0.15,0.03,0.11,0.05
0.0,0.3,-1.74,-0.82,-0.81,1.99,-0.22,0.69,0.64,0.68,-1.31,-0.11,-0.25,-0.6,-0.06,-0.16,0.69,-0.33,-0.73,-1.19,0.4,-0.55,-0.72,-0.72,0.64,-0.2,0.38,0.1,-0.16,0.44,-0.26,-0.28,-0.12,-0.31,-0.14,0.14,0.05,-0.22,-0.02,0.27,-0.01,0.18,-0.02
0.08,0.11,-1.85,-0.47,-0.51,1.93,-0.14,0.36,0.62,0.37,-1.49,-0.44,0.31,-0.46,0.7,0.24,-0.08,-0.17,-0.97,-1.32,-0.16,-0.55,-0.17,-0.4,0.94,0.39,0.22,-0.3,-0.07,0.56,-0.44,-0.55,0.01,-0.43,-0.2,0.14,0.12,0.03,-0.07,0.24,0.02,0.2,-0.02
-0.0,0.59,-2.06,-0.64,-0.43,1.66,0.0,0.35,0.1,0.89,-1.0,0.0,0.23,-0.55,0.91,-0.28,0.5,0.02,-0.02,-1.5,-0.02,-0.26,0.19,-0.44,0.47,-0.05,-0.04,-0.21,-0.02,0.57,-0.1,-0.44,0.02,-0.09,-0.35,0.13,0.21,-0.27,0.27,0.24,0.04,0.21,0.02
-0.05,0.56,-1.72,-0.89,-0.58,2.14,-0.06,0.69,0.39,-0.02,-0.99,0.68,-0.46,-0.12,0.21,-0.17,0.39,-0.19,-0.58,-1.08,0.56,-0.25,-0.57,-0.99,0.67,0.72,-0.45,0.16,-0.03,0.77,-0.29,-0.54,-0.05,-0.43,-0.1,-0.08,0.2,-0.32,0.51,-0.19,0.01,0.22,0.06
0.09,0.41,-1.98,-0.8,-1.01,1.84,0.21,0.75,0.53,0.2,-1.38,0.38,-0.03,-0.34,0.15,0.02,0.75,-0.02,-0.58,-0.89,-0.06,-0.08,-0.33,-0.96,0.51,0.23,-0.11,-0.01,-0.09,0.84,-0.33,-0.4,0.11,-0.43,-0.33,0.15,0.19,-0.19,0.25,0.02,0.2,0.01,-0.12
-0.01,0.46,-1.97,-0.84,-0.94,2.32,0.08,1.07,0.89,0.16,-1.87,0.78,0.01,-0.16,0.42,-0.07,0.49,-0.15,-0.73,-1.32,0.4,-0.68,-0.22,-0.83,0.51,-0.16,-0.39,0.03,-0.16,0.42,-0.25,-0.74,0.09,-0.19,0.01,0.3,0.18,-0.16,0.14,0.05,0.02,0.08,-0.17
-0.08,0.53,-2.01,-0.53,-1.4,2.04,-0.34,0.26,0.75,0.55,-0.56,0.64,0.04,-0.49,0.25,0.41,0.61,0.04,-0.54,-0.79,0.41,-0.76,-0.32,-0.59,0.23,-0.02,0.09,0.3,0.11,0.16,0.06,-0.69,-0.16,-0.51,-0.23,0.21,0.17,-0.41,0.21,0.24,0.15,0.16,-0.08
-0.08,0.73,-1.93,-0.59,-0.48,1.3,-0.14,0.65,-0.42,0.84,-1.12,0.7,0.04,-0.36,0.21,-0.37,0.5,-0.56,-0.35,-1.31,0.82,-1.12,-0.3,-0.19,0.08,0.07,-0.25,-0.37,0.01,0.66,-0.11,-0.49,0.19,-0.44,-0.04,0.17,0.04,-0.12,0.26,0.27,0.04,0.17,-0.03
-0.0,0.52,-1.67,-0.97,-0.97,2.29,-0.11,0.67,0.22,0.26,-1.45,0.35,0.17,-0.67,0.9,0.24,0.41,-0.53,-0.5,-1.19,0.24,0.21,-0.16,-0.41,0.27,0.15,-0.16,0.23,0.2,0.98,0.09,-0.82,-0.24,-0.57,-0.29,0.55,0.18,-0.27,0.06,0.19,0.06,0.13,-0.01
-0.18,0.27,-1.83,-1.07,-1.38,2.4,-0.16,0.73,0.81,0.41,-0.99,0.29,0.07,-0.31,0.59,-0.38,0.55,-0.15,-0.26,-1.05,0.8,-0.56,-0.02,-0.18,0.55,0.01,0.4,0.34,-0.48,0.35,-0.25,-0.52,-0.11,-0.22,-0.28,0.18,0.58,-0.23,0.08,0.09,0.13,0.3,-0.05
-0.13,0.28,-1.99,-0.68,-1.2,1.9,0.07,0.49,0.3,0.55,-0.87,0.14,0.16,-0.56,0.36,-0.56,0.07,-0.3,-0.29,-1.0,0.54,-0.13,-0.1,-0.13,0.92,-0.08,0.2,-0.11,-0.19,0.08,0.01,-0.12,0.09,-0.57,-0.38,0.26,0.23,-0.1,-0.0,0.34,0.07,0.14,0.11
-0.0,0.38,-2.26,-0.77,-0.95,1.99,-0.56,0.71,0.85,0.53,-1.6,1.15,-0.12,-0.17,0.58,-0.6,0.44,-0.37,-0.65,-1.59,0.4,-0.13,-0.48,-1.12,0.57,-0.12,0.31,0.19,0.17,0.78,-0.34,-0.44,0.01,-0.46,-0.12,0.47,0.19,-0.32,0.18,0.22,0.09,0.1,-0.21
-0.14,0.32,-1.9,-1.02,-1.29,2.04,0.31,0.23,0.17,0.45,-0.81,0.28,-0.22,-0.58,0.36,-0.44,0.13,-0.16,-0.61,-0.72,0.78,-0.41,-0.06,-0.66,0.51,0.34,-0.07,-0.1,0.76,0.31,-0.01,-0.07,-0.32,-0.12,-0.39,0.07,0.04,-0.32,0.16,0.27,0.13,0.13,0.02
0.05,0.07,-1.69,-1.14,-1.29,2.32,0.47,0.84,0.59,0.64,-1.83,0.13,-0.04,-0.46,0.43,0.18,0.37,-0.46,-0.49,-1.01,0.13,-0.58,-0.3,-0.33,-0.08,0.2,-0.15,0.08,0.27,0.26,0.2,-0.49,-0.02,-0.3,-0.27,0.11,0.03,-0.37,0.12,-0.2,-0.0,0.0,-0.04
0.09,0.38,-2.09,-0.93,-0.96,2.22,-0.26,0.24,0.32,-0.06,-2.49,0.54,-0.7,-0.62,0.25,-0.08,-0.41,-0.32,-0.56,-1.33,0.88,-0.08,-0.08,-0.65,0.35,-0.18,0.08,-0.05,0.21,0.62,-0.4,-0.44,-0.05,0.06,-0.13,0.24,0.38,-0.08,0.1,-0.01,0.07,0.16,0.12
0.16,0.69,-2.11,-0.52,-0.66,1.92,-0.34,0.68,0.3,0.39,-2.14,0.4,-0.12,0.07,0.63,-0.58,0.14,-0.84,-0.75,-1.16,0.18,-0.79,-0.41,-0.65,0.59,-0.23,-0.07,-0.03,0.22,0.58,-0.01,-0.07,-0.21,0.0,-0.32,0.14,0.2,-0.12,0.04,0.01,0.08,0.15,-0.08
0.03,1.08,-2.23,-0.39,-0.03,1.18,-0.12,0.07,0.54,0.43,-1.51,0.67,-0.01,-0.42,0.88,0.48,0.45,-0.34,-0.82,-0.76,0.26,-0.2,-0.35,-0.05,0.56,0.35,-0.13,0.16,0.12,-0.09,-0.25,0.08,0.32,-0.12,0.41,-0.09,-0.24,0.22,-0.37,-0.1,0.14,0.14,0.02
0.11,0.25,-2.14,-0.55,-1.1,1.99,-0.28,0.64,0.52,-0.01,-1.83,0.59,-0.06,-0.12,0.36,-0.28,-0.1,-0.27,-0.23,-0.75,0.04,-0.38,-0.21,-0.22,0.54,0.15,-0.42,-0.2,0.09,0.02,0.06,0.54,0.14,0.12,0.38,-0.04,-0.16,-0.32,-0.09,-0.01,-0.11,-0.19,0.04
0.03,0.67,-2.23,-0.85,-0.75,2.08,0.0,-0.06,0.2,0.71,-1.25,0.55,-0.27,-0.16,0.39,-0.48,-0.16,0.02,0.03,-1.04,-0.29,-0.04,0.15,-0.18,0.57,-0.16,-0.13,-0.27,0.31,0.35,-0.57,-0.37,0.08,-0.03,-0.61,-0.01,0.24,-0.32,-0.1,-0.06,0.13,0.05,0.12
-0.01,0.7,-2.35,-1.16,-0.47,1.88,0.35,0.53,0.49,1.14,-0.57,1.08,0.33,-0.21,0.24,-0.56,0.54,-0.11,-0.25,-0.7,0.2,0.87,0.43,0.15,0.44,0.11,0.23,0.24,0.05,0.09,-0.39,0.12,-0.11,0.11,0.23,-0.12,-0.35,-0.72,-0.03,0.16,-0.07,0.08,-0.18
0.22,0.35,-1.91,-0.82,-0.81,2.03,-0.78,-0.01,0.16,0.29,-1.42,0.7,-0.78,-0.11,-0.05,0.08,-0.11,-0.25,-0.4,-0.77,0.49,-0.06,-0.01,-0.59,0.21,-0.28,0.05,0.03,0.07,0.35,-0.22,-0.22,-0.18,0.18,0.26,0.17,-0.01,-0.06,0.21,-0.12,0.02,0.03,0.02
0.08,0.59,-2.19,-0.97,-0.77,2.18,-0.03,0.56,0.6,0.58,-1.15,0.45,-0.14,0.0,0.02,-0.5,-0.51,0.11,-0.14,-0.37,0.31,-0.57,-0.07,0.08,0.19,0.04,-0.24,0.1,0.19,-0.26,-0.2,-0.08,0.04,-0.19,-0.09,0.06,0.06,0.12,0.08,0.31,0.12,0.04,0.07
0.1,0.7,-2.02,-0.61,-0.53,2.23,-0.18,0.15,0.28,0.89,-0.81,0.6,0.38,-0.2,0.81,0.05,0.63,-0.58,-0.1,-0.8,0.16,0.45,0.77,0.07,0.89,0.37,0.09,0.32,-0.07,0.33,-0.16,0.14,-0.0,0.39,0.14,0.15,-0.0,-0.17,0.01,0.09,-0.1,0.05,-0.12
-0.04,0.45,-2.33,-0.71,-1.24,2.51,-0.4,0.3,0.55,0.76,-1.09,0.36,-0.93,-0.55,0.47,-0.05,0.08,0.0,-0.31,-0.88,0.55,-0.24,-0.2,0.0,0.69,-0.44,0.2,0.56,-0.05,0.02,0.03,0.13,0.22,0.05,-0.1,0.13,0.1,-0.17,-0.08,0.03,0.04,0.1,-0.03
-0.02,1.4,-2.59,-0.71,-0.59,1.77,-0.19,0.11,0.57,1.19,-0.46,0.42,-0.39,0.0,0.5,-0.2,0.02,-0.35,-0.15,-0.05,0.85,0.07,-0.13,0.07,0.47,0.41,0.16,0.5,-0.06,0.25,-0.12,-0.22,0.22,0.25,-0.36,-0.13,-0.24,0.01,-0.23,0.0,0.0,0.29,0.22
0.12,1.26,-2.43,-0.55,-0.44,2.05,0.11,0.68,0.91,0.99,-0.87,0.28,-0.65,-0.42,1.2,-0.23,0.47,-0.38,0.44,-0.06,0.13,0.39,-0.44,-0.21,-0.09,0.27,0.37,0.34,-0.23,0.01,-0.35,-0.52,0.44,-0.1,-0.08,0.23,-0.15,0.18,-0.35,-0.04,0.07,-0.09,-0.06
-0.05,1.08,-2.51,-0.42,-0.74,1.96,0.26,0.49,0.8,0.91,-0.88,-0.03,-0.6,-0.14,0.58,-0.28,-0.1,-0.48,0.91,-0.29,-0.56,-0.31,-0.12,-0.57,0.41,0.85,-0.46,0.41,0.52,0.8,-0.14,-0.13,0.41,0.05,0.12,0.12,-0.34,0.19,0.0,0.26,0.06,-0.08,0.01
-0.03,0.91,-2.02,-0.33,-0.73,2.44,0.11,0.47,0.27,0.6,-1.05,0.68,-0.08,-0.74,0.5,0.32,0.42,-0.82,0.23,-0.39,-0.24,-0.2,-0.39,-0.53,0.18,0.71,-0.2,0.61,0.39,0.37,-0.36,-0.12,-0.08,0.27,0.38,0.27,-0.33,-0.06,-0.04,-0.13,-0.01,-0.06,-0.08
-0.09,0.29,-1.94,-0.69,-0.88,1.84,0.13,0.29,0.55,-0.07,-1.4,-0.12,-0.44,-0.27,0.22,0.17,0.49,-0.8,0.07,-1.11,0.23,0.13,-0.03,-0.4,0.28,0.08,-0.05,0.08,0.4,0.4,0.22,-0.18,-0.29,0.03,0.13,-0.23,0.17,-0.67,0.1,0.25,0.06,-0.02,0.09
0.23,0.64,-2.14,-0.38,-0.66,1.46,0.06,0.38,0.46,0.43,-0.88,0.38,-0.23,-0.65,0.06,-0.16,0.74,-0.46,0.03,-0.64,0.62,0.51,-0.29,-0.21,0.1,0.04,0.25,0.33,0.41,0.95,-0.35,-0.37,-0.19,0.17,-0.1,0.34,0.01,-0.38,-0.06,0.07,-0.09,0.06,-0.03
0.1,0.61,-2.1,-0.51,-1.25,2.38,0.08,0.96,0.53,0.45,-1.19,0.38,-0.22,-0.13,0.47,-0.03,0.65,-0.41,0.5,-0.63,0.3,0.23,-0.38,-0.07,0.49,0.66,-0.23,0.12,-0.01,0.28,-0.24,0.02,0.35,-0.18,0.24,0.22,-0.12,-0.25,0.06,-0.24,-0.2,-0.17,0.05
0.14,0.49,-1.99,-0.75,-1.24,1.83,-0.25,0.62,0.72,0.8,-1.73,0.08,-0.27,-0.52,0.41,0.07,0.28,-0.71,-0.24,-1.18,-0.1,-0.26,-0.12,-0.61,0.24,-0.09,0.02,-0.06,0.23,0.52,-0.09,-0.34,0.04,0.14,0.02,0.39,0.27,-0.19,0.1,-0.04,-0.0,0.07,-0.05
0.06,0.64,-2.2,-0.37,-0.37,1.95,0.58,0.99,0.58,0.01,-1.37,0.23,-0.33,-0.16,0.25,0.12,1.07,-0.47,-0.37,-0.61,1.13,-0.23,0.19,-0.75,0.3,0.45,0.01,0.28,0.02,0.21,-0.14,-0.0,0.17,0.11,-0.43,0.12,0.23,-0.08,0.04,-0.07,-0.13,0.08,-0.02
0.03,0.57,-1.92,-0.54,-0.28,2.33,-0.08,0.77,0.99,0.07,-2.52,0.16,-0.34,-0.14,0.69,-0.11,0.49,-0.5,-0.24,-0.93,0.68,-0.19,-0.21,-0.42,0.13,0.08,-0.29,0.22,0.29,0.2,0.28,-0.21,0.11,0.03,-0.2,-0.09,-0.25,-0.37,0.21,-0.04,-0.04,-0.12,0.26
0.06,0.89,-2.2,-0.53,-0.26,1.65,0.75,0.69,0.45,0.3,-1.54,0.6,-0.29,-0.54,0.78,-0.22,1.34,-0.39,0.28,-0.9,0.36,0.25,-0.15,-1.11,0.07,0.16,-0.37,-0.01,0.52,0.5,-0.18,-0.13,0.18,-0.16,-0.4,0.08,-0.02,-0.24,-0.05,-0.08,-0.01,0.03,0.01
0.03,1.13,-2.47,-0.62,-0.6,1.99,0.13,0.8,0.63,0.85,-0.72,-0.38,0.02,-0.61,1.04,-0.27,-0.34,-0.62,-0.67,-0.48,0.43,0.6,0.28,0.05,0.06,0.1,0.11,0.36,0.07,0.09,0.28,-0.43,0.14,-0.28,-0.35,0.47,0.24,-0.1,0.04,-0.03,0.03,-0.01,0.03
-0.0,0.91,-2.53,-1.06,-0.7,1.41,0.57,0.63,0.59,0.1,-0.69,0.11,0.27,-0.46,0.85,-0.03,0.59,-0.26,0.11,-1.0,0.33,0.08,0.13,0.22,0.51,0.52,-0.04,0.29,-0.05,0.11,0.19,-0.02,0.11,-0.19,-0.56,-0.02,-0.12,-0.32,-0.17,-0.11,-0.13,0.14,-0.02
0.03,0.51,-1.68,-0.52,-0.58,1.97,0.44,1.17,0.82,1.09,-0.91,-0.06,0.15,-0.36,0.64,-0.24,-0.09,-1.0,0.07,-0.11,0.1,0.79,-0.12,-0.74,0.13,0.04,0.04,0.46,0.48,0.49,-0.11,-0.01,-0.03,-0.31,0.17,-0.29,-0.11,-0.01,-0.03,0.13,0.2,-0.02,-0.01
-0.09,0.72,-2.14,-0.89,-0.8,2.02,-0.02,0.92,0.62,0.74,-0.82,0.08,-0.4,-0.83,0.59,0.6,0.52,-0.28,-0.0,-0.11,-0.18,0.57,0.06,-0.07,0.39,0.63,0.77,0.32,-0.09,0.49,0.4,-0.07,-0.06,0.33,0.27,-0.05,-0.26,-0.29,-0.22,0.28,-0.21,-0.11,-0.03
0.04,0.81,-1.96,-0.31,-0.71,2.12,-0.13,0.4,1.04,-0.16,-1.44,0.49,-0.5,-0.51,0.97,0.7,-0.1,-0.4,-0.44,-1.05,-0.36,-0.45,-0.44,-0.21,0.09,0.67,0.17,0.1,0.28,0.36,-0.53,-0.06,0.36,-0.19,0.42,0.22,-0.37,0.48,0.19,-0.16,0.19,-0.16,-0.01
0.2,0.61,-2.0,-0.12,-0.89,1.81,0.02,0.42,0.8,0.65,-0.48,0.28,-0.38,0.02,-0.05,0.53,0.35,-0.25,0.02,-0.88,-0.1,0.11,-0.6,-0.7,-0.08,0.56,0.65,0.52,0.31,0.44,-0.06,-0.17,0.33,-0.18,0.42,0.06,-0.26,0.12,-0.06,0.07,0.08,0.22,-0.18
-0.03,0.52,-2.02,-0.74,-0.98,2.22,0.34,0.55,1.03,0.14,-1.34,0.09,-0.47,-0.19,0.71,0.33,-0.36,0.03,-0.35,-0.11,0.32,-0.1,-0.17,0.17,0.24,1.04,-0.18,0.15,0.03,-0.42,-0.04,-0.08,0.1,0.02,0.4,-0.03,-0.43,0.42,0.15,-0.38,0.29,-0.21,0.01
0.02,0.46,-1.84,-1.03,-0.94,1.79,-0.51,0.78,0.6,0.15,-1.16,0.34,-0.04,-0.18,0.17,0.68,0.3,-0.3,-0.84,-0.01,-0.07,-0.46,-0.34,-0.21,0.54,0.99,0.03,0.0,-0.05,-0.38,-0.04,-0.53,0.09,-0.13,0.4,-0.08,-0.33,0.2,-0.03,-0.15,0.2,0.12,-0.08
0.1,0.32,-1.89,-0.65,-1.21,1.58,0.09,0.95,1.23,0.1,-1.3,0.2,0.22,0.1,0.44,0.29,-0.09,-0.57,-0.26,-0.63,0.18,-0.34,-0.22,-0.01,0.81,0.21,-0.25,0.15,0.03,-0.15,-0.35,0.1,-0.04,-0.66,0.54,-0.27,-0.48,0.11,0.42,0.28,0.22,0.22,0.01
0.11,0.42,-1.9,-0.54,-0.71,1.64,0.03,0.34,0.32,0.13,-1.08,-0.4,0.17,-0.51,0.6,-0.3,0.47,-0.36,-0.34,-0.42,0.09,0.08,0.32,-0.03,0.71,0.36,0.25,-0.28,0.28,0.21,0.31,-0.02,0.05,0.21,0.41,0.07,-0.07,-0.21,-0.01,0.23,0.03,0.01,0.33
0.15,0.32,-1.97,-0.66,-1.22,1.81,-0.53,1.17,0.18,0.12,-1.39,0.36,-0.29,-0.52,0.8,0.45,0.7,0.03,-0.55,-0.56,-0.11,-0.23,0.5,-0.46,0.88,0.58,0.05,-0.4,-0.26,0.16,-0.4,-0.37,-0.12,-0.24,-0.09,0.57,-0.11,-0.15,-0.1,0.3,-0.05,0.06,0.02
0.12,0.19,-2.11,-0.88,-0.62,1.71,0.05,0.76,0.02,0.69,-0.95,0.21,-0.17,-0.16,0.28,0.21,-0.16,-0.94,-0.41,-1.01,0.06,-0.26,0.05,-0.15,0.72,0.77,0.06,-0.39,-0.04,0.53,-0.36,0.18,0.18,-0.11,0.03,0.32,-0.35,-0.38,-0.14,0.23,-0.17,-0.11,-0.01
0.03,0.11,-2.17,-0.68,-1.14,2.35,-0.11,0.94,0.31,-0.77,-1.57,0.81,-0.96,-0.46,0.72,0.1,0.52,-0.16,-0.48,-1.04,0.37,-0.51,-0.2,-0.07,0.28,0.33,-0.42,0.23,0.22,0.06,0.13,-0.53,-0.01,-0.57,-0.3,0.54,0.05,0.18,0.14,-0.18,-0.06,-0.07,-0.27
-0.04,0.52,-2.04,-1.07,-0.86,2.06,-0.13,0.96,0.38,1.08,-1.36,-0.03,0.14,-0.78,0.74,0.48,-0.0,-0.26,-0.46,-0.8,0.6,-0.51,0.61,-0.29,0.97,0.48,-0.22,-0.11,-0.28,0.13,-0.13,-0.31,0.15,-0.27,-0.25,0.28,-0.04,-0.01,-0.04,-0.07,-0.06,-0.03,0.07
-0.0,0.39,-2.17,-1.38,-1.24,2.19,0.68,1.0,0.95,0.09,-1.01,-0.52,-0.65,-0.14,0.55,-0.06,-0.16,-0.3,-0.6,-0.31,0.15,0.43,0.45,-0.26,1.3,0.81,-0.39,-0.34,-0.41,0.18,-0.15,-0.31,-0.21,-0.26,-0.11,0.2,0.13,-0.18,-0.16,-0.02,-0.15,-0.02,-0.02
0.06,0.71,-2.33,-1.04,-1.6,2.14,0.33,0.84,1.01,0.41,-0.83,0.21,-0.97,-0.35,0.02,-0.0,-0.38,-0.1,-0.42,-0.67,0.16,0.41,-0.42,-0.64,0.71,0.13,0.07,0.07,-0.11,0.21,-0.21,-0.24,0.31,0.2,0.22,0.2,-0.29,-0.1,-0.46,0.07,-0.03,0.06,0.18
0.07,0.73,-2.27,-1.34,-1.09,2.19,0.87,1.06,1.53,-0.17,-0.62,0.28,-0.07,-0.29,0.24,0.2,-0.83,-0.46,0.19,0.49,-0.11,0.42,-0.38,0.02,0.32,-0.3,0.55,0.63,-0.29,-0.18,-0.13,-0.15,0.27,-0.01,-0.0,0.38,-0.29,0.12,-0.03,0.06,0.14,-0.04,0.01
-0.07,0.93,-2.59,-1.09,-1.19,1.86,0.42,0.72,1.16,0.28,-0.71,0.39,-0.13,-0.09,0.38,-0.12,0.55,-0.26,0.42,-0.12,0.06,-0.09,-0.11,-0.22,0.14,0.11,0.55,0.39,-0.45,-0.12,-0.0,-0.39,0.17,0.34,0.2,-0.12,-0.14,0.14,-0.17,-0.07,-0.08,0.11,0.03
0.14,1.34,-2.69,-0.92,-0.73,2.29,-0.06,1.03,0.75,0.57,-1.51,0.02,-0.5,-0.21,0.5,0.42,-0.01,-0.09,-1.39,-0.17,0.4,-0.35,-0.24,-0.37,0.65,0.16,-0.23,0.26,-0.07,0.12,-0.22,-0.29,-0.11,-0.25,-0.42,0.43,0.31,0.07,0.05,-0.27,-0.11,-0.02,-0.18
-0.05,1.12,-2.6,-1.49,-0.94,2.17,0.47,1.14,1.24,0.47,-1.47,-0.05,0.66,0.09,0.93,-0.07,0.03,-0.06,-0.98,0.24,-0.14,-0.97,0.34,0.15,0.67,0.51,-0.27,0.38,0.06,-0.14,0.01,-0.16,0.14,-0.38,-0.33,0.05,0.21,-0.25,0.03,-0.03,-0.02,-0.05,0.06
-0.01,0.64,-2.41,-0.91,-1.03,1.86,0.07,0.43,1.01,-0.58,-1.23,0.63,-1.16,0.03,0.12,-0.03,-0.13,-0.63,-0.81,-1.25,0.62,-0.28,0.77,-0.67,1.27,0.89,-0.38,0.24,-0.46,-0.3,-0.65,-0.43,-0.07,-0.72,0.35,0.08,-0.17,0.05,0.07,-0.27,0.13,0.03,-0.15
0.04,1.08,-2.35,-1.4,-1.21,2.03,-0.22,0.83,0.15,-0.19,-1.56,0.65,-1.03,-0.36,0.57,0.33,0.24,-0.04,-1.33,-0.12,0.61,-0.3,0.33,-0.48,1.04,-0.08,-0.05,0.22,-0.31,0.1,-0.1,-0.43,-0.21,-0.26,0.13,-0.11,-0.2,0.04,0.15,-0.06,0.03,0.14,-0.07
-0.04,0.98,-2.34,-1.12,-0.7,1.92,0.38,0.9,0.59,0.66,-1.42,0.29,-0.72,0.02,0.77,-0.26,0.25,0.19,-0.23,-0.81,0.59,-0.77,-0.08,0.05,0.58,0.18,-0.59,0.15,0.16,-0.08,0.35,-0.17,0.21,-0.45,-0.24,0.36,-0.2,-0.13,0.27,-0.16,-0.05,-0.05,-0.03
0.11,0.74,-2.35,-0.7,-0.76,2.31,-0.18,1.4,0.09,-0.72,-1.96,0.85,-0.94,-0.5,1.13,0.48,0.63,-0.47,-0.98,-0.8,0.14,-0.27,-0.37,-0.65,0.23,0.32,-0.33,-0.09,-0.46,0.06,-0.01,-0.22,0.04,-0.35,-0.33,0.69,0.02,-0.3,0.28,-0.15,-0.07,-0.03,-0.13
-0.04,1.11,-2.9,-1.03,-0.74,2.18,0.55,0.83,0.84,-0.01,-1.4,0.5,-1.14,-0.29,0.28,-0.06,0.33,-0.27,-1.23,-0.68,0.6,-0.27,-0.05,-0.16,0.03,0.38,-0.09,-0.07,-0.13,-0.15,0.27,-0.31,0.2,-0.23,0.11,0.05,0.16,-0.43,0.13,-0.12,0.01,-0.11,-0.28
0.1,1.03,-2.24,-0.62,-0.15,1.96,-0.2,1.0,0.69,-0.13,-1.22,0.35,-0.71,-0.1,0.48,0.36,0.38,-0.3,-1.31,-1.08,0.67,-0.42,-0.1,-0.42,0.78,0.55,0.06,0.15,0.07,0.08,0.02,-0.76,-0.17,-0.31,-0.39,0.2,0.21,-0.28,0.38,-0.18,0.02,0.19,0.01
0.01,0.62,-2.07,-1.11,-0.62,2.16,0.32,1.22,0.17,0.27,-2.03,0.38,0.06,-0.26,0.77,-0.5,-0.16,-0.23,-0.56,-1.65,0.42,-1.01,0.0,-0.57,0.61,0.27,-0.24,0.38,-0.12,-0.33,-0.12,-0.45,0.29,-0.43,-0.17,0.28,0.35,0.18,0.16,-0.05,0.04,-0.05,-0.21
0.01,0.98,-2.24,-1.04,-0.79,2.31,-0.42,1.43,1.11,0.34,-1.05,-0.04,-0.79,-0.17,0.59,-0.3,0.3,-0.54,-0.94,-0.92,-0.12,-0.71,-0.25,-0.36,0.53,0.54,-0.27,0.09,0.11,-0.18,0.14,-0.49,0.18,-0.38,-0.13,0.45,0.39,-0.3,0.06,-0.23,0.19,-0.08,0.0
0.07,0.77,-2.47,-1.11,-0.61,2.18,-0.1,0.82,0.61,0.36,-1.04,-0.03,-0.99,-0.08,0.81,0.18,0.43,0.09,-0.66,-0.36,0.54,-0.79,-0.39,-0.2,0.54,0.34,-0.43,0.37,0.18,0.18,0.05,-0.37,0.28,-0.18,-0.09,0.46,0.32,-0.18,0.16,-0.08,0.0,0.04,-0.09
-0.08,1.08,-2.63,-1.38,-0.56,1.56,0.14,0.76,0.56,0.16,-1.54,0.15,-0.35,-0.14,0.45,-0.15,-0.1,-0.21,-1.29,-0.32,0.53,-0.32,-0.23,-0.35,0.68,0.23,-0.11,0.44,-0.23,-0.03,0.16,-0.57,-0.03,-0.26,-0.09,-0.29,0.24,-0.31,0.21,-0.08,-0.06,0.01,-0.22
0.04,0.93,-2.42,-1.42,-0.88,1.61,0.32,0.35,0.88,-0.08,-1.51,-0.08,-0.9,-0.11,0.26,-0.02,0.29,0.0,-1.4,-1.14,0.36,-0.23,0.12,-0.18,0.54,0.16,-0.06,0.8,-0.03,-0.13,0.42,-0.32,0.08,-0.41,0.11,-0.05,0.17,-0.27,-0.16,0.06,0.02,-0.12,-0.25
0.05,0.85,-2.15,-0.67,-0.79,2.26,0.28,1.12,1.05,-0.5,-1.26,-0.19,-0.83,0.11,0.64,-0.34,0.03,-0.52,-0.7,-0.58,0.05,-0.27,-0.15,-0.72,0.96,0.71,-0.06,0.63,-0.4,0.46,0.31,-0.46,-0.51,-0.64,-0.0,-0.02,0.62,-0.26,0.11,-0.1,-0.06,0.03,-0.31
-0.13,0.86,-2.39,-0.94,-1.02,2.2,0.85,0.79,0.57,0.48,-1.44,0.34,-0.19,-0.32,0.65,-0.54,0.62,0.08,-0.63,-0.9,0.26,-1.15,0.2,-0.02,0.88,0.29,-0.16,0.26,-0.13,-0.08,-0.28,-0.18,-0.06,-0.36,-0.22,-0.08,0.32,-0.08,0.17,-0.09,-0.08,-0.04,-0.12
-0.13,0.51,-2.15,-1.08,-1.12,2.26,0.19,0.76,0.93,0.37,-1.12,0.04,-0.17,-0.33,0.24,-0.1,0.82,0.11,-1.06,-0.75,0.42,-0.04,0.38,-0.55,0.88,0.48,-0.33,0.66,-0.16,-0.04,0.1,-0.37,0.26,-0.54,-0.03,0.34,0.2,0.07,-0.05,0.09,0.03,0.12,-0.0
-0.24,0.8,-2.47,-1.49,-1.45,2.17,-0.09,0.66,0.37,-0.17,-1.22,0.65,-0.72,-0.33,0.45,0.37,0.73,0.05,-1.05,-0.93,0.68,-0.62,0.27,-0.85,0.53,0.77,0.05,0.76,0.04,-0.07,-0.25,-0.31,-0.29,-0.31,-0.32,-0.0,-0.09,0.06,0.2,-0.11,0.03,-0.01,-0.17
-0.14,0.85,-2.29,-1.18,-1.29,2.08,-0.07,0.24,0.49,0.19,-0.72,0.49,-0.35,-0.41,0.64,0.12,0.19,-0.29,-0.51,-0.71,0.43,-0.79,-0.09,-0.51,0.28,0.63,-0.24,0.78,0.05,-0.28,-0.03,-0.28,0.25,-0.3,-0.39,0.18,0.01,0.03,0.14,-0.08,-0.07,0.03,-0.15
-0.07,0.67,-2.32,-1.26,-1.2,2.39,0.75,0.93,0.83,-0.03,-0.77,-0.22,-0.15,0.15,0.77,0.13,0.24,-0.29,0.03,-0.89,0.13,-0.4,0.11,-0.03,0.2,0.06,-0.26,0.22,0.02,-0.22,0.55,0.1,0.22,-0.07,-0.38,-0.05,0.43,-0.23,0.15,-0.32,-0.09,0.08,0.07
0.18,0.97,-2.38,-0.69,-0.66,2.01,0.7,1.53,1.2,0.42,-1.29,-0.14,0.29,-0.13,0.49,0.08,-0.29,-0.55,0.2,-0.15,-0.76,0.44,-0.67,0.41,0.09,-0.28,0.2,0.2,-0.33,0.03,0.04,0.39,0.51,-0.07,0.12,-0.24,-0.25,0.22,0.03,0.03,0.26,-0.16,-0.04
0.01,0.76,-2.12,-1.27,-0.85,2.37,1.05,0.78,1.18,-0.16,-1.17,-0.35,-0.2,-0.17,0.87,-0.1,-0.23,-0.55,0.3,-0.09,-0.22,0.08,-0.67,0.34,-0.21,-0.32,0.39,-0.05,0.16,-0.17,0.33,0.21,0.56,0.13,0.27,-0.72,-0.07,0.03,0.1,0.26,0.38,-0.0,0.04
-0.03,0.7,-2.2,-0.83,-1.03,2.28,0.59,1.09,1.37,0.33,-1.12,-0.03,-0.33,0.1,0.53,0.3,0.1,-0.41,0.2,-0.51,0.32,0.15,-0.39,0.66,-0.25,-0.22,0.03,-0.56,-0.01,-0.52,0.17,0.21,0.43,-0.17,0.18,-0.28,-0.47,0.52,0.2,0.1,0.33,-0.11,-0.1
0.08,0.49,-2.09,-0.87,-0.6,1.85,0.46,0.82,0.81,-0.01,-1.23,-0.36,0.6,0.43,0.8,0.66,-0.04,-0.45,1.12,-0.37,-0.09,-0.19,-0.55,0.02,-0.49,-0.5,-0.03,-0.31,0.35,0.1,0.43,0.57,0.79,0.07,0.31,-0.77,-0.05,0.11,0.04,0.1,0.19,-0.17,-0.06
0.1,0.88,-2.45,-0.46,-0.4,2.21,0.55,1.17,0.94,0.17,-1.24,-0.47,0.05,-0.17,0.75,0.87,-0.17,-0.54,0.19,0.1,-0.09,0.22,-1.17,-0.33,-0.36,-0.06,0.02,0.03,0.49,0.2,0.48,0.47,0.65,0.03,0.28,-0.32,-0.22,0.17,-0.0,0.31,0.2,0.0,0.03
0.01,0.93,-1.78,-0.87,-0.63,1.65,0.87,1.21,0.99,0.39,-0.49,-0.31,0.61,-0.31,0.87,-0.27,0.08,-0.6,0.63,-0.17,-0.1,0.26,-0.88,0.2,-0.38,-0.32,-0.03,0.03,-0.0,-0.25,0.19,-0.04,0.58,0.08,0.01,0.03,-0.37,0.22,0.31,-0.07,-0.07,-0.11,0.02
-0.04,0.92,-2.46,-1.48,-0.66,2.2,0.67,0.76,1.02,1.33,-1.33,-0.46,0.4,-0.24,1.11,0.1,-0.34,-0.26,-0.51,-0.17,0.38,-0.02,-0.52,-0.34,-0.21,-0.04,-0.3,-0.06,-0.48,-0.17,0.48,-0.26,-0.16,0.09,-0.2,-0.22,-0.01,-0.23,-0.06,-0.24,-0.04,0.06,-0.11
0.06,0.34,-2.11,-1.15,-0.97,2.13,0.62,1.02,1.13,-0.2,-1.15,-0.22,0.53,0.14,1.04,-0.45,0.16,-0.26,0.3,0.14,-0.52,-0.11,-0.23,-0.19,-0.41,0.11,0.14,0.04,0.25,-0.2,0.08,-0.12,0.08,-0.21,-0.13,-0.3,0.03,0.25,-0.01,-0.22,0.11,-0.13,-0.03
0.01,0.23,-1.91,-0.88,-0.96,1.84,0.39,0.92,1.12,0.68,-0.95,0.53,0.81,-0.23,0.75,-0.15,-0.16,-0.26,-0.31,-0.56,-0.06,0.03,-0.09,-0.93,-0.02,0.22,-0.07,0.24,-0.09,0.02,0.06,0.03,0.1,-0.24,-0.56,0.33,0.06,-0.03,-0.16,-0.09,0.09,-0.18,-0.06
0.04,0.51,-2.03,-0.73,-0.79,1.45,0.44,1.05,0.75,0.3,-1.38,0.12,-0.16,-0.01,1.49,-0.42,0.31,-0.59,0.59,-0.64,-0.42,0.23,-0.45,-0.3,-0.86,0.19,0.04,0.21,0.35,0.15,0.37,0.2,0.48,0.34,-0.31,-0.17,-0.09,0.04,0.12,-0.02,-0.04,-0.22,-0.06
-0.05,0.49,-1.91,-0.78,-1.08,2.01,0.71,1.53,1.24,0.31,-1.61,-0.12,0.55,0.05,1.11,0.28,0.01,-0.9,0.53,-0.34,-0.38,0.41,-0.64,-0.23,-0.48,0.08,0.48,0.3,-0.11,0.0,0.38,-0.15,0.5,0.07,0.11,-0.04,-0.05,0.25,-0.06,-0.3,0.11,-0.46,-0.0
-0.08,0.8,-2.41,-1.31,-0.91,2.02,0.95,0.88,1.38,0.44,-0.85,0.38,0.24,-0.03,0.96,-0.25,0.02,-0.24,0.43,-0.26,-0.12,0.21,-0.22,0.6,-0.19,0.09,0.67,0.27,-0.06,-0.42,0.1,-0.04,0.53,-0.08,0.37,-0.1,-0.11,0.04,0.03,-0.07,0.16,-0.18,-0.01
-0.14,0.83,-2.3,-0.71,-1.17,2.1,0.76,0.82,1.49,0.23,-0.67,0.11,0.36,-0.53,0.47,-1.09,0.02,-0.6,-0.05,-0.09,-0.16,-0.23,-0.22,-0.07,-0.35,-0.06,0.96,0.53,0.05,-0.16,0.14,0.26,0.24,0.47,-0.27,-0.29,0.13,-0.18,-0.11,0.12,-0.03,-0.12,0.16
-0.05,0.48,-1.73,-0.79,-0.94,1.7,0.5,0.88,1.37,0.33,-1.04,-0.0,0.23,-0.18,1.03,0.15,0.22,-0.8,-0.1,-0.88,-0.53,0.16,-0.42,0.03,-0.2,-0.0,0.49,0.37,-0.04,0.22,-0.21,0.01,0.08,0.26,-0.24,0.17,-0.17,0.13,-0.27,-0.18,0.0,-0.24,0.12
-0.08,0.94,-1.68,-1.08,-0.71,1.88,0.27,1.0,0.91,0.34,-0.58,0.37,-0.06,-0.21,0.88,-0.97,0.38,-0.73,-0.05,-0.01,-0.21,-0.14,-0.28,0.06,-0.23,0.17,0.41,0.14,-0.15,0.18,-0.32,-0.19,0.48,-0.08,-0.1,-0.43,0.06,0.16,-0.08,-0.05,0.14,0.02,0.03
-0.21,1.02,-2.03,-1.07,-1.02,2.34,-0.08,1.03,0.47,1.13,-0.59,-0.17,-0.91,-0.49,0.47,-0.14,-0.32,0.15,0.02,-0.62,0.06,-0.4,-0.12,0.03,0.36,-0.13,-0.41,0.18,-0.29,-0.05,-0.13,0.31,0.14,0.02,0.49,0.49,-0.05,-0.12,-0.35,-0.29,0.18,-0.1,0.04
-0.25,0.58,-1.97,-0.94,-1.13,1.4,0.1,0.69,-0.28,1.11,-0.38,0.8,-1.02,-0.63,0.17,-0.42,0.08,0.1,-0.11,-0.83,0.61,0.62,-0.29,-0.28,-0.33,-0.3,0.06,-0.15,-0.07,0.21,0.4,0.21,0.42,-0.01,0.0,-0.04,-0.47,-0.22,-0.13,-0.02,-0.23,-0.04,0.07
-0.27,0.65,-2.19,-1.01,-1.42,1.8,0.54,0.76,-0.33,0.93,-0.81,0.38,0.12,-0.9,0.01,-0.74,-0.24,-0.02,0.26,-1.06,0.26,-0.2,-0.23,-0.58,-0.21,0.08,-0.2,0.07,-0.0,0.22,0.15,0.11,0.1,0.32,-0.15,-0.12,-0.03,-0.1,-0.09,-0.06,0.07,0.04,-0.06
-0.39,0.93,-1.82,-0.89,-0.71,1.02,0.57,0.53,-0.44,0.36,-0.06,0.85,0.17,-0.79,0.81,-0.15,0.04,-0.13,-0.16,-0.47,-0.32,0.6,-0.55,-0.72,-0.57,-0.39,0.46,-0.02,-0.3,0.37,0.32,-0.16,0.18,0.28,-0.5,0.12,-0.21,0.03,0.32,0.08,0.1,0.04,-0.02
-0.36,0.8,-1.89,-1.26,-0.99,0.95,0.83,0.48,0.34,0.57,0.32,0.07,0.02,-0.57,0.15,-0.22,0.9,-0.84,-0.3,0.02,0.21,0.2,-0.33,-0.56,-0.1,0.14,0.59,-0.15,-0.17,0.67,0.49,-0.41,0.29,0.01,0.01,0.21,-0.07,-0.02,0.14,-0.02,-0.12,-0.22,-0.28
-0.25,0.47,-1.39,-1.16,-1.38,1.07,0.91,0.21,0.54,0.71,0.07,0.39,0.68,-0.29,-0.06,-0.36,0.38,-0.42,0.29,-0.73,0.3,-0.17,-0.34,-0.52,0.09,-0.41,0.04,-0.15,-0.33,0.42,0.28,0.07,0.44,-0.0,-0.16,0.08,-0.38,0.0,0.16,0.04,0.04,0.02,-0.17
-0.32,0.96,-1.82,-1.17,-1.1,1.28,0.12,0.56,0.87,0.61,0.97,0.54,1.01,-0.02,0.5,-0.48,0.21,-0.31,-0.3,-0.16,-0.07,-0.15,-0.46,-0.07,0.12,0.0,0.01,0.2,-0.3,0.19,-0.39,0.38,0.19,-0.35,-0.04,-0.13,-0.07,0.06,0.12,-0.05,0.26,-0.05,-0.1
-0.42,0.82,-1.02,-0.39,-0.83,0.9,-0.17,0.54,0.42,0.85,-0.06,0.65,-0.11,-0.73,0.7,-0.04,0.69,0.22,0.39,-0.35,-0.15,0.47,-0.52,-0.45,-0.46,-0.2,0.01,-0.1,-0.07,0.02,0.01,-0.23,0.18,0.13,0.08,-0.17,-0.12,-0.02,-0.14,-0.42,-0.14,-0.2,-0.17
-0.44,0.72,-1.6,-0.57,-0.64,1.05,0.68,0.61,0.13,0.58,0.59,-0.03,0.17,-0.72,0.27,-0.07,0.41,0.23,0.6,-0.32,-0.84,0.52,-0.56,-0.44,-0.66,-0.13,0.16,-0.03,-0.22,0.33,0.06,0.29,0.1,-0.29,0.1,0.47,0.05,0.17,0.06,-0.2,0.06,-0.15,-0.14
-0.46,0.68,-1.39,-0.71,-0.91,0.38,0.58,0.83,0.36,0.27,-0.15,0.11,-0.24,-0.53,0.44,0.28,0.63,0.16,0.66,-0.38,0.01,0.16,-0.27,0.0,-0.28,-0.35,0.62,-0.13,-0.6,-0.14,0.0,0.32,0.2,-0.16,-0.08,0.09,-0.16,-0.05,-0.14,-0.08,0.15,-0.08,-0.01
-0.45,1.19,-2.08,-0.74,-0.84,0.54,0.5,0.22,0.53,0.62,0.31,0.41,0.48,-0.35,0.46,-0.53,0.14,-0.78,0.01,-0.41,-0.07,0.21,-0.79,0.05,-0.32,-0.24,0.3,0.43,-0.06,0.51,0.17,0.38,0.37,0.04,-0.18,0.33,-0.02,-0.17,0.13,-0.2,0.09,-0.15,-0.1
-0.32,0.67,-1.85,-0.69,-1.33,1.11,0.71,0.19,0.18,0.32,-0.27,0.28,0.42,-0.35,0.18,-0.44,-0.28,-0.23,0.5,0.04,0.03,0.01,-0.33,-0.43,-0.62,-0.42,0.13,-0.14,0.32,0.43,-0.04,0.21,0.13,0.12,-0.24,-0.15,0.0,0.21,0.08,0.08,0.09,0.16,0.13
-0.44,0.76,-1.56,-0.92,-1.07,0.8,0.52,-0.26,0.12,0.04,0.31,-0.1,-0.27,-0.35,0.59,0.08,0.29,-0.36,-0.04,-0.43,0.01,0.61,-0.11,-0.08,-0.33,-0.65,-0.19,-0.02,-0.16,0.4,0.08,0.37,0.08,0.1,0.05,0.46,-0.26,0.19,0.0,-0.17,-0.11,0.12,-0.06
-0.16,0.43,-1.89,-1.02,-0.73,1.92,0.88,0.66,0.37,0.95,-0.58,-0.4,0.08,-0.55,0.34,-0.25,-0.45,-0.21,0.76,-0.47,0.6,0.19,-0.32,0.18,-0.05,-0.33,0.38,-0.09,0.11,0.35,0.09,-0.09,-0.09,0.44,0.23,-0.28,0.13,-0.24,-0.07,-0.18,-0.13,-0.08,0.16
-0.27,0.54,-1.83,-0.81,-1.1,1.13,0.73,0.67,0.61,0.63,-0.13,-0.24,1.05,-0.32,0.69,-0.03,0.3,-0.87,0.4,-0.33,0.07,-0.07,-0.51,-0.16,-0.73,-0.1,0.27,0.37,-0.2,0.19,0.2,0.4,0.1,0.48,-0.33,0.17,0.1,0.05,-0.08,-0.18,0.04,-0.11,-0.22
-0.46,0.63,-1.6,-0.74,-1.06,1.02,1.45,-0.09,-0.04,-0.39,0.33,0.34,0.12,-0.58,0.17,-0.11,-0.16,-0.35,-0.64,-0.44,-0.81,1.42,-0.81,-0.3,-0.74,-0.24,0.05,-0.05,0.16,0.34,-0.23,0.06,-0.28,0.11,-0.27,0.27,-0.24,-0.05,-0.32,-0.5,0.35,-0.04,0.12
-0.05,0.62,-2.1,-0.99,-1.27,1.67,0.49,0.96,0.15,0.32,-0.37,0.4,0.06,-0.48,0.46,-0.21,0.04,-0.58,-0.22,-0.47,0.16,0.3,-0.62,-0.37,-0.17,-0.16,0.26,0.04,-0.34,0.65,-0.32,0.08,-0.39,0.18,0.0,-0.05,0.08,-0.07,-0.23,-0.22,0.12,0.09,-0.06
-0.34,0.77,-1.8,-0.65,-1.69,1.61,0.64,0.14,0.84,0.23,0.26,0.72,0.05,-0.44,0.77,-0.3,0.11,-0.53,0.06,-0.87,0.21,-0.07,-0.56,-0.57,-0.29,-0.46,0.05,0.27,-0.49,0.34,-0.05,0.26,0.16,-0.06,0.05,0.11,-0.25,0.14,-0.12,-0.02,0.02,0.12,-0.05
-0.35,0.44,-1.62,-1.44,-1.11,1.54,0.46,0.45,0.74,0.46,-0.4,-0.03,0.16,-0.21,0.33,-0.3,0.18,-0.59,0.75,-0.68,0.41,0.28,-0.26,0.01,-0.08,-0.24,0.57,0.63,-0.25,0.44,0.0,-0.18,0.05,0.14,0.06,-0.23,0.07,-0.04,-0.26,-0.22,0.0,-0.07,-0.15
-0.6,0.49,-1.26,-1.31,-1.46,1.0,0.96,0.48,0.88,0.28,0.21,0.27,0.28,-0.33,0.15,0.63,0.21,0.05,0.21,-0.11,-0.46,0.38,-0.6,-0.23,-0.05,-0.31,0.53,0.28,-0.3,0.08,0.01,-0.05,0.1,0.61,-0.01,0.03,-0.32,-0.1,0.05,-0.21,-0.0,0.03,0.07
-0.17,0.78,-2.02,-0.83,-1.1,1.89,0.82,0.47,0.8,0.19,-0.32,0.12,0.62,-0.37,0.31,0.01,-0.06,-0.57,0.14,0.03,-0.2,0.42,0.12,-0.05,0.27,-0.29,0.5,0.5,-0.1,0.32,-0.23,-0.45,-0.09,0.29,0.09,-0.09,0.26,0.02,0.13,-0.01,-0.08,-0.36,-0.03
-0.32,0.91,-1.88,-1.01,-0.99,1.16,1.16,0.0,0.49,0.31,0.32,-0.09,-0.1,-0.68,0.21,0.18,-0.13,-0.58,-0.03,-0.25,0.34,0.6,-0.01,-0.17,-0.11,-0.31,0.2,0.09,-0.64,0.38,0.02,0.05,-0.24,0.59,0.28,-0.11,-0.1,0.12,-0.05,0.08,-0.08,-0.05,-0.1
-0.35,0.86,-1.88,-0.55,-0.89,1.35,1.45,0.44,0.36,0.35,0.25,-0.38,0.52,-0.09,-0.19,-0.6,0.24,-0.5,0.71,-0.37,-0.03,0.48,-0.24,0.05,-0.1,-0.16,0.05,0.26,-0.02,0.33,-0.03,0.35,-0.03,0.05,-0.13,-0.26,-0.03,-0.02,-0.08,-0.06,-0.2,-0.1,-0.21
-0.34,0.81,-1.99,-1.26,-0.83,1.39,0.26,0.42,0.16,0.58,-0.03,0.69,0.0,0.11,0.36,-0.48,0.23,-0.13,0.46,-0.27,0.64,-0.15,-0.17,0.13,-0.08,-0.53,-0.3,-0.11,-0.66,0.31,0.12,0.29,0.0,-0.01,-0.38,0.13,-0.32,-0.26,-0.12,0.01,-0.09,0.23,-0.17
-0.17,0.82,-2.41,-1.31,-1.48,1.53,0.32,0.75,-0.12,-0.09,-0.3,0.84,-0.06,-0.38,0.35,-0.21,0.03,0.17,-0.12,-0.61,0.24,0.23,-0.22,0.09,0.19,-0.32,0.01,0.53,-0.09,0.02,-0.26,0.39,-0.02,0.3,-0.33,0.43,-0.19,-0.2,-0.04,0.18,-0.06,-0.05,-0.07
-0.12,1.04,-2.08,-1.15,-0.8,1.7,0.65,1.16,-0.04,0.62,-0.3,0.25,0.24,-0.13,-0.33,-0.65,0.45,0.54,0.71,-0.6,0.33,0.34,-0.34,0.13,-0.21,-0.09,0.05,0.25,-0.17,-0.03,-0.18,0.12,-0.08,0.16,-0.35,0.36,0.05,-0.15,0.04,0.02,-0.21,-0.06,-0.02
-0.24,0.97,-2.35,-1.21,-0.85,0.72,0.25,0.62,-0.5,0.9,0.0,0.99,0.12,-0.42,0.01,0.01,0.3,-0.51,-0.01,0.07,0.3,0.0,0.01,0.12,-0.3,-0.66,-0.43,0.04,-0.3,-0.11,-0.05,0.15,0.01,-0.52,-0.42,0.23,0.05,-0.18,-0.06,0.11,0.09,0.06,-0.29
-0.16,0.67,-1.66,-0.58,-0.28,0.71,0.3,0.25,-0.45,0.64,-0.03,0.59,0.44,-0.25,0.29,-0.4,0.12,-0.42,0.36,-0.27,-0.11,-0.23,-0.33,0.21,0.1,-0.39,-0.45,0.15,-0.17,0.5,-0.26,0.56,0.35,0.09,-0.61,0.26,-0.35,-0.02,-0.08,-0.18,-0.05,0.18,0.0
0.06,0.63,-1.99,-1.19,-0.79,1.54,0.43,1.18,0.4,0.53,-0.9,0.41,0.2,-0.09,0.09,-0.48,0.4,-0.1,0.19,-0.48,-0.25,0.09,0.09,0.18,0.6,-0.1,-0.07,0.4,0.07,-0.09,0.08,-0.07,0.1,-0.1,-0.27,0.08,-0.16,-0.26,-0.08,-0.11,-0.01,0.07,-0.14
0.19,0.59,-2.18,-0.64,-1.05,2.14,0.23,0.76,0.17,-0.21,-1.63,-0.19,-0.41,0.11,0.11,-0.24,-0.53,0.09,0.84,-1.03,-0.37,-0.13,0.51,0.04,0.34,-0.14,-0.05,-0.06,-0.22,0.08,-0.44,0.34,-0.14,0.41,-0.17,0.23,0.17,-0.08,-0.11,0.25,-0.27,0.07,0.11
0.14,0.6,-2.2,-0.83,-1.13,1.77,0.09,0.39,0.58,0.39,-0.85,0.17,0.15,-0.41,0.38,0.07,-0.09,-0.23,0.12,-0.13,-0.21,0.95,-0.18,-0.16,0.56,-0.01,0.65,0.46,0.33,0.07,-0.15,0.25,0.35,0.26,0.06,0.27,-0.03,-0.27,-0.25,0.2,-0.02,-0.18,-0.04
-0.22,0.52,-1.84,-0.06,-1.02,1.0,0.2,0.18,-0.43,0.09,-0.06,1.0,0.46,-0.91,0.09,0.01,-0.13,-0.88,-0.5,-0.26,0.79,-0.14,0.78,0.11,-0.32,-0.45,-0.11,-0.26,0.1,0.07,0.33,0.76,0.0,0.13,-0.21,-0.01,-0.18,-0.24,-0.32,0.19,0.01,0.06,-0.07
-0.02,0.3,-1.96,-0.85,-1.14,1.81,0.18,1.18,0.75,0.43,-1.01,-0.08,0.46,-0.13,0.3,-0.87,0.31,-0.27,0.12,-0.43,0.04,0.21,0.08,-0.43,1.02,-0.15,0.31,0.31,0.27,-0.24,-0.04,-0.08,-0.02,-0.04,-0.29,0.03,0.2,-0.71,-0.19,0.36,-0.04,0.05,-0.08
0.04,0.52,-2.21,-0.85,-0.95,0.93,0.01,0.67,0.37,0.74,-0.69,0.18,0.68,-0.71,0.66,-0.58,0.25,-0.9,-0.27,-0.8,0.26,0.6,0.39,-0.13,0.53,0.09,-0.34,0.08,0.08,-0.21,0.15,0.19,0.09,0.08,-0.3,0.31,-0.18,-0.45,-0.07,0.24,-0.01,0.08,-0.12
0.04,0.7,-2.2,-0.5,-0.79,1.33,0.05,0.7,0.69,0.6,-1.09,0.2,-0.12,-0.46,0.88,0.0,0.15,-0.47,0.48,-0.91,0.05,0.3,0.02,-0.23,0.9,0.11,-0.01,0.34,0.16,0.11,0.05,0.11,0.05,0.21,0.15,0.28,0.03,-0.46,-0.21,0.29,-0.08,-0.15,-0.02
0.05,0.56,-2.32,-0.63,-1.31,1.68,0.1,0.32,-0.03,0.63,-0.19,0.25,-0.02,-0.39,1.0,-0.09,0.46,-0.33,0.43,-0.4,0.05,-0.25,0.46,-0.12,0.37,0.04,-0.02,0.22,-0.6,0.03,-0.3,0.22,0.07,0.07,0.07,0.34,0.11,-0.21,-0.18,0.09,0.1,-0.14,-0.05
0.05,0.97,-2.3,-0.52,-0.62,1.66,-0.16,0.26,-0.46,1.15,0.1,0.85,0.18,-0.45,0.45,-0.29,-0.01,0.31,-0.02,0.37,-0.29,0.03,-0.04,0.17,0.24,-0.43,0.31,-0.02,-0.64,0.51,0.25,0.19,-0.32,0.23,-0.62,0.22,-0.09,-0.57,-0.23,-0.01,0.14,0.15,-0.12
0.1,0.79,-2.22,-0.32,-0.74,2.11,0.12,0.49,0.17,0.76,-1.2,0.44,-0.74,-0.72,0.48,0.03,-0.36,0.07,0.16,-1.05,0.16,-0.14,0.02,0.16,0.28,-0.06,-0.65,-0.05,0.3,0.21,-0.1,-0.2,0.25,0.05,-0.62,0.26,0.15,-0.27,-0.09,-0.07,-0.09,0.03,0.15
0.01,0.44,-2.08,-0.85,-0.64,1.16,0.36,0.32,-0.42,0.54,-0.21,0.7,-0.05,-0.52,-0.13,-0.07,-0.02,-0.52,0.02,-0.71,0.17,0.01,0.02,-0.2,0.23,-0.5,-0.07,-0.17,-0.34,0.41,-0.47,0.54,-0.45,0.26,0.12,0.19,-0.32,-0.18,-0.01,-0.11,0.1,0.11,-0.03
-0.07,0.99,-2.29,-0.67,-0.99,1.42,0.13,0.57,-0.31,1.22,-0.39,0.82,0.7,0.03,0.23,-0.82,0.45,0.26,0.15,-0.42,-0.08,0.34,0.05,-0.47,-0.14,-0.34,-0.61,-0.18,0.24,0.29,-0.13,0.34,-0.34,-0.04,-0.56,0.27,-0.1,-0.38,0.4,0.05,-0.11,0.15,-0.04
0.07,0.66,-2.02,-0.68,-0.51,1.53,0.11,0.54,-0.17,0.32,-0.69,0.63,0.53,-0.76,0.53,-0.72,-0.4,-0.25,0.24,-0.3,-0.36,0.36,0.22,-0.4,0.05,-0.47,0.03,-0.02,0.17,0.37,-0.28,0.34,0.25,0.34,-0.53,0.33,0.08,-0.29,-0.12,0.21,0.08,-0.09,-0.01
0.05,0.86,-2.31,-0.63,-0.65,1.8,-0.02,0.89,0.04,0.47,-1.04,0.51,-0.09,-0.38,0.06,-0.26,0.07,0.17,-0.49,0.03,-0.36,-0.4,0.33,-0.17,0.48,-0.16,-0.17,0.4,-0.19,0.02,-0.17,0.28,0.15,-0.16,-0.25,-0.1,0.24,-0.49,0.2,-0.07,0.01,-0.02,-0.2
0.07,0.68,-2.33,-0.77,-0.52,2.04,0.32,1.0,-0.02,0.36,-1.53,0.37,-0.55,-0.57,0.56,-0.06,-0.0,-0.13,0.36,-0.54,-0.9,-0.0,-0.11,-0.07,0.23,-0.09,0.01,0.04,0.57,0.43,-0.21,0.06,0.05,0.4,0.2,0.41,-0.04,0.2,-0.0,-0.08,0.13,-0.21,0.09
0.1,0.64,-1.75,-0.87,-1.33,2.24,0.32,1.11,0.61,0.22,-0.93,0.39,-0.73,-0.38,0.67,0.71,-0.39,-0.65,0.95,-0.68,-0.78,-0.5,-0.27,-0.48,-0.25,-0.01,0.08,-0.05,0.03,0.37,-0.5,0.06,0.08,0.14,-0.07,0.51,-0.1,0.13,-0.04,-0.02,-0.14,-0.14,0.2
0.16,0.63,-2.16,-0.97,-1.52,2.33,-0.39,0.61,0.41,-0.44,-1.22,0.74,-0.82,-0.22,0.63,-0.06,-0.36,-0.21,0.0,-0.69,-0.12,-0.38,0.05,-0.22,0.17,-0.12,-0.7,0.06,0.14,0.05,-0.41,-0.28,0.23,-0.11,-0.19,0.46,0.15,0.18,0.21,-0.34,0.05,-0.31,-0.06
0.13,0.72,-2.3,-1.07,-1.71,2.11,0.01,1.51,0.25,1.09,-0.9,0.6,-0.72,-0.42,0.51,0.57,-0.58,-0.34,-0.67,0.86,-0.21,-0.1,0.07,-0.37,-0.13,0.17,-0.13,-0.06,0.02,0.18,0.01,0.23,-0.11,0.14,-0.17,0.32,-0.5,-0.0,0.1,-0.13,-0.15,-0.09,-0.09
0.05,0.78,-2.43,-0.76,-1.34,2.03,0.23,1.26,0.1,-0.18,-0.94,0.53,-0.95,-0.16,-0.08,0.19,-0.18,-0.33,-0.23,-0.44,0.72,-0.39,-0.55,-0.01,-0.23,-0.42,-0.49,0.46,0.08,0.45,-0.61,-0.12,-0.08,0.36,-0.24,0.32,0.19,0.1,-0.12,-0.21,0.02,-0.03,0.1
-0.06,0.72,-2.0,-0.79,-1.27,2.41,0.31,1.25,0.25,-0.34,-1.22,0.64,-0.49,-0.3,0.0,0.04,0.04,-0.27,0.29,-0.58,-0.12,0.15,-0.18,-0.32,-0.2,-0.27,-0.09,-0.06,-0.03,0.26,-0.52,0.17,-0.24,0.16,-0.23,0.05,0.11,0.28,0.12,-0.1,0.21,0.01,0.02
0.07,0.7,-2.13,-0.47,-1.54,2.17,0.66,1.12,0.52,-0.15,-1.58,0.67,-0.47,-0.41,-0.07,-0.71,-0.28,0.25,0.72,-0.51,-0.54,0.4,-0.18,-0.03,-0.04,0.16,-0.31,0.29,0.01,0.33,-0.55,-0.23,-0.09,0.25,0.53,0.48,-0.01,0.27,-0.08,-0.37,-0.13,-0.08,0.03
0.04,0.51,-1.79,-0.32,-0.87,1.63,1.09,0.88,0.48,0.53,-0.33,0.54,0.18,-0.57,0.76,-0.01,0.08,-0.8,0.4,-0.71,-0.4,0.59,-0.39,-0.36,0.06,-0.46,-0.19,0.74,0.2,0.03,-0.24,0.32,0.18,0.32,0.22,-0.12,0.01,0.06,-0.32,-0.33,-0.14,-0.22,-0.23
-0.05,0.55,-1.73,-1.11,-0.79,2.01,0.04,0.92,0.13,0.13,-1.04,0.84,-0.09,-0.62,0.12,-0.46,-0.18,-0.35,0.22,0.16,0.68,-0.16,-0.18,-0.28,-0.23,-0.24,0.02,0.77,0.0,0.16,-0.37,0.14,0.32,-0.28,-0.25,0.32,-0.06,0.1,-0.02,-0.18,0.13,-0.2,0.02
0.1,0.5,-1.83,-0.79,-0.98,2.4,0.42,0.92,0.5,-0.01,-1.32,-0.12,-0.22,-0.56,0.67,0.18,0.16,-0.11,-0.21,-0.36,0.78,-0.29,-0.15,-0.27,-0.04,0.05,-0.44,0.68,0.62,0.03,-0.5,-0.22,-0.28,0.39,-0.23,0.22,-0.21,0.21,-0.1,-0.17,0.0,0.01,0.13
0.02,0.4,-2.0,-0.52,-1.13,2.2,-0.36,0.41,0.34,0.65,-1.6,0.21,-0.22,-0.13,-0.35,-0.15,-0.46,-0.67,0.08,-0.24,0.77,0.12,-0.1,-0.06,0.31,-0.24,-0.35,0.79,-0.29,-0.29,-0.5,-0.03,-0.08,-0.16,-0.1,0.01,0.07,-0.1,-0.05,-0.21,0.16,-0.05,0.0
0.09,0.49,-2.16,-0.92,-1.21,2.6,-0.01,0.99,0.73,0.36,-1.34,0.32,0.3,-0.34,0.58,-0.24,-0.34,-0.08,-0.47,0.01,-0.18,-0.63,-0.1,-0.18,0.03,0.1,-0.13,0.53,-0.22,-0.42,0.14,0.13,0.18,0.11,0.02,0.15,0.08,-0.05,-0.13,-0.23,-0.2,-0.01,-0.04
0.2,0.65,-2.08,-0.82,-1.36,2.31,-0.04,1.0,0.46,0.33,-2.04,0.19,-0.13,-0.12,-0.38,-0.26,-0.2,-0.05,-0.61,0.2,-0.02,-0.16,-0.06,0.19,0.29,0.17,-0.37,0.06,-0.31,-0.22,-0.49,-0.11,-0.26,-0.04,0.36,0.13,0.09,-0.14,-0.15,-0.43,0.0,-0.15,-0.09
0.31,0.71,-2.06,-0.71,-1.21,1.98,0.14,0.67,0.71,0.1,-1.4,0.0,-0.03,-0.2,0.76,-0.56,-0.25,-0.4,-0.11,-0.51,-0.49,-0.14,-0.7,-0.6,0.42,0.2,-0.32,0.08,0.16,0.25,-0.12,-0.01,0.28,0.07,0.02,0.72,-0.09,0.13,-0.2,-0.01,-0.24,-0.23,-0.02
0.07,0.47,-2.35,-0.51,-1.08,2.47,-0.05,0.44,0.37,0.26,-1.08,0.25,0.21,-0.39,0.22,0.18,-0.1,0.47,0.31,-0.11,-0.26,-0.7,-0.07,-0.34,-0.47,-0.21,-0.48,-0.2,0.17,-0.34,-0.6,0.02,-0.2,-0.35,-0.12,0.17,-0.2,0.32,-0.06,-0.24,-0.02,-0.1,0.06
0.24,0.65,-2.14,-0.68,-1.1,1.96,-0.14,0.42,0.07,-0.33,-1.27,-0.05,-0.6,-0.03,0.34,-0.14,-0.07,-0.11,-0.04,-0.52,0.17,0.1,-0.01,-0.13,0.5,-0.31,-0.81,-0.37,0.04,0.15,-0.49,0.46,-0.06,0.18,-0.18,0.35,0.14,-0.25,-0.24,-0.15,-0.12,-0.18,-0.17
0.22,0.56,-2.39,-0.69,-1.12,1.59,0.04,0.41,0.59,0.58,-1.52,-0.44,-0.93,0.06,-0.29,-0.18,-0.65,0.13,-0.29,-0.29,0.39,-0.03,-0.41,-0.28,0.21,0.22,-0.29,0.45,-0.31,-0.19,-0.2,-0.13,-0.03,0.11,-0.09,0.12,0.08,-0.2,-0.13,0.04,-0.12,-0.08,-0.07
0.13,0.26,-2.04,-0.63,-1.04,2.25,-0.15,0.76,0.81,0.1,-1.46,0.4,0.25,-0.29,0.68,0.46,-0.06,-0.18,-0.46,-0.34,-0.05,-0.17,-0.23,-0.19,-0.15,-0.23,-0.28,0.07,0.27,0.27,-0.28,-0.06,-0.25,0.5,-0.14,0.17,-0.08,-0.05,0.04,-0.06,0.06,-0.18,-0.13
0.16,0.36,-1.71,-0.87,-1.14,1.78,0.28,0.32,0.04,0.16,-1.19,0.04,-0.23,0.22,0.24,-0.71,-0.43,-0.19,0.23,-0.31,0.09,0.41,-0.09,0.24,0.56,0.09,0.07,0.3,0.22,-0.15,-0.51,-0.21,0.18,0.15,0.02,0.28,-0.08,-0.05,-0.14,-0.04,-0.0,-0.14,0.0
0.07,0.52,-2.22,-0.83,-1.09,2.27,0.48,0.44,0.91,0.45,-1.36,-0.18,0.36,0.13,0.12,-0.22,-0.0,-0.63,-0.3,-0.35,0.58,-0.01,-0.19,-0.02,0.06,0.15,0.12,0.68,0.02,-0.27,-0.06,-0.14,0.18,0.12,0.19,0.36,-0.02,0.21,-0.11,-0.15,-0.07,0.1,-0.01
0.03,0.44,-1.93,-0.58,-1.11,1.62,-0.39,0.37,0.24,0.37,-1.04,0.51,0.14,-0.44,0.32,-0.5,-0.08,-0.44,0.23,-0.35,0.46,-0.46,-0.02,-0.12,-0.01,0.12,-0.32,0.57,-0.06,-0.43,0.17,-0.09,-0.0,-0.03,-0.26,0.26,0.18,0.02,0.1,-0.3,0.06,-0.04,0.04
0.29,0.7,-2.49,-0.69,-0.86,1.74,-0.45,0.04,0.49,0.32,-1.45,-0.35,0.02,-0.31,0.37,-0.17,-0.14,-0.11,0.11,-0.51,0.51,-0.01,-0.34,-0.02,0.23,0.06,-0.51,-0.09,0.24,0.16,-0.4,-0.0,0.45,0.1,-0.06,-0.1,-0.19,0.08,-0.06,0.18,0.11,0.15,0.01
0.06,0.48,-2.2,-0.76,-1.13,1.84,0.01,0.45,0.84,0.81,-1.23,-0.42,0.11,-0.27,0.37,-0.6,-0.18,-0.57,0.03,-0.61,0.58,-0.18,-0.15,-0.21,0.56,0.3,-0.54,0.61,0.25,-0.49,-0.06,-0.05,0.19,-0.15,-0.36,0.43,0.04,0.18,-0.05,-0.25,-0.06,0.03,0.04
0.11,0.66,-2.32,-0.91,-1.1,1.37,-0.34,-0.01,0.21,0.58,-1.21,0.16,0.4,-0.45,-0.23,-0.12,-0.29,-0.4,0.55,-0.18,0.52,-0.09,-0.06,0.24,-0.09,-0.03,-0.02,0.38,0.04,-0.39,-0.3,0.15,0.0,-0.06,0.38,0.3,-0.06,0.13,-0.2,0.05,0.0,-0.07,0.24
0.11,0.71,-2.24,-0.74,-0.74,1.91,-0.14,0.5,0.11,0.41,-0.96,0.33,0.09,-0.21,0.11,-0.49,-0.05,-0.39,-0.04,-0.35,0.48,-0.54,-0.28,-0.08,-0.06,-0.39,-0.35,0.33,0.0,-0.32,-0.22,-0.06,-0.05,0.05,-0.13,0.28,-0.01,-0.15,-0.31,-0.07,0.06,0.15,0.24
0.17,0.97,-1.92,-0.84,-1.23,1.41,0.83,0.32,1.07,0.38,-0.46,-0.51,-0.33,0.11,-0.18,-1.0,-0.45,-0.69,0.16,-0.34,0.45,-0.14,0.09,-0.09,1.0,-0.25,-0.34,-0.12,-0.23,-0.09,-0.46,-0.01,0.08,0.32,0.22,-0.14,0.22,-0.16,-0.24,0.04,-0.0,-0.19,0.09
-0.03,0.57,-2.05,-0.62,-1.11,2.27,0.27,0.2,0.54,0.79,-1.23,0.17,0.05,-0.24,-0.31,-0.35,-0.2,-0.47,0.42,-0.95,0.19,0.69,0.01,0.04,0.17,-0.33,0.78,0.57,0.45,0.06,-0.15,-0.06,0.2,0.37,0.32,0.15,-0.39,-0.06,-0.23,0.18,-0.18,-0.07,0.09
0.14,0.17,-1.77,-0.34,-0.79,2.12,0.37,0.75,0.19,0.28,-1.87,0.88,0.17,-0.07,-0.98,-0.6,-0.23,0.03,-0.09,-1.01,0.11,0.31,0.52,-0.37,0.58,-0.22,-0.08,0.35,0.04,0.33,-0.34,-0.03,-0.06,0.21,-0.18,0.14,-0.08,-0.31,0.06,0.19,-0.0,0.04,-0.03
0.21,0.72,-2.03,-1.04,-1.42,2.16,-0.31,0.22,0.33,-0.07,-1.36,0.08,0.28,-0.4,-0.36,-0.61,-0.07,-0.38,-0.27,-0.75,-0.09,0.39,0.77,0.78,0.88,-0.11,-0.42,0.52,-0.16,0.19,-0.35,0.15,-0.22,0.3,-0.04,0.0,-0.08,-0.42,-0.45,0.26,-0.0,0.11,-0.0
-0.07,0.5,-1.83,-0.79,-1.12,1.97,0.07,0.78,0.18,0.05,-0.95,0.45,-0.14,-0.66,0.18,-0.09,-0.31,-0.77,0.29,-0.28,0.07,0.52,0.17,0.44,0.18,-0.36,0.62,0.37,-0.39,0.39,-0.37,0.26,0.26,0.23,0.03,0.26,-0.12,-0.23,-0.29,0.33,-0.11,-0.39,-0.04
0.07,0.47,-1.79,-0.78,-0.86,1.8,0.23,0.54,0.69,0.53,-0.62,0.25,-0.01,-0.29,-0.11,-0.05,0.07,-0.35,0.44,-1.06,0.15,0.25,-0.28,0.34,0.35,-0.1,0.18,-0.05,-0.07,0.44,-0.17,-0.22,0.01,0.39,-0.32,-0.12,0.24,-0.29,-0.12,0.13,-0.05,-0.01,-0.06
0.0,0.32,-1.81,-1.2,-0.74,1.75,-0.02,0.41,0.48,-0.24,-1.9,0.41,-0.31,-0.63,0.22,-0.06,0.1,-1.1,-0.8,-0.65,0.42,0.28,0.16,-0.65,0.51,-0.37,0.0,0.37,-0.27,0.12,-0.06,0.25,0.24,0.03,0.12,0.3,-0.19,0.02,-0.06,-0.08,-0.21,0.1,0.05
0.12,0.29,-2.13,-0.67,-1.03,2.04,0.46,0.61,0.38,0.24,-1.69,-0.17,-0.17,-0.74,0.26,-0.53,0.31,-0.2,0.28,-0.6,0.19,-0.07,-0.51,-0.28,0.17,-0.16,0.42,0.06,0.06,0.45,-0.03,0.17,-0.14,0.09,-0.01,0.09,0.12,-0.2,-0.23,-0.02,-0.18,0.07,0.18
0.19,0.65,-2.12,-0.77,-1.32,2.51,0.13,0.93,0.66,0.16,-1.01,0.35,0.49,-0.22,-0.34,-0.8,0.05,-0.64,0.67,-0.28,0.2,0.22,-0.48,-0.43,0.56,0.04,0.25,0.28,0.11,0.23,-0.15,0.1,0.05,-0.15,0.06,0.13,0.15,-0.32,-0.33,0.02,-0.17,0.09,0.12
-0.07,0.59,-2.21,-1.43,-1.37,1.99,0.56,1.06,0.53,0.59,-1.67,-0.13,-0.38,-0.49,0.7,-0.63,0.05,-0.36,-0.26,-0.48,-0.08,0.39,-0.44,-0.3,0.32,-0.17,0.12,0.68,-0.54,0.28,0.26,-0.02,0.06,0.01,-0.5,-0.19,0.39,-0.93,-0.23,0.04,-0.13,0.11,-0.28
0.1,0.34,-1.59,-0.89,-0.37,2.56,0.27,0.28,0.53,-0.78,-1.51,0.71,0.02,-0.85,-0.15,-0.4,0.51,-0.34,-0.78,-1.12,0.7,-0.31,-0.37,-0.82,-0.26,-0.46,0.03,-0.13,0.28,0.62,-0.26,-0.19,0.14,-0.06,-0.35,-0.14,0.22,-0.5,-0.33,0.03,-0.14,0.43,-0.12
-0.01,0.85,-1.97,-0.73,-1.44,2.21,0.55,0.57,0.81,-0.07,-1.3,0.14,-0.19,-0.65,-0.13,-0.03,0.0,-0.18,-1.27,-1.29,0.54,-0.59,-0.2,-0.52,0.01,-0.39,-0.17,0.43,-0.52,0.26,-0.25,0.39,0.02,-0.06,-0.15,-0.18,0.24,-0.17,-0.21,-0.24,0.0,0.15,-0.23
0.09,1.24,-2.07,-1.33,-1.17,2.39,-0.04,1.0,1.02,-0.01,-1.82,0.18,-0.08,-0.22,-0.13,-0.2,-0.05,0.3,-0.3,-0.53,0.62,-0.7,-0.46,-0.55,0.53,-0.21,-0.1,0.49,-0.3,0.48,-0.5,-0.59,0.2,-0.1,-0.5,0.06,0.6,-0.27,-0.25,-0.18,0.07,0.33,-0.12
0.08,0.73,-2.31,-0.57,-1.51,1.98,0.38,0.62,0.48,-0.03,-1.88,-0.43,0.17,-0.55,0.18,-0.26,0.24,-0.68,0.39,-0.68,0.14,-0.24,-0.09,0.12,0.07,0.17,-0.35,-0.11,0.05,0.41,-0.03,-0.04,-0.21,0.45,-0.14,0.31,0.25,0.19,-0.08,-0.28,-0.09,0.01,-0.0
0.11,0.61,-1.9,-1.24,-1.0,2.02,0.19,0.35,0.51,-0.03,-1.41,0.21,-0.37,-0.42,-0.15,-0.16,-0.07,-0.59,-0.06,-0.81,0.44,-0.02,-0.54,-0.41,-0.19,-0.01,-0.07,0.1,0.43,0.24,-0.34,0.09,-0.08,0.35,-0.04,0.6,0.11,-0.07,0.02,-0.14,0.08,-0.08,0.01
0.19,0.43,-1.92,-0.9,-1.1,2.07,0.65,1.06,0.08,-0.32,-1.13,-0.0,0.08,-0.08,0.11,-0.31,0.33,-0.23,0.03,0.46,0.13,-0.18,-0.01,-0.32,0.43,0.11,0.35,-0.08,-0.01,-0.05,-0.06,0.24,-0.48,0.29,-0.15,-0.15,0.24,-0.23,-0.05,0.03,-0.1,0.09,0.16
0.1,0.38,-1.82,-1.03,-1.09,2.28,0.33,0.84,0.49,0.7,-1.77,-0.41,0.11,0.21,0.13,-0.56,0.38,-0.05,0.44,0.06,0.07,-0.4,0.02,-0.37,0.25,-0.0,0.11,0.18,0.18,-0.04,0.32,-0.21,-0.02,-0.07,-0.33,0.13,0.34,-0.15,0.01,0.01,-0.02,0.19,0.2
0.23,0.21,-1.69,-0.81,-1.18,2.61,0.04,0.51,0.64,0.16,-1.47,0.21,-0.25,-0.32,0.79,-0.16,0.41,-0.49,0.38,0.18,0.32,-0.28,-0.39,-0.4,0.54,-0.11,-0.31,-0.44,0.03,0.16,0.07,0.08,-0.19,0.15,0.13,0.18,0.13,0.01,-0.46,-0.02,-0.12,0.01,0.12
0.02,0.41,-2.03,-0.74,-1.13,2.52,0.75,0.6,0.8,0.6,-1.44,-0.11,-0.31,0.28,0.64,-0.05,-0.45,0.16,0.26,-1.14,0.47,0.69,0.07,0.51,0.57,-0.31,-0.04,-0.16,-0.2,-0.07,0.06,-0.1,0.12,0.13,0.12,0.25,0.25,-0.31,-0.1,0.18,-0.1,-0.18,0.1
0.11,0.89,-1.74,-0.77,-0.88,1.97,-0.29,1.03,0.55,-0.43,-1.15,-0.06,-0.01,-0.02,-0.22,0.05,-0.11,-0.73,0.05,-1.22,0.35,0.17,-0.56,-0.29,0.35,0.25,-0.31,-0.42,0.02,-0.07,-0.3,-0.46,-0.29,-0.25,-0.06,0.07,0.22,-0.07,0.08,-0.11,-0.1,0.14,-0.06
0.13,0.3,-1.98,-0.95,-0.76,1.98,0.09,0.81,0.9,0.08,-1.43,-0.13,-0.65,-0.11,-0.12,-0.03,0.21,-0.26,-0.22,-0.26,-0.1,-0.45,-0.14,-0.21,0.28,0.1,-0.55,0.17,-0.06,-0.19,-0.16,-0.24,0.13,0.47,0.07,0.02,-0.01,0.15,0.12,-0.02,-0.11,-0.18,-0.12
0.21,0.62,-1.94,-0.89,-1.38,2.08,-0.27,0.66,0.69,-0.08,-1.58,0.33,-0.46,-0.56,0.42,0.01,-0.22,-0.52,-0.01,-0.48,0.12,-0.26,-0.51,-0.48,-0.08,0.39,-0.43,-0.04,0.22,0.46,0.01,-0.32,0.04,-0.36,-0.13,0.14,-0.15,0.32,-0.04,0.1,0.05,-0.23,0.24
0.19,0.19,-1.87,-0.85,-1.6,2.15,0.46,0.66,0.79,-0.27,-1.19,-0.46,-0.52,-0.27,0.45,0.45,0.22,-0.77,-0.2,0.31,-0.01,-0.35,-0.53,-0.9,0.04,0.17,-0.25,-0.36,-0.07,-0.22,-0.25,0.05,-0.09,-0.33,-0.35,0.32,0.06,0.09,0.24,-0.02,0.08,-0.1,0.03
0.23,0.67,-1.77,-0.97,-0.78,2.31,0.1,1.0,0.5,-0.28,-1.69,0.32,-0.11,0.24,0.66,-0.34,0.56,-0.54,0.26,-0.68,-0.16,-0.63,-0.1,-0.74,-0.03,0.12,-0.3,-0.15,-0.11,0.17,-0.13,-0.25,0.16,0.42,-0.19,-0.1,0.36,-0.16,-0.39,-0.07,0.02,0.01,0.15
0.05,0.65,-1.69,-0.7,-1.15,1.83,-0.1,0.14,0.75,-0.06,-2.16,0.14,0.49,-0.38,0.72,-0.27,0.48,-0.38,-1.52,-1.29,0.2,-0.4,-0.0,-0.54,0.34,-0.32,0.02,0.01,0.19,0.19,0.68,0.45,0.24,-0.16,-0.02,-0.19,0.35,-0.43,-0.22,-0.01,-0.11,0.11,-0.01
0.01,-0.04,-1.71,-1.28,-1.19,2.72,0.18,0.85,1.06,0.08,-2.11,0.06,-0.46,-0.12,0.17,-0.25,0.18,-0.26,-0.55,-1.04,-0.18,-0.65,-0.16,-0.43,0.3,-0.43,-0.36,-0.1,0.25,0.11,-0.14,-0.28,0.09,-0.08,-0.18,0.45,0.08,-0.09,0.14,-0.21,-0.06,-0.1,0.0
0.04,0.13,-2.0,-1.16,-1.48,2.22,0.52,0.53,0.59,-0.73,-1.62,0.19,-0.6,-0.15,0.58,0.11,-0.14,-0.23,-0.26,-0.89,-0.22,-0.4,-0.19,-0.03,0.23,-0.04,-0.43,0.08,0.37,0.31,-0.4,-0.17,0.35,0.18,-0.01,0.32,0.25,0.06,-0.06,-0.09,0.18,-0.15,0.12
0.2,-0.05,-1.54,-0.81,-1.38,2.45,0.1,0.85,0.59,-0.85,-1.95,-0.54,0.01,0.12,0.09,0.27,0.37,-0.78,0.04,-0.18,-0.05,-0.68,-0.03,-0.38,0.23,-0.1,-0.13,-0.18,0.2,0.12,0.01,-0.02,-0.18,0.37,-0.26,-0.19,0.23,-0.11,0.07,0.17,0.06,0.12,0.03
-0.01,-0.08,-1.76,-1.19,-1.5,2.69,0.17,0.71,0.72,-0.13,-1.51,-0.28,-0.04,-0.29,0.04,0.18,0.24,0.09,-0.35,-0.62,0.11,-0.2,0.14,-0.32,0.42,-0.11,-0.41,0.31,-0.15,0.09,-0.14,-0.31,0.02,-0.06,-0.55,0.08,0.33,-0.15,-0.04,-0.16,0.1,0.11,0.14
-0.11,-0.13,-1.63,-1.32,-1.45,2.0,0.14,0.1,0.7,0.58,-0.98,0.11,-0.34,-0.45,0.25,-0.32,-0.55,-0.04,0.45,-0.37,0.72,-0.07,0.06,0.18,0.35,-0.0,-0.01,0.43,-0.23,0.26,-0.02,-0.11,0.21,-0.2,0.07,0.14,0.14,0.13,0.12,0.08,0.14,0.14,0.15
0.06,0.04,-1.8,-1.38,-1.35,1.79,0.85,0.59,0.8,-0.51,-1.46,0.09,0.0,-0.09,-0.2,-0.27,-0.03,-0.4,0.34,-0.23,0.37,0.08,0.37,-0.2,-0.0,0.12,0.4,0.31,-0.05,0.08,-0.31,-0.11,0.07,0.1,0.02,-0.09,0.18,-0.22,-0.14,0.26,-0.14,-0.16,0.04
-0.08,0.33,-2.1,-1.62,-1.61,2.15,1.12,0.68,1.41,-0.64,-1.99,0.04,-0.01,-0.03,0.18,-0.85,0.17,-0.16,-0.53,0.07,0.01,-0.48,-0.1,0.13,-0.44,-0.2,0.08,0.52,-0.11,0.23,0.26,0.5,0.19,-0.03,-0.06,-0.23,-0.03,0.19,-0.04,-0.2,-0.12,0.0,0.05
-0.18,0.39,-1.95,-0.65,-1.45,2.4,0.66,0.81,0.7,0.01,-1.36,-0.07,0.07,-0.61,-0.05,0.09,-0.08,-0.38,0.27,-0.31,0.39,0.31,-0.31,-0.0,0.07,0.04,0.38,0.2,0.05,-0.03,-0.14,0.14,0.53,0.04,-0.08,0.01,-0.39,0.05,-0.2,0.07,0.08,-0.16,0.12
-0.07,0.22,-2.06,-1.39,-1.8,2.65,0.54,1.34,1.0,-0.42,-1.22,-0.03,-0.27,-0.23,0.29,-0.34,-0.11,-0.57,0.04,-0.17,0.2,0.26,-0.13,0.09,0.53,-0.35,-0.05,0.49,-0.11,-0.06,0.25,0.09,0.39,0.07,-0.23,-0.14,0.21,-0.26,-0.05,0.03,-0.01,-0.0,0.04
0.01,0.32,-2.11,-1.5,-1.08,2.58,0.55,1.53,0.28,-0.54,-1.8,-0.13,-0.26,-0.13,0.58,-0.25,0.19,-0.21,0.01,-0.08,0.5,0.24,0.21,-0.19,0.28,0.03,-0.21,0.2,0.21,-0.29,-0.19,-0.1,-0.09,-0.05,0.08,0.04,0.22,-0.03,0.05,-0.07,-0.12,-0.1,0.06
0.05,-0.04,-1.89,-1.38,-0.92,2.56,0.32,0.94,0.72,-0.33,-1.54,-0.47,-0.39,-0.31,0.68,0.48,-0.15,-0.24,0.4,-0.41,-0.28,0.19,-0.35,-0.29,-0.32,0.21,0.01,-0.13,0.79,0.23,-0.44,-0.33,0.24,-0.18,-0.21,0.25,0.0,-0.14,-0.07,-0.07,-0.01,-0.27,0.1
0.05,0.62,-2.02,-0.88,-0.91,2.74,0.57,1.83,0.34,-0.41,-1.86,0.04,-0.45,-0.23,-0.35,-0.29,0.13,-0.54,-0.25,-0.48,0.21,-0.46,-0.25,-0.41,-0.06,0.32,-0.39,-0.47,-0.25,0.05,-0.48,-0.68,-0.15,-0.01,-0.18,0.47,0.27,0.0,0.07,-0.06,-0.21,-0.04,-0.11
-0.08,-0.09,-1.83,-1.41,-0.98,2.76,-0.16,1.02,0.39,0.1,-1.66,0.3,-0.48,-0.11,0.13,-0.11,0.06,-0.04,-0.36,-0.42,-0.11,-0.25,-0.22,-0.6,0.2,-0.26,-0.36,0.33,0.12,-0.11,-0.32,-0.22,0.28,-0.17,-0.21,0.18,0.02,0.08,-0.03,-0.0,-0.07,-0.0,0.13
-0.01,0.15,-1.87,-1.64,-1.3,2.29,0.63,1.39,0.7,-0.17,-1.47,0.13,-0.37,0.02,-0.16,-0.03,0.17,-0.14,0.06,-0.83,-0.13,0.11,0.07,-0.62,0.18,0.01,-0.38,-0.06,-0.16,0.14,-0.3,-0.19,-0.14,0.47,-0.49,0.37,-0.21,0.22,0.12,-0.27,-0.14,-0.03,-0.05
-0.13,0.12,-1.84,-1.64,-1.38,2.49,0.05,1.19,0.33,-0.28,-1.63,0.45,-0.34,0.19,0.22,-0.05,0.02,-0.33,0.26,-0.15,0.01,-0.63,-0.1,-0.16,0.16,-0.07,-0.49,-0.22,0.3,-0.23,-0.25,-0.11,-0.29,0.08,-0.14,0.19,-0.02,0.34,0.05,-0.02,-0.09,-0.06,0.16
-0.01,0.14,-1.98,-0.55,-1.37,2.62,0.79,1.08,0.83,-0.09,-0.64,0.18,-0.49,-0.09,0.06,-0.17,-0.06,-0.92,0.53,-0.1,-0.13,-0.21,0.06,-0.77,-0.35,0.42,-0.08,-0.32,-0.39,-0.04,-0.12,-0.13,0.02,-0.01,-0.43,0.25,-0.14,-0.05,0.07,-0.12,-0.09,0.07,0.1
-0.0,0.08,-1.98,-0.65,-1.37,2.69,-0.12,1.09,0.71,0.32,-1.39,-0.49,-0.03,-0.62,-0.1,-0.01,0.15,-0.45,0.21,-0.02,-0.07,-0.11,-0.51,-0.54,-0.05,-0.15,-0.35,0.48,-0.09,-0.09,0.08,0.14,-0.13,-0.28,-0.38,-0.1,0.07,0.09,-0.15,-0.17,-0.02,0.01,0.02
-0.04,0.66,-2.15,-1.08,-1.14,2.05,0.97,1.16,0.7,-0.14,-1.35,-0.16,0.39,-0.08,-0.26,-0.53,-0.3,-0.48,0.2,0.6,-0.4,-0.27,0.15,-0.31,0.2,-0.25,0.33,0.25,-0.3,0.09,-0.13,-0.22,-0.06,-0.21,-0.12,-0.08,-0.08,0.09,-0.09,0.07,-0.21,0.03,-0.02
-0.08,0.09,-1.89,-1.65,-1.66,2.62,0.44,1.06,0.38,0.83,-1.94,-0.22,-0.22,-0.22,0.08,0.17,-0.61,0.58,-0.31,1.16,-0.43,-0.24,-0.18,-0.19,-0.37,-0.0,-0.18,0.21,0.39,-0.18,0.03,-0.35,-0.28,-0.01,-0.25,-0.14,-0.02,-0.11,0.01,-0.27,-0.33,-0.01,-0.04
-0.05,0.52,-2.1,-1.3,-1.43,2.57,0.55,0.59,0.5,-0.44,-1.43,-0.38,-0.37,-0.23,0.02,-0.93,-0.79,-0.2,-0.33,1.19,-0.19,0.34,-0.74,-0.4,-0.22,-0.36,0.3,0.42,0.25,0.41,-0.18,-0.01,-0.72,0.12,-0.42,-0.34,0.45,-0.45,-0.18,0.33,-0.11,0.28,-0.02
0.03,0.32,-2.06,-1.14,-1.0,2.26,0.51,0.54,0.41,-0.64,-1.48,0.26,-0.74,-0.36,0.23,-0.18,0.53,-0.65,0.48,-0.58,0.28,0.82,-0.08,-0.53,-0.18,-0.43,0.06,0.1,0.64,0.03,-0.68,-0.15,-0.08,0.02,-0.29,-0.25,-0.02,-0.16,-0.0,-0.17,0.15,-0.18,-0.1
0.01,0.03,-1.54,-1.15,-1.48,2.55,0.47,1.07,0.99,0.26,-1.6,-0.32,0.09,0.06,-0.28,-0.48,-0.35,-0.9,0.43,-0.2,0.68,0.1,-0.05,-0.46,0.04,-0.08,-0.26,0.66,-0.07,-0.39,-0.17,0.13,0.09,0.01,-0.28,-0.23,0.32,-0.23,-0.14,-0.16,0.08,0.11,0.16
-0.07,0.24,-1.98,-1.44,-1.32,2.18,1.36,1.41,1.62,0.52,-0.98,-0.25,-0.55,-0.2,0.12,-0.76,1.14,-0.37,0.23,0.02,0.32,0.9,0.64,0.32,0.18,0.02,0.11,0.19,-0.09,-0.03,0.01,-0.02,-0.29,0.1,-0.34,0.04,-0.01,-0.23,-0.14,-0.16,-0.04,0.1,0.12
-0.15,0.4,-2.12,-1.61,-1.31,2.56,0.75,1.31,0.8,-0.09,-1.46,-0.15,-0.6,-0.15,-0.09,-0.0,0.26,-0.39,-0.29,-0.94,0.29,0.08,0.22,-0.06,0.34,-0.31,-0.32,-0.37,-0.41,-0.24,0.19,0.31,0.04,-0.16,-0.09,-0.05,-0.05,-0.16,-0.12,-0.42,0.14,0.33,-0.02
-0.22,0.4,-2.14,-1.79,-1.29,2.85,0.65,1.21,0.97,0.04,-0.89,-0.11,-0.15,-0.23,0.26,-0.21,-0.09,-0.25,0.53,-0.41,0.62,-0.02,-0.2,-0.2,0.25,0.06,0.02,0.3,-0.06,-0.1,-0.24,0.16,0.13,0.16,-0.18,0.32,0.09,0.15,0.08,-0.32,-0.09,0.1,0.02
-0.14,0.64,-2.06,-1.3,-1.57,2.05,1.16,0.77,0.48,-0.38,-1.57,0.3,0.33,-0.41,-0.6,-0.32,-0.41,-0.23,0.56,-0.3,0.38,0.34,-0.02,-0.22,0.2,0.13,0.23,0.39,0.25,-0.18,-0.21,-0.12,0.13,0.19,-0.24,0.27,-0.1,0.35,0.26,-0.19,0.19,-0.06,0.04
-0.14,0.19,-1.94,-1.51,-1.42,2.24,1.12,0.62,0.85,-0.03,-0.85,0.41,-0.42,-0.07,0.07,-0.24,0.4,0.12,0.56,-0.31,0.26,0.42,0.05,0.14,0.41,-0.14,0.01,0.28,-0.07,0.15,-0.23,0.14,-0.03,-0.31,-0.51,0.28,-0.23,0.04,0.01,0.01,0.0,0.08,0.16
-0.15,0.33,-1.9,-1.39,-1.66,2.0,1.65,1.07,1.43,-0.25,-0.89,0.05,-0.01,0.01,-0.11,-0.22,0.48,-0.57,0.98,0.0,0.55,0.52,-0.82,-0.58,0.13,0.3,0.38,-0.18,-0.6,-0.1,-0.08,0.28,0.24,-0.12,-0.31,-0.06,0.13,0.01,-0.15,0.02,-0.06,0.06,0.09
-0.08,0.37,-1.63,-0.93,-1.19,1.98,1.09,1.03,0.29,0.7,-0.91,-0.5,0.1,-0.67,-0.05,-0.5,-0.05,-0.98,0.2,0.35,0.99,0.32,0.24,-0.35,-0.16,-0.42,-0.02,0.44,0.26,-0.12,-0.25,-0.0,-0.22,0.38,-0.38,-0.04,-0.08,-0.18,-0.15,0.09,-0.1,0.16,0.17
-0.07,0.36,-1.98,-1.73,-1.52,1.91,0.69,0.79,0.85,-0.37,-1.44,-0.17,-0.19,-0.29,-0.27,-0.23,0.36,-0.41,0.22,-0.28,0.57,0.05,-0.15,-0.58,0.16,-0.26,0.17,-0.1,-0.53,0.33,-0.34,-0.04,0.23,-0.32,-0.3,-0.0,0.15,-0.02,0.07,-0.42,0.02,-0.03,0.09
0.02,0.27,-1.79,-1.37,-1.72,2.37,0.78,1.18,0.53,-0.64,-1.59,0.82,-0.89,-0.51,-0.33,0.24,-0.15,-0.24,0.01,-0.24,0.19,0.07,0.38,-0.43,-0.2,-0.48,-0.04,-0.1,-0.5,0.01,0.18,-0.12,0.1,-0.29,-0.65,0.15,-0.19,0.12,-0.21,-0.05,-0.21,0.26,0.08
-0.21,0.78,-1.96,-1.32,-1.59,1.87,1.29,1.18,0.68,-0.52,-0.84,0.36,0.13,-0.33,-0.34,-1.23,0.73,-0.2,0.36,0.16,-0.26,0.64,0.25,0.12,0.15,0.2,0.69,-0.18,0.12,0.05,-0.1,-0.27,0.05,0.09,-0.17,-0.24,0.22,-0.31,-0.02,0.03,-0.03,-0.02,0.16
-0.01,0.34,-1.76,-1.38,-1.7,1.94,0.55,0.9,0.85,-0.54,-1.83,0.29,-0.35,-0.16,-0.5,-0.83,0.13,-1.24,0.42,-0.42,0.21,0.11,0.46,-0.34,0.22,-0.01,0.29,-0.04,-0.38,-0.07,-0.34,0.0,0.23,-0.01,-0.44,-0.03,0.18,0.16,-0.02,-0.23,0.07,0.11,0.04
-0.28,0.32,-1.58,-1.66,-1.6,1.87,0.36,0.82,0.54,0.03,-1.11,0.47,-0.07,-0.04,-0.27,-0.86,0.04,0.03,-0.0,0.45,0.37,0.04,0.12,-0.26,-0.24,0.09,-0.54,-0.48,0.28,0.55,-0.2,-0.21,-0.37,-0.13,-0.65,0.32,0.41,-0.2,0.42,0.19,-0.02,0.06,0.1
-0.2,0.36,-1.58,-1.66,-1.75,2.48,0.39,1.29,0.83,0.72,-1.95,-0.04,-0.38,-0.14,-0.77,-1.39,-0.38,0.47,0.2,-0.56,-0.41,-0.32,0.37,-0.03,-0.68,0.07,-0.24,-0.15,0.53,0.09,-0.56,-0.23,-0.55,-0.04,-0.7,-0.11,0.22,-0.06,0.09,-0.02,-0.18,0.14,-0.03
-0.21,0.5,-1.93,-1.42,-1.37,2.64,0.89,1.12,0.58,-0.64,-2.1,-0.3,-0.25,-0.11,-0.3,-0.31,0.28,-0.26,-0.32,-0.83,0.81,-0.03,-0.12,-0.42,0.25,-0.48,0.06,-0.04,0.56,0.37,-0.5,-0.35,0.14,-0.64,-0.36,-0.13,0.06,-0.25,-0.08,0.0,-0.08,-0.04,0.06
-0.22,0.36,-1.61,-1.49,-1.58,1.9,0.52,0.97,0.96,-0.33,-1.51,-0.15,-0.85,-0.22,0.05,-1.03,0.14,0.08,-0.68,-0.1,0.82,0.47,0.2,0.18,0.16,0.03,-0.05,-0.19,0.25,0.15,-0.68,-0.05,-0.34,-0.06,-0.71,0.06,0.27,0.01,0.24,0.16,-0.08,0.01,0.13
-0.27,0.47,-1.71,-1.42,-1.72,2.03,0.79,0.55,1.09,0.29,-1.31,0.32,0.28,0.11,-0.26,-0.97,0.48,0.08,0.09,-0.29,0.32,-0.45,0.53,0.28,0.49,0.31,-0.14,0.16,0.15,-0.01,-0.33,-0.06,0.04,-0.41,-0.41,-0.19,0.17,-0.13,0.04,0.1,-0.1,0.17,0.1
-0.11,0.21,-1.89,-1.36,-1.27,2.05,1.01,0.93,0.74,-0.06,-0.46,0.01,0.08,-0.43,-0.14,-0.6,-0.15,-0.21,0.05,0.73,-0.21,0.63,0.14,0.03,-0.21,0.02,0.27,0.08,0.43,0.02,-0.3,-0.21,-0.2,0.2,0.1,0.03,0.22,-0.23,0.17,0.09,-0.16,0.01,0.19
-0.11,0.14,-1.81,-1.78,-1.41,2.19,0.98,1.05,0.47,0.47,-1.1,0.34,0.25,-0.34,-0.77,-0.71,-0.25,-0.57,-0.43,-0.63,0.66,-0.16,-0.0,-0.17,-0.1,0.08,-0.2,0.1,-0.36,0.53,0.39,-0.09,-0.03,-0.05,-0.35,0.08,0.07,-0.18,-0.08,-0.17,0.04,0.11,0.05
-0.1,-0.01,-1.73,-1.28,-1.09,2.38,0.38,1.08,0.7,0.62,-0.95,0.34,-0.56,-0.31,-0.38,-0.18,-0.34,-0.51,0.11,0.62,-0.05,-0.36,-0.16,-0.33,-0.22,-0.07,-0.08,-0.52,-0.2,-0.03,-0.11,-0.04,0.15,0.27,-0.19,0.23,0.06,-0.01,-0.1,0.21,-0.01,0.01,0.16
-0.01,0.09,-1.99,-1.5,-1.55,2.61,0.43,1.12,0.68,-0.2,-2.33,-0.12,-0.03,-0.08,0.17,-0.17,0.77,0.33,-0.3,0.71,0.19,-0.21,-0.02,-0.55,-0.03,-0.22,-0.03,0.36,0.12,-0.21,0.21,-0.05,0.16,-0.19,-0.07,-0.12,-0.05,-0.06,-0.14,0.07,-0.23,0.16,0.08
-0.24,0.32,-1.96,-1.45,-1.78,2.13,0.69,0.94,0.38,-0.47,-1.69,0.19,0.41,-0.15,-0.24,-0.76,0.14,-0.13,-0.66,-0.25,1.21,-0.01,0.1,-0.45,0.06,-0.8,-0.31,0.48,0.33,0.14,-0.02,0.45,0.55,-0.3,-0.36,-0.23,0.18,-0.12,-0.13,-0.17,0.01,0.11,0.16
0.01,0.57,-1.78,-1.5,-1.27,2.19,0.63,1.03,1.15,-0.36,-2.21,-0.2,-0.18,-0.26,0.49,-0.45,0.4,-0.48,-0.35,-0.56,0.31,0.11,0.07,-0.2,0.29,0.02,0.15,0.56,0.15,0.3,0.13,-0.12,0.02,0.02,-0.13,0.08,0.46,-0.04,-0.03,-0.28,0.01,-0.01,0.08
-0.01,0.13,-1.6,-1.53,-1.04,2.33,0.36,1.14,1.01,-0.11,-1.43,-0.38,-0.23,-0.39,0.39,-0.71,0.28,-0.24,-0.01,0.34,0.74,0.09,0.11,-0.1,0.24,0.07,0.3,0.81,0.03,0.05,-0.6,-0.43,0.1,0.01,-0.62,-0.02,0.35,-0.27,-0.2,0.09,-0.01,-0.04,0.02
-0.17,0.26,-1.62,-1.42,-1.51,1.87,0.55,0.72,1.26,0.14,-1.05,0.51,0.27,-0.89,0.5,-0.87,0.34,-0.58,0.28,-0.4,0.04,0.16,0.04,-0.59,-0.01,-0.21,0.35,0.32,0.08,0.39,-0.03,0.08,0.37,0.14,0.14,-0.0,0.05,-0.07,-0.33,0.08,0.08,-0.27,-0.12
-0.05,0.01,-1.82,-1.22,-1.52,2.51,0.41,0.56,0.75,0.21,-1.14,0.15,-0.25,-0.1,0.24,-0.43,0.21,-0.34,-0.1,0.17,-0.14,-0.38,0.15,-0.32,0.62,-0.23,0.13,0.08,0.0,0.02,-0.21,-0.0,-0.15,-0.37,-0.05,0.2,0.07,0.2,-0.05,-0.17,-0.12,-0.06,0.04
-0.12,0.16,-1.89,-1.71,-1.22,2.13,0.61,0.23,0.97,-0.1,-1.67,-0.84,-0.2,-0.14,-0.21,0.0,0.7,0.17,-0.7,-0.42,0.33,0.22,0.35,-0.49,0.44,-0.37,0.02,0.34,0.15,0.35,-0.09,0.02,0.26,-0.11,-0.05,0.06,0.02,-0.19,-0.09,-0.1,-0.11,-0.07,0.08
-0.16,0.21,-2.0,-1.77,-1.32,2.64,0.97,0.91,0.17,-0.24,-1.75,-0.12,-0.18,-0.66,-0.01,-0.75,-0.47,-0.03,-0.39,-0.42,0.22,-0.17,0.49,0.05,0.51,-0.51,0.72,0.62,0.06,0.1,0.22,0.14,0.15,0.05,-0.07,-0.42,0.18,-0.35,-0.15,0.26,-0.13,0.09,0.05
-0.1,0.19,-2.22,-1.4,-1.62,2.65,0.55,0.99,1.14,-0.22,-1.3,-0.6,-1.0,-0.09,-0.64,-0.86,-0.12,-0.2,0.58,0.34,0.63,0.62,-0.15,-0.17,0.27,-0.18,-0.13,0.65,-0.27,0.02,0.08,-0.24,-0.13,0.02,0.2,-0.35,0.16,-0.18,-0.26,-0.02,-0.19,0.09,0.11
-0.13,0.13,-1.84,-1.32,-1.35,2.34,0.94,0.45,1.2,-0.21,-0.71,0.53,-0.04,-0.27,0.39,-0.39,0.57,-0.19,0.9,-0.02,0.45,-0.03,0.05,-0.13,0.18,0.02,0.81,1.04,0.41,0.34,-0.14,0.1,0.26,-0.34,-0.16,-0.0,-0.13,-0.08,-0.2,-0.08,-0.08,-0.1,0.12
0.01,-0.13,-1.5,-0.95,-1.19,2.25,0.07,0.84,1.34,-0.07,-1.44,-0.56,-0.35,-0.43,0.69,-0.13,0.69,-0.73,0.01,-0.26,0.86,0.17,-0.43,-0.09,-0.19,-0.24,-0.13,0.24,0.08,0.54,-0.07,0.02,0.31,-0.2,-0.4,-0.05,-0.14,0.26,-0.24,-0.24,-0.14,-0.15,0.11
-0.06,-0.09,-1.44,-0.88,-1.4,2.61,0.58,0.86,0.99,-0.16,-0.59,-0.38,0.11,-0.18,-0.06,-0.29,0.22,-0.47,-0.05,0.5,-0.03,0.07,-0.51,0.19,0.37,-0.25,0.69,-0.39,-0.16,-0.16,0.55,-0.15,-0.38,0.01,-0.06,-0.29,0.34,-0.2,-0.25,-0.07,-0.02,0.14,0.18
0.03,-0.32,-1.36,-0.74,-1.08,2.31,0.89,0.26,0.49,-0.91,-1.3,0.19,0.7,-0.61,-0.2,-0.34,0.85,-0.53,-0.33,-0.07,0.56,-0.13,0.24,-0.48,0.48,-0.75,0.5,-0.31,0.16,0.2,0.09,0.09,-0.12,-0.29,-0.45,-0.55,-0.17,-0.14,-0.31,-0.19,0.01,0.28,-0.02
0.07,-0.28,-1.85,-1.41,-0.92,2.35,0.48,0.92,0.67,0.01,-1.98,-0.02,0.0,-0.44,-0.12,-0.39,0.4,-0.66,-0.27,0.23,-0.09,-0.29,-0.48,0.02,-0.29,-0.08,0.18,-0.26,-0.01,0.46,-0.28,-0.14,-0.26,-0.24,-0.38,-0.32,-0.11,-0.12,-0.17,-0.08,0.16,0.14,0.05
0.26,-0.39,-1.82,-1.31,-1.2,2.41,-0.22,0.92,0.5,-0.67,-2.05,0.04,-0.87,-0.14,0.27,0.62,0.51,0.13,-0.49,0.05,-0.61,-0.04,-0.31,-0.05,-0.02,-0.28,-0.3,-0.4,-0.08,-0.21,-0.34,-0.04,0.14,-0.07,-0.19,0.32,0.04,0.33,0.06,0.0,0.21,-0.18,0.02
0.08,-0.25,-1.82,-1.25,-1.36,1.95,0.17,1.67,0.52,-0.11,-2.35,-0.09,0.01,-0.4,-0.56,-0.25,0.19,-0.4,-0.61,-0.31,-0.75,-0.63,-0.13,-0.47,0.38,-0.03,-0.34,-0.17,0.48,0.25,-0.46,-0.42,0.08,-0.47,-0.24,0.15,0.18,-0.07,0.02,-0.17,-0.08,-0.07,0.08
-0.06,0.08,-1.84,-1.56,-1.42,1.92,1.17,1.07,0.61,-0.27,-1.63,0.24,-1.06,-0.06,-0.08,-0.02,0.36,0.14,-0.6,-0.52,-0.04,-0.91,-0.17,-0.24,0.59,-0.01,-0.11,0.03,0.1,-0.01,-0.57,-0.62,-0.26,-0.38,-0.41,0.39,0.12,0.05,0.07,-0.1,0.07,-0.11,-0.13
-0.05,-0.03,-1.82,-1.69,-1.19,1.96,0.46,1.32,0.84,0.23,-1.66,-0.02,-0.32,-0.02,0.57,0.07,1.05,-0.16,0.23,-1.2,0.05,-0.48,0.15,0.13,0.57,0.08,-0.46,-0.17,0.2,0.11,-0.35,0.03,-0.11,-0.42,-0.32,0.23,-0.03,-0.18,0.09,0.08,-0.12,0.11,0.03
-0.16,-0.04,-1.69,-1.32,-1.19,2.16,0.52,1.12,0.97,-0.16,-1.72,-0.41,-0.15,-0.8,0.56,0.02,0.57,-0.52,-0.92,-1.22,0.47,-0.39,0.34,-0.45,-0.18,-0.43,-0.64,0.06,0.48,0.17,-0.17,0.02,0.11,-0.68,-0.61,0.46,-0.01,0.12,-0.15,0.08,-0.07,-0.06,-0.23
0.0,-0.12,-1.63,-1.16,-1.17,2.09,0.54,0.98,0.69,-0.76,-1.39,0.07,-0.27,0.17,0.05,-0.14,1.05,-0.41,0.18,-0.75,0.14,-0.33,0.2,-0.12,0.62,-0.1,-0.67,-0.32,0.22,0.38,-0.58,0.14,0.29,-0.25,-0.68,0.38,0.01,0.11,0.05,0.03,-0.04,-0.04,-0.08
0.06,0.11,-1.66,-1.61,-1.2,2.27,0.39,1.58,1.28,-0.3,-1.92,0.24,-1.03,-0.42,0.06,0.2,0.42,0.09,-0.66,-0.9,-0.25,-0.52,-0.36,-0.13,0.98,0.09,-0.44,0.12,0.03,0.26,-0.47,-0.45,0.27,-0.31,-0.27,0.5,0.15,-0.09,-0.04,0.11,0.15,-0.17,-0.04
0.05,-0.08,-1.53,-1.52,-1.18,1.99,-0.36,1.21,0.53,-0.36,-2.03,0.11,-0.08,-0.26,-0.18,0.05,0.16,-0.51,-0.01,-1.01,-0.08,-0.17,0.4,-0.29,0.39,-0.11,-0.14,-0.1,0.3,0.5,-0.39,-0.1,0.08,0.12,-0.49,0.15,0.69,-0.24,0.0,-0.05,-0.11,-0.06,-0.11
-0.08,0.16,-1.69,-1.41,-1.32,2.37,0.07,1.16,0.7,-0.04,-2.3,0.2,0.0,-0.07,-0.2,0.2,0.83,-0.29,-0.18,-0.76,0.33,-0.84,-0.44,-0.69,0.44,-0.31,-0.52,0.05,0.2,-0.0,-0.44,-0.09,0.13,-0.09,-0.46,0.11,0.43,-0.1,0.09,-0.22,-0.02,0.03,-0.13
-0.03,0.04,-1.77,-1.06,-1.38,2.14,0.34,1.17,1.17,-0.54,-1.96,-0.23,0.08,-0.42,0.03,0.09,0.19,-0.86,-0.8,-1.25,0.02,-0.08,-0.21,-0.68,0.67,-0.25,-0.68,0.03,0.2,0.4,-0.38,-0.06,0.17,-0.2,-0.19,0.07,0.08,-0.19,-0.16,-0.04,0.03,-0.05,-0.19
0.01,0.33,-1.75,-1.2,-1.53,2.63,0.58,1.69,0.59,-0.18,-2.19,-0.06,-0.03,0.18,0.22,0.13,0.42,-0.4,-0.71,-1.14,0.11,0.31,0.31,-0.68,0.25,-0.51,-0.7,0.19,0.21,0.26,-0.4,-0.18,-0.03,0.26,-0.46,0.3,0.32,-0.21,-0.05,-0.04,-0.1,-0.06,-0.07
0.06,-0.29,-1.69,-1.19,-1.23,1.45,0.46,1.12,0.71,-0.6,-1.95,0.03,-0.46,-0.22,0.3,0.32,0.78,-0.76,0.02,-0.58,-0.62,0.31,-0.47,-0.08,0.59,0.22,-0.33,-0.12,0.35,0.32,-0.33,-0.38,0.25,0.16,0.17,0.49,-0.06,0.28,-0.23,-0.02,-0.11,-0.18,-0.03
0.16,-0.06,-1.92,-1.8,-1.04,2.44,0.76,1.36,0.91,-0.81,-1.61,0.02,-0.02,0.18,0.2,-0.04,0.18,-0.45,-0.8,0.27,0.39,-0.05,-0.47,-0.53,0.19,0.07,-0.69,0.31,0.29,0.07,-0.19,-0.3,-0.18,0.12,-0.02,0.19,0.08,0.18,-0.12,0.15,0.1,-0.0,-0.07
0.11,-0.11,-1.89,-1.66,-1.07,2.16,0.49,1.33,1.06,-0.33,-2.29,0.33,-0.15,-0.13,0.61,0.13,0.35,-0.36,0.66,-0.39,-0.2,0.31,-0.21,-0.57,-0.1,-0.36,-0.09,0.17,0.21,0.17,-0.33,-0.19,0.36,0.23,-0.25,0.6,-0.17,0.09,-0.18,0.01,0.03,-0.11,0.11
-0.01,0.07,-1.73,-1.42,-1.44,2.18,0.16,1.4,0.47,-0.25,-1.96,0.24,-0.68,-0.17,0.51,-0.09,0.02,-0.59,-0.21,-0.47,0.55,-0.28,-0.4,-0.45,0.2,-0.04,-0.9,-0.02,0.13,0.13,-0.42,-0.12,0.32,0.34,-0.26,0.24,0.14,-0.05,0.13,-0.15,0.08,-0.03,0.07
0.01,-0.06,-1.97,-1.45,-1.14,2.31,0.32,0.97,1.28,-0.35,-1.47,-0.49,0.0,0.17,-0.17,0.08,0.61,-0.48,0.23,-0.67,-0.17,-0.11,-0.38,-0.82,0.15,0.17,-0.51,0.18,0.15,-0.05,-0.48,-0.0,0.14,-0.06,-0.15,0.04,0.23,-0.01,-0.17,-0.01,0.12,-0.05,-0.06
0.04,0.07,-2.03,-1.8,-1.46,2.09,0.44,1.17,0.55,-0.3,-1.79,0.17,-0.17,0.0,0.06,0.14,-0.07,-0.63,0.12,-0.54,0.33,-0.39,-0.28,-0.42,-0.09,-0.14,-0.82,-0.01,-0.05,0.27,-0.15,-0.03,-0.05,-0.02,-0.27,0.43,-0.26,-0.1,0.23,0.04,-0.01,-0.01,-0.06
-0.06,0.19,-1.91,-1.4,-1.12,2.19,0.19,0.66,0.58,-0.6,-1.48,0.41,0.1,-0.13,0.02,-0.38,0.5,-0.65,0.36,-0.27,0.11,-0.53,-0.42,-1.01,-0.44,-0.22,-0.22,-0.31,0.28,0.05,-0.51,0.1,0.29,0.13,-0.15,0.42,0.03,0.05,-0.28,-0.09,-0.11,-0.13,-0.08
0.11,-0.14,-1.82,-1.61,-1.19,2.0,0.28,1.16,0.66,-0.13,-1.76,-0.3,-0.16,0.06,0.01,0.46,0.31,-0.7,-0.01,-0.02,-0.07,-0.55,-0.2,-0.51,0.36,-0.26,-0.44,-0.1,0.19,0.07,-0.46,-0.04,-0.19,0.12,-0.11,0.1,-0.03,-0.11,-0.15,0.02,-0.05,-0.05,-0.11
0.01,0.16,-1.95,-1.57,-1.38,2.31,0.63,1.4,0.44,-0.83,-1.12,-0.27,-0.4,-0.1,-0.21,0.3,0.51,-0.76,0.1,0.15,-0.15,-0.03,0.12,-0.56,0.3,-0.19,-0.28,-0.89,-0.12,-0.19,-0.1,-0.14,-0.33,-0.12,-0.38,0.4,-0.2,-0.13,-0.13,-0.04,-0.03,-0.05,0.02
0.02,0.04,-1.83,-1.7,-1.11,2.31,0.6,1.96,0.82,-0.09,-1.76,-0.0,-0.14,0.08,0.07,0.54,0.36,-1.09,0.12,-0.05,-0.48,-0.61,-0.31,-0.37,-0.04,0.02,-0.42,-0.35,-0.12,-0.25,0.2,0.01,0.33,0.09,-0.08,0.2,-0.2,0.06,-0.04,-0.11,-0.02,-0.06,-0.07
-0.07,0.3,-2.26,-1.85,-1.48,2.43,0.9,1.85,0.65,-0.63,-2.55,-0.17,-0.52,-0.17,0.07,-0.12,0.1,-0.35,-0.2,-0.37,0.05,-0.76,-0.38,-0.71,-0.0,-0.27,-0.51,-0.19,0.44,0.2,-0.3,0.05,0.21,-0.41,-0.38,0.15,0.2,0.24,-0.31,-0.34,0.02,0.17,-0.11
0.04,0.15,-1.83,-1.51,-1.09,2.32,0.34,1.6,0.7,-0.12,-2.09,-0.46,-0.14,0.02,-0.22,-0.12,-0.15,-0.45,0.62,-0.72,-0.15,0.28,-0.03,-0.2,0.52,-0.29,-0.33,-0.17,-0.25,-0.05,-0.14,-0.11,0.4,0.07,-0.15,0.16,0.19,-0.05,-0.35,-0.1,0.04,-0.11,0.09
-0.22,0.1,-1.82,-1.92,-1.35,1.44,0.74,1.21,0.7,-0.35,-0.51,0.57,-0.19,0.66,-0.08,-1.03,-0.26,-0.72,0.66,-0.01,0.42,0.06,-0.31,-0.3,0.33,-0.31,-0.72,0.38,-0.44,0.11,-0.16,0.41,0.51,-0.39,-0.12,0.15,0.06,-0.03,-0.04,-0.14,0.01,0.01,-0.01
-0.43,0.25,-1.61,-1.68,-1.93,0.91,1.37,0.58,0.29,-0.07,-0.41,0.66,0.27,0.37,-0.12,-0.81,0.31,-0.64,0.25,0.14,0.18,-0.62,-0.14,0.35,-0.06,-0.27,-0.9,0.53,-0.09,-0.06,0.12,0.39,0.14,0.13,-0.4,-0.12,-0.06,0.15,-0.14,-0.25,-0.14,0.15,-0.1
-0.03,0.11,-2.09,-1.88,-1.56,1.95,0.25,1.67,0.91,-0.16,-1.8,0.27,-0.5,0.13,0.74,-0.49,0.32,-0.51,0.08,0.58,-0.22,-0.51,-0.39,-0.39,-0.04,-0.09,-0.44,0.15,-0.42,-0.2,-0.23,-0.06,0.17,-0.45,-0.32,0.14,-0.0,0.21,-0.11,-0.1,-0.19,-0.11,-0.16
-0.17,0.15,-1.66,-1.16,-1.27,2.04,0.31,1.27,0.82,-0.25,-1.27,-0.22,0.09,-0.02,0.22,0.03,0.13,-0.79,0.46,-0.56,-0.23,-0.71,-0.19,-0.74,-0.03,-0.21,-1.06,-0.46,0.34,0.07,-0.18,0.41,0.6,-0.25,-0.03,0.17,-0.09,0.27,0.0,-0.02,0.02,-0.34,-0.23
0.06,-0.2,-1.45,-0.97,-1.55,2.22,0.82,1.24,0.43,0.25,-1.85,-0.34,-0.04,-0.41,-0.05,0.02,0.14,-0.88,0.01,-0.3,-0.63,-0.44,-0.62,-0.19,0.25,0.17,-0.45,-0.2,-0.14,-0.22,-0.2,0.17,0.27,-0.0,-0.09,-0.05,0.31,-0.02,0.06,-0.07,0.03,-0.11,-0.08
-0.0,-0.05,-2.08,-1.52,-1.39,2.07,0.75,1.12,0.77,-0.55,-1.55,-0.86,-0.61,-0.3,-0.11,-0.01,0.16,-0.32,0.34,-1.01,-0.12,-0.65,-0.52,-0.75,0.2,-0.23,-0.32,-0.29,0.17,0.36,-0.37,-0.04,-0.12,-0.41,-0.13,-0.14,0.14,-0.11,-0.03,-0.17,0.02,-0.1,-0.01
0.06,-0.05,-1.69,-1.46,-1.56,1.74,0.77,1.27,0.44,0.26,-1.72,-0.48,-0.27,-0.12,0.11,-0.16,0.35,-0.27,0.26,-0.08,0.23,-0.17,-0.19,0.18,0.45,-0.39,-0.8,0.13,-0.02,0.21,-0.1,0.04,-0.03,-0.22,-0.04,-0.06,-0.03,0.12,0.29,-0.07,0.13,-0.2,-0.1
0.08,-0.04,-1.88,-1.82,-1.06,2.41,0.15,1.22,0.54,-0.25,-1.71,-0.3,-0.47,0.56,-0.32,-0.27,-0.27,0.04,-0.09,-0.5,0.27,-0.38,-0.42,-0.05,0.35,-0.05,-0.12,0.0,-0.09,0.24,-0.5,-0.04,0.23,-0.07,-0.11,0.11,0.08,0.16,-0.03,-0.18,-0.08,-0.07,0.14
0.06,0.03,-2.15,-1.32,-1.31,2.0,0.51,1.27,0.74,0.05,-1.97,-0.13,0.23,-0.06,0.18,-0.34,-0.31,-0.33,0.04,0.24,-0.45,-0.43,-0.51,-0.48,-0.23,0.07,-0.67,-0.33,0.05,0.05,-0.27,-0.07,-0.16,0.28,-0.43,0.07,0.15,-0.12,-0.07,-0.11,0.06,0.07,-0.17
-0.01,0.22,-1.96,-1.94,-1.45,2.45,0.17,1.02,0.88,-0.51,-1.91,-0.16,-0.06,0.18,0.27,-0.22,-0.23,0.19,-0.45,0.2,0.24,-0.48,-0.14,0.0,0.29,0.02,-0.3,0.14,-0.17,0.16,0.03,0.11,0.22,0.16,-0.06,-0.04,0.46,0.54,0.05,-0.25,0.0,-0.17,0.01
-0.06,0.15,-1.96,-1.81,-1.64,1.67,1.06,1.51,0.36,-0.65,-1.0,-0.07,0.27,0.74,-0.43,-1.06,0.74,-0.33,0.14,0.26,0.2,-0.15,-0.04,-0.4,0.49,0.3,-0.22,0.14,-0.45,-0.13,-0.38,-0.08,-0.16,-0.59,-0.28,0.08,-0.12,0.09,0.1,0.03,0.07,-0.1,0.01
-0.19,0.23,-1.75,-1.38,-1.7,2.27,0.58,1.18,0.88,-0.16,-1.6,0.21,0.18,-0.0,-0.14,-0.1,-0.19,-0.02,0.4,0.23,0.55,-0.66,0.1,0.18,-0.28,0.09,-0.34,0.46,-0.05,0.01,0.04,0.07,0.25,-0.01,-0.4,-0.26,0.4,0.04,0.02,-0.26,-0.09,-0.05,0.03
-0.07,0.13,-1.7,-1.47,-1.37,2.38,0.62,1.04,1.0,-0.34,-1.31,0.32,0.31,-0.25,-0.1,-0.44,-0.08,-0.42,-0.17,0.09,-0.12,0.39,-0.53,-0.01,0.11,-0.05,0.28,-0.1,-0.19,-0.1,-0.08,-0.0,0.13,0.13,-0.1,0.02,-0.26,0.15,-0.2,-0.22,0.11,-0.11,0.21
0.01,0.07,-1.97,-1.97,-1.38,2.17,-0.09,1.24,0.98,-0.25,-1.46,0.35,-0.22,0.22,0.27,-0.19,0.1,-0.39,-0.31,-0.16,-0.1,0.06,0.13,0.05,0.29,-0.11,0.28,0.09,-0.18,-0.06,-0.4,0.2,0.11,0.0,-0.17,-0.02,0.17,0.08,-0.26,-0.23,0.01,0.05,-0.0
-0.1,0.37,-2.05,-1.54,-1.01,2.45,0.17,0.99,0.34,-0.42,-1.46,0.77,-0.11,0.05,-0.26,-0.97,0.04,-0.01,-0.05,0.02,0.75,-0.25,-0.14,0.01,0.31,-0.53,-0.19,0.41,0.15,0.04,0.02,0.19,0.47,-0.14,-0.39,-0.14,0.06,-0.27,-0.11,-0.23,-0.08,0.09,-0.06
-0.27,0.13,-1.74,-1.58,-1.23,2.04,0.37,1.11,0.85,-0.7,-1.48,0.1,0.01,0.12,-0.48,-0.75,-0.07,-0.6,0.33,-0.61,0.71,-0.47,0.2,0.36,0.62,-0.29,-0.01,0.21,0.07,-0.18,0.07,0.49,0.22,0.11,-0.07,-0.11,0.27,0.24,0.22,-0.2,0.26,-0.09,0.1
-0.2,0.33,-2.07,-1.89,-1.33,2.11,1.03,0.62,0.8,0.06,-1.34,-0.07,0.15,0.29,-0.77,-0.92,0.44,0.55,-0.24,-0.33,0.31,0.07,0.28,0.21,0.83,-0.27,-0.47,0.99,-0.34,-0.06,0.16,0.15,0.0,-0.04,0.08,-0.29,0.24,-0.34,0.14,-0.06,0.06,0.04,0.01
-0.07,0.41,-1.84,-1.4,-1.51,2.34,1.36,1.28,1.18,-0.2,-1.35,-0.06,-0.34,-0.11,-0.21,-0.79,0.58,-0.37,-0.88,-0.59,0.05,-0.67,0.24,-0.35,0.45,0.06,-0.24,-0.06,-0.37,0.19,-0.16,0.0,0.2,-0.6,-0.3,-0.03,0.43,-0.14,-0.06,-0.17,0.2,-0.13,-0.02
-0.13,-0.05,-2.21,-1.64,-1.61,2.29,0.95,1.05,0.59,0.03,-1.56,-0.02,-0.04,-0.11,0.4,-0.42,0.23,-0.34,-0.58,-0.07,0.38,-0.47,0.34,0.36,0.83,-0.39,-0.36,0.07,-0.26,0.05,-0.05,0.02,0.04,0.06,-0.21,-0.05,0.01,-0.07,-0.11,-0.24,0.02,0.13,0.03
-0.16,0.18,-1.83,-1.84,-1.35,2.05,0.92,0.57,0.97,-0.47,-1.75,0.15,0.16,-0.52,0.51,-0.31,-0.15,-0.39,0.14,0.15,0.14,0.34,0.03,-0.41,0.5,0.82,0.2,0.56,0.18,0.47,0.08,0.21,0.4,0.2,-0.08,-0.48,-0.26,0.14,0.22,0.0,0.19,-0.04,0.12
-0.04,0.18,-1.86,-1.63,-1.1,2.25,0.73,1.07,1.08,-0.44,-1.48,-0.13,-0.43,-0.1,-0.22,-0.24,0.27,-0.37,0.12,-0.65,0.19,-0.35,0.3,-0.55,0.57,0.04,-0.18,0.31,-0.11,-0.12,0.06,-0.32,-0.16,-0.35,-0.05,0.3,0.04,0.22,0.02,-0.35,-0.08,-0.15,0.0
-0.12,0.07,-2.0,-1.48,-1.42,1.79,0.55,0.16,0.2,-0.7,-1.95,0.23,0.54,-0.35,-0.31,-0.3,0.53,-0.25,-1.0,-0.71,0.82,-0.16,-0.28,-0.37,0.64,0.18,-0.45,0.05,-0.45,0.06,-0.05,0.12,0.04,0.18,-0.37,-0.16,-0.13,0.06,-0.1,-0.35,0.19,0.16,-0.11
-0.18,0.42,-1.87,-1.87,-1.62,2.21,0.15,1.31,0.96,0.05,-1.65,-0.27,-0.19,0.34,0.18,0.08,0.39,-0.12,0.24,-0.86,0.3,0.52,-0.27,0.14,0.57,-0.41,0.01,0.56,0.32,-0.22,-0.39,0.16,0.22,0.09,0.06,0.16,0.28,0.1,-0.16,-0.31,0.0,-0.25,0.06
-0.06,0.3,-2.04,-2.05,-1.05,2.39,0.44,0.97,0.93,0.03,-1.74,0.18,-0.08,0.04,0.05,-0.41,0.19,0.16,0.6,-0.83,0.1,-0.18,-0.08,-0.01,0.54,-0.18,-0.29,0.28,0.08,0.01,0.13,0.14,-0.05,0.36,-0.43,-0.27,0.25,-0.45,-0.03,-0.22,-0.08,0.15,-0.12
0.05,-0.17,-1.9,-1.43,-1.02,2.47,0.56,1.62,0.85,-0.59,-2.36,-0.82,-0.89,-0.14,0.63,-0.21,-0.3,-0.11,0.37,-0.39,0.19,-0.16,-0.14,-0.33,0.27,0.15,-0.38,0.29,0.11,0.03,-0.02,0.1,0.11,-0.06,0.5,-0.16,0.6,-0.16,0.03,-0.11,-0.01,-0.26,0.15
-0.03,0.2,-1.89,-1.4,-1.21,2.42,0.36,1.37,0.74,-0.46,-1.35,-0.06,-0.37,-0.31,0.21,-0.1,0.36,-0.68,0.31,-0.54,0.76,0.18,0.2,0.02,-0.04,-0.5,0.11,0.77,0.08,0.29,-0.36,0.14,0.02,-0.12,-0.17,0.08,-0.1,-0.0,0.03,0.04,-0.02,-0.18,0.0
0.1,-0.25,-1.74,-1.58,-1.07,2.24,0.14,1.16,0.91,-0.36,-2.3,0.08,-0.5,0.23,-0.15,0.28,0.71,-0.1,-0.14,-0.29,0.3,0.09,-0.35,-0.13,0.12,-0.19,-0.01,0.21,-0.05,-0.06,-0.12,0.42,0.11,-0.17,-0.06,-0.14,-0.16,0.12,0.12,-0.1,0.05,-0.07,-0.0
-0.0,0.23,-2.05,-1.89,-1.49,2.17,0.51,1.68,1.2,-0.36,-1.92,-0.48,-0.05,0.71,-0.35,0.03,0.07,0.48,0.56,-0.96,0.3,-0.66,0.01,-0.59,0.33,0.07,-0.89,0.38,0.46,0.04,-0.23,0.13,-0.11,0.24,-0.05,-0.06,0.48,0.13,0.24,-0.24,0.07,-0.07,-0.04
0.0,-0.06,-2.01,-1.64,-1.11,1.63,0.15,0.58,1.15,-0.37,-1.49,-0.25,0.44,0.08,0.11,-0.06,0.23,-0.29,0.02,0.4,0.06,-0.62,-0.3,-0.29,-0.01,-0.33,-0.09,0.45,0.07,0.04,-0.33,0.04,-0.08,0.25,0.06,-0.33,0.18,-0.01,-0.08,-0.3,-0.17,-0.18,0.02
-0.14,0.11,-1.99,-1.82,-1.44,2.32,0.15,1.3,1.69,0.26,-1.51,-0.0,-0.92,0.37,0.74,-0.59,0.0,0.57,-0.28,0.53,-0.64,-0.53,-0.13,-0.2,-0.18,-0.16,-0.34,0.17,-0.06,0.04,-0.33,-0.3,0.31,0.04,-0.39,-0.33,0.37,-0.12,-0.06,-0.02,-0.07,-0.09,0.04
-0.04,0.14,-1.98,-1.61,-1.32,2.27,1.16,1.46,0.64,-0.14,-1.28,0.28,-0.28,-0.05,0.08,-0.68,-0.33,-0.34,0.63,-0.01,-0.19,-0.04,0.25,-0.22,0.7,0.36,-0.09,0.23,0.01,-0.39,0.09,-0.09,0.32,-0.21,-0.27,-0.32,0.11,-0.56,-0.09,0.03,-0.07,-0.04,-0.13
-0.12,0.05,-1.96,-1.63,-1.43,2.22,0.23,1.01,0.86,-0.01,-1.89,0.11,-0.51,0.09,0.44,-0.41,0.38,0.19,-0.18,-0.37,0.49,-0.34,-0.16,-0.42,0.37,-0.3,-0.33,0.61,-0.03,-0.15,-0.51,-0.01,-0.05,-0.09,0.36,-0.25,0.03,-0.18,-0.27,0.01,-0.17,-0.29,-0.03
-0.27,0.4,-1.82,-1.0,-2.02,1.56,0.67,0.5,0.82,-0.58,-1.5,0.1,0.3,-0.28,-0.11,-0.29,0.47,-0.05,-0.53,-0.47,0.68,-0.29,0.39,-0.29,0.3,-0.74,-0.08,-0.13,-0.35,0.35,0.06,0.55,0.12,-0.13,-0.06,-0.15,0.27,-0.5,-0.31,-0.02,0.11,0.16,0.13
-0.36,0.12,-2.09,-0.69,-2.4,1.99,0.64,0.26,0.25,0.88,-0.12,0.08,0.23,-0.06,0.2,-0.75,0.52,0.23,0.4,0.15,0.33,-0.06,0.51,0.24,0.1,-0.23,-0.23,0.33,0.14,-0.35,-0.13,0.28,-0.1,0.1,-0.03,0.34,0.09,-0.31,0.03,0.09,-0.08,-0.19,-0.16
-0.32,0.3,-1.8,-0.77,-1.82,2.05,0.95,0.94,0.46,-0.36,-0.56,0.18,-0.07,-0.3,-0.11,-0.84,0.74,0.22,0.35,-0.29,0.23,-0.68,-0.35,-0.33,-0.22,-0.04,-0.23,0.23,0.25,-0.1,0.01,0.48,0.13,0.06,0.25,0.34,0.32,0.15,-0.03,0.18,-0.19,-0.3,0.07
-0.25,0.44,-2.06,-1.04,-2.5,2.22,0.47,0.78,1.2,0.48,-0.7,-0.03,0.06,-0.02,0.19,-0.57,-0.48,-0.23,0.64,0.27,0.03,0.07,0.49,-0.06,1.08,0.4,-0.32,0.58,0.33,-0.25,-0.24,-0.02,-0.11,-0.14,0.14,-0.06,0.41,-0.36,0.08,0.15,-0.11,0.01,0.02
-0.22,0.26,-1.84,-1.06,-1.86,1.91,0.74,0.71,0.74,0.05,-0.99,0.37,-0.23,0.04,0.11,-1.04,0.33,0.1,0.42,0.47,0.12,0.11,0.58,-0.28,0.54,-0.05,-0.43,0.11,-0.53,0.39,-0.04,0.18,-0.15,0.14,-0.01,0.25,-0.02,-0.16,-0.05,0.15,-0.14,-0.15,0.06
-0.26,0.17,-2.07,-2.0,-1.31,1.84,0.32,0.77,0.69,-0.42,-1.22,0.35,0.25,-0.01,0.09,-0.75,0.79,0.06,0.13,-0.96,0.44,-0.22,0.24,-0.49,0.72,-0.38,-0.1,0.33,0.18,0.17,-0.38,0.04,-0.21,-0.33,-0.55,-0.02,0.08,-0.17,0.05,0.28,-0.02,0.17,0.06
0.02,0.13,-1.55,-0.86,-1.61,2.37,0.25,0.68,0.91,-0.35,-1.71,0.13,-0.24,-0.31,-0.09,-0.7,0.36,0.12,0.56,-0.39,-0.14,0.37,-0.05,-0.57,0.04,-0.21,-0.15,-0.17,0.41,0.43,-0.26,0.05,-0.18,-0.24,-0.13,-0.02,-0.01,-0.18,0.1,0.26,-0.09,0.04,0.31
-0.14,0.2,-1.84,-0.78,-1.8,1.93,0.69,1.05,0.96,-0.07,-1.08,0.32,-0.57,-0.18,-0.24,-0.44,-0.04,-0.8,0.99,-0.13,-0.65,0.23,0.28,-0.52,-0.27,0.04,-0.16,0.06,0.08,0.36,-0.04,0.34,0.34,0.0,0.08,-0.15,0.06,0.14,0.12,-0.0,0.02,-0.12,0.21
-0.04,0.16,-2.05,-0.87,-1.98,2.23,0.73,0.8,1.0,-0.12,-1.58,0.11,0.17,-0.27,-0.11,-0.72,0.5,0.01,0.67,-0.36,0.19,0.47,-0.09,-0.36,0.15,-0.13,-0.05,0.52,0.04,0.03,-0.03,0.22,0.09,-0.57,-0.53,0.28,-0.14,-0.11,-0.15,-0.16,-0.0,0.03,0.15
-0.26,0.13,-1.68,-0.84,-1.86,2.05,0.59,0.94,-0.08,0.39,-1.04,1.02,-0.02,0.17,-0.76,-0.68,0.19,-0.5,0.15,-0.51,0.31,-0.28,0.12,-0.66,-0.13,-0.19,-0.53,-0.14,-0.23,-0.17,0.27,0.26,-0.06,0.15,-0.25,-0.03,0.17,-0.26,0.39,0.1,-0.02,0.12,0.08
-0.15,0.59,-1.76,-1.11,-1.8,2.19,1.07,1.05,0.52,-0.72,-1.12,0.46,-0.06,-0.19,-0.13,-0.58,-0.03,-0.71,0.74,-0.25,-0.2,0.45,-0.48,-0.2,-0.01,-0.09,-0.1,0.42,-0.02,0.23,0.12,-0.15,-0.02,0.22,0.14,-0.02,0.15,0.15,0.12,0.05,-0.22,-0.01,0.27
-0.24,0.26,-1.65,-0.59,-1.67,1.69,1.32,0.47,1.16,-1.19,-0.64,0.91,-0.19,-0.28,-0.36,-0.91,0.56,-0.84,0.46,-0.17,0.58,0.03,-0.05,-0.55,0.23,-0.31,0.08,0.16,-0.06,0.01,0.27,0.51,0.17,-0.33,-0.22,-0.21,-0.04,-0.14,-0.07,-0.04,-0.18,0.1,0.16
-0.48,0.59,-1.78,-0.58,-2.26,2.32,0.59,0.62,0.61,0.12,0.1,0.43,-0.65,-0.16,0.07,-1.16,1.36,0.17,-0.02,-0.8,0.71,0.15,0.34,-0.62,-0.01,-0.85,-0.33,-0.68,-0.3,-0.2,0.18,0.36,-0.33,-0.42,-0.35,-0.19,-0.02,-0.09,-0.07,0.01,-0.1,0.14,-0.15
-0.27,0.3,-1.93,-1.01,-1.98,2.0,0.99,0.73,0.92,-0.2,-0.32,0.54,0.18,-0.5,0.09,-0.99,0.62,0.0,0.36,-0.12,0.22,-0.15,0.3,-0.33,0.13,-0.26,-0.05,0.74,-0.09,-0.12,0.24,0.47,0.05,0.02,-0.2,-0.21,0.26,-0.7,0.03,0.22,0.18,0.02,-0.01
-0.29,0.32,-2.2,-0.85,-1.95,2.15,1.69,0.46,0.24,-0.3,-0.65,0.15,0.28,0.35,-0.36,-0.97,0.39,-0.08,0.27,-0.63,0.54,-0.29,0.25,-0.53,0.32,0.1,-0.33,0.69,-0.18,-0.28,0.04,0.47,-0.21,-0.21,-0.09,-0.12,0.34,-0.25,0.16,-0.12,0.05,-0.07,0.02
-0.24,0.45,-1.9,-0.64,-1.86,2.88,0.83,1.05,0.7,-0.72,-1.13,0.54,-0.36,-0.07,-0.03,-0.89,1.18,0.24,0.35,-0.22,0.58,-0.07,0.07,-0.28,0.34,-0.27,-0.21,0.23,-0.19,-0.33,-0.09,0.11,-0.15,-0.42,-0.02,0.15,0.01,0.02,-0.04,-0.18,0.02,0.03,0.1
-0.18,0.41,-1.94,-1.13,-2.27,1.93,0.66,0.67,0.71,-0.03,-0.95,0.49,-0.26,-0.33,-0.46,-0.98,0.48,-0.53,-0.33,0.41,-0.17,-0.09,0.22,-0.36,-0.01,-0.38,-0.58,0.15,-0.19,-0.34,-0.44,-0.05,-0.01,-0.23,-0.38,-0.05,-0.06,-0.08,-0.1,-0.21,0.14,-0.0,-0.09
-0.18,0.6,-2.11,-1.27,-1.98,3.22,1.25,1.2,0.6,0.12,-1.36,0.49,-0.37,-0.39,-0.13,-0.73,0.23,0.02,-0.39,-0.6,0.09,-0.47,0.26,-0.46,0.43,-0.21,-0.45,0.13,-0.51,-0.22,0.39,-0.01,-0.04,0.19,-0.03,-0.08,0.03,-0.07,0.01,-0.21,-0.04,0.09,0.06
-0.16,0.31,-2.04,-1.03,-2.14,2.31,0.77,1.05,0.47,-0.09,-1.06,0.09,-0.34,-0.11,0.56,-0.54,1.19,-0.0,0.55,-0.5,-0.4,0.67,0.14,-0.34,-0.05,-0.25,-0.07,0.31,0.19,-0.29,-0.06,0.3,-0.17,0.01,0.28,-0.29,-0.05,-0.07,0.13,-0.04,-0.03,-0.04,0.09
-0.14,0.65,-2.28,-1.11,-2.38,2.68,0.83,1.36,0.44,-0.05,-1.35,-0.21,-0.51,-0.21,-0.08,-0.27,0.35,-0.7,-0.4,-0.51,-0.1,-0.28,0.69,-0.26,0.5,-0.22,-0.46,0.36,-0.43,0.04,0.26,0.17,-0.17,0.22,-0.43,-0.09,0.12,-0.0,0.08,-0.38,0.03,0.02,-0.13
-0.18,0.43,-2.11,-1.26,-1.64,2.31,0.79,0.54,1.44,-0.1,-1.15,0.13,-0.42,-0.05,0.23,-0.68,0.79,0.02,0.23,-0.3,0.24,-0.16,0.3,-0.26,0.44,-0.04,-0.98,0.46,-0.04,-0.07,-0.03,0.04,0.07,-0.32,-0.25,-0.16,0.02,-0.08,0.02,-0.19,0.04,0.05,0.11
-0.03,0.28,-1.99,-1.24,-1.8,2.58,0.45,0.49,0.89,-0.25,-1.55,0.12,-0.02,0.51,0.38,-0.04,0.92,-0.06,0.18,-0.75,0.19,0.28,0.51,-0.12,0.3,-0.12,-0.58,0.66,-0.31,-0.24,-0.14,0.04,0.13,-0.36,0.0,-0.05,-0.06,0.21,-0.02,-0.06,0.13,-0.12,-0.13
-0.08,0.27,-1.85,-0.86,-2.06,2.34,0.18,0.53,1.22,0.04,-1.21,-0.35,0.02,0.39,0.75,-0.43,1.59,0.88,0.55,-0.94,0.55,-0.26,-0.35,0.01,0.57,-0.18,-0.66,0.55,0.08,-0.33,0.06,-0.19,-0.22,-0.17,0.02,-0.0,0.05,0.04,-0.14,-0.06,0.06,0.08,0.19
0.02,0.19,-1.69,-0.76,-1.78,2.56,0.52,0.45,0.96,-0.83,-1.34,0.29,-0.17,-0.02,0.48,-0.42,0.68,-0.01,0.65,-0.45,0.24,0.14,0.41,-0.3,0.3,-0.67,-0.59,-0.18,0.33,0.52,-0.3,-0.06,0.12,0.41,-0.15,-0.13,-0.07,0.08,0.13,-0.08,0.03,0.01,0.1
-0.16,0.14,-1.87,-0.73,-1.73,2.17,0.52,0.43,0.66,0.23,-0.87,0.34,-0.27,-0.44,0.44,0.05,0.34,-0.12,0.73,-0.84,0.01,0.09,0.3,-0.26,0.67,-0.4,-0.07,0.31,-0.06,0.07,-0.35,0.37,0.28,-0.29,-0.41,-0.15,0.31,0.07,-0.08,-0.1,0.21,-0.05,0.18
-0.07,0.29,-1.93,-1.07,-1.64,2.6,0.55,1.0,0.67,-0.43,-1.11,-0.06,-0.15,-0.63,0.59,0.04,0.03,-0.98,0.2,-0.74,-0.05,0.35,0.41,0.15,0.93,-0.31,0.01,0.42,-0.25,-0.17,0.12,0.1,0.17,-0.01,-0.29,0.01,0.2,-0.21,-0.16,-0.15,0.01,0.1,0.2
-0.14,0.28,-1.63,-0.76,-2.03,1.57,0.5,0.08,1.13,-0.27,-0.44,0.06,-0.06,-0.38,0.07,-0.46,0.28,0.11,0.37,-0.82,0.54,0.08,0.6,-0.23,0.95,-0.42,-0.37,0.17,0.16,0.11,-0.11,0.31,0.12,-0.3,-0.46,-0.17,0.27,-0.03,-0.01,0.09,0.04,0.09,0.17
-0.13,0.52,-1.48,-1.01,-1.61,2.46,0.9,0.31,1.23,-0.49,-0.91,0.25,0.26,-0.4,0.26,0.1,0.08,-0.63,-0.05,-0.81,0.23,0.27,0.38,0.19,0.13,-0.78,-0.21,0.61,0.26,-0.26,0.26,0.3,0.26,0.16,-0.05,-0.15,-0.06,-0.18,-0.16,0.04,-0.22,0.04,0.12
-0.34,0.19,-1.62,-0.54,-2.29,1.49,0.7,-0.27,0.37,-0.23,-0.03,0.51,0.21,-0.67,0.05,-0.56,-0.05,-0.35,0.51,-0.39,0.25,0.43,0.12,0.19,-0.1,-0.57,0.1,0.42,0.17,0.19,-0.25,0.46,0.12,0.06,0.01,-0.19,-0.16,-0.26,-0.04,-0.02,0.04,0.07,0.1
0.02,0.52,-1.75,-0.41,-2.05,2.96,0.17,0.77,0.93,-0.59,-1.5,0.59,-0.03,-0.03,-0.08,-0.31,0.26,-0.07,0.22,-0.6,-0.09,-0.03,-0.4,-0.59,0.1,-0.16,-0.5,-0.25,0.33,0.74,-0.05,0.19,0.4,0.11,-0.12,-0.11,-0.18,-0.1,0.04,-0.31,-0.04,0.05,0.2
-0.18,0.12,-1.91,-0.54,-2.13,2.39,0.67,0.29,0.47,-0.15,-0.28,0.36,0.1,-0.51,-0.24,-0.75,0.21,0.07,0.42,-1.09,0.57,0.18,-0.92,-0.17,0.06,-0.44,-0.22,-0.23,0.03,0.86,-0.23,0.5,0.05,0.28,-0.47,0.01,0.15,-0.33,-0.05,0.22,0.1,0.13,-0.0
-0.19,0.3,-1.91,-0.71,-1.73,2.74,0.76,0.89,1.37,-0.1,-0.91,0.38,-0.16,0.21,-0.04,-0.77,0.52,-0.44,0.56,-0.61,0.4,0.12,-0.09,-0.61,-0.1,0.01,-0.88,0.31,0.2,0.38,-0.22,0.16,-0.04,0.4,0.22,0.27,-0.36,0.44,-0.06,0.17,0.01,-0.15,-0.18
-0.04,0.68,-1.83,-0.43,-2.15,2.35,0.54,0.54,0.71,-0.15,-1.01,-0.38,0.16,-0.21,-0.11,-0.55,0.69,-0.16,0.49,-0.79,0.18,-0.29,-0.18,-0.64,0.05,-0.0,-1.26,0.34,0.25,0.15,-0.23,0.21,-0.0,-0.31,-0.29,-0.03,0.29,-0.39,0.13,-0.12,0.04,-0.05,-0.15
-0.3,0.53,-2.09,-0.59,-1.74,2.49,0.53,0.67,0.89,-0.22,-0.62,0.6,0.81,0.03,0.1,-0.33,0.51,0.27,0.05,-0.32,0.44,-0.82,0.3,0.01,-0.0,-0.35,-0.33,0.01,-0.15,-0.03,0.2,0.58,-0.09,-0.09,-0.36,-0.25,0.06,-0.13,0.03,0.26,-0.12,0.19,0.09
-0.37,0.33,-1.67,-0.53,-1.76,1.93,1.27,0.41,0.7,-0.6,-0.03,0.21,0.75,0.1,0.02,-0.68,0.89,-0.19,-0.39,-0.59,0.41,-0.3,0.37,-0.19,0.46,-0.28,-1.07,0.49,-0.58,-0.26,0.07,0.3,-0.13,-0.02,-0.07,-0.07,-0.09,0.01,0.1,0.15,-0.01,0.11,0.03
-0.25,0.54,-1.93,-0.88,-2.18,2.63,0.99,0.63,1.18,-0.13,-1.02,-0.59,0.12,-0.31,-0.29,-0.79,0.35,0.32,-0.19,-0.83,1.27,-0.24,0.14,-0.28,0.5,-0.01,-0.34,0.15,-0.17,-0.03,0.02,0.15,0.11,-0.02,0.01,-0.3,0.45,-0.08,-0.12,0.11,0.04,-0.0,0.09
-0.32,0.45,-1.89,-1.17,-1.98,1.88,1.65,0.16,0.81,-0.05,0.17,-0.32,-0.18,-0.25,-0.44,0.17,0.88,-0.32,-0.01,-0.25,0.2,0.6,0.26,-0.51,0.8,0.52,0.0,0.42,-0.19,0.5,0.61,0.55,-0.49,0.05,0.34,-0.34,-0.21,-0.38,-0.12,-0.02,-0.0,0.08,0.13
-0.28,0.28,-1.86,-0.86,-1.89,2.09,0.82,0.45,0.67,0.09,-0.08,0.1,0.1,-0.25,0.1,0.26,0.28,-0.47,0.61,0.05,0.14,-0.45,0.84,-0.43,0.45,-0.23,-0.02,0.25,-0.16,0.14,-0.08,0.34,-0.17,-0.04,0.42,-0.12,0.03,-0.14,-0.02,0.19,-0.02,-0.11,0.04
-0.43,0.38,-1.6,-0.38,-1.76,1.66,0.59,0.17,0.77,-0.08,-0.16,0.61,0.21,0.07,0.14,-0.38,0.57,-0.38,0.56,0.22,0.17,-0.43,0.16,-0.71,0.17,-0.33,-0.47,0.15,-0.07,0.01,0.09,0.52,-0.14,-0.33,0.01,-0.26,0.02,-0.18,-0.02,0.22,-0.12,0.07,0.01
-0.49,0.39,-1.64,-0.52,-2.0,2.39,1.01,0.19,0.34,-0.15,-0.03,-0.05,0.01,-0.08,-0.03,-0.54,0.49,0.64,-0.45,-0.72,0.39,-0.33,-0.21,-0.33,0.62,0.09,-1.07,0.56,0.06,-0.33,0.32,0.0,-0.24,0.41,-0.3,-0.19,0.05,-0.01,-0.11,0.15,-0.18,0.23,-0.16
-0.28,0.71,-2.01,-0.9,-2.1,1.89,1.72,0.1,0.68,-0.77,-0.86,-0.47,-0.14,0.3,-0.02,-0.32,0.36,-0.7,-0.29,-0.18,1.19,-0.31,0.18,-0.41,0.57,-0.24,-0.42,0.54,0.1,0.39,0.18,0.2,-0.17,0.61,0.16,-0.53,0.53,-0.28,0.06,0.05,0.07,0.22,-0.03
-0.31,0.54,-1.76,-0.51,-1.23,2.68,0.86,0.11,0.71,-0.6,-1.16,-0.04,-0.28,-0.19,0.36,-0.09,0.19,-0.09,-1.24,-0.68,1.08,-0.42,0.38,-0.01,0.35,-0.01,-0.42,0.35,0.48,0.27,-0.12,-0.02,0.19,0.31,0.31,-0.25,0.07,-0.08,-0.02,0.01,-0.06,0.1,-0.17
-0.43,0.51,-1.83,-1.08,-1.94,2.33,1.39,0.39,0.35,-0.13,-0.14,0.21,-0.24,-0.16,-0.17,-0.02,0.68,-0.14,-0.18,0.36,0.78,-0.16,-0.29,0.09,-0.47,-0.11,-0.34,0.32,-0.19,-0.31,0.04,0.71,-0.28,-0.27,0.13,-0.17,0.43,-0.43,0.01,0.19,-0.07,-0.19,-0.24
-0.2,0.42,-2.09,-0.64,-2.14,2.43,0.76,1.03,0.78,-0.56,-1.5,-0.51,0.05,-0.04,-0.0,-0.12,0.03,-0.47,-0.52,-0.3,0.75,0.26,0.22,-0.23,0.15,-0.45,-0.25,0.87,0.13,-0.27,-0.32,0.43,0.27,0.01,-0.26,-0.31,-0.04,0.11,0.14,0.2,0.22,-0.06,0.19
-0.25,0.54,-1.76,-0.82,-1.68,2.67,0.79,0.51,0.88,-0.53,-0.5,0.42,-0.32,-0.06,0.16,-0.09,1.42,0.38,0.54,-0.49,0.56,0.67,-0.47,0.18,0.01,-0.14,0.23,0.35,-0.36,-0.11,0.28,0.54,0.16,0.14,0.19,-0.17,-0.03,-0.0,-0.14,0.11,0.13,0.04,0.14
-0.12,0.28,-2.07,-0.79,-2.13,2.56,1.24,0.26,0.99,-0.31,-0.2,-0.19,-0.59,-0.08,0.23,-0.64,-0.36,-0.48,0.73,-0.53,0.79,0.13,0.12,-0.12,0.63,-0.09,0.06,0.45,-0.29,-0.12,0.27,0.06,0.03,0.33,0.11,0.04,0.17,0.19,-0.12,-0.0,-0.04,0.12,0.18
-0.42,0.29,-2.18,-1.23,-2.51,1.83,0.6,0.37,0.34,-0.03,-0.06,0.32,-0.35,-0.37,-0.19,-0.2,1.1,0.68,0.22,-0.03,0.84,0.4,-0.14,0.39,0.02,-0.34,-0.01,0.46,-0.43,-0.17,-0.02,0.37,-0.26,0.18,0.13,-0.01,0.17,-0.2,-0.03,0.13,-0.05,0.04,0.08
-0.37,0.51,-1.88,-0.6,-2.2,2.39,0.68,0.56,0.73,0.68,-0.52,0.28,-0.08,-0.64,-0.23,-0.75,0.4,0.18,-1.03,-0.83,1.15,0.31,0.23,-0.32,0.57,-0.86,0.13,0.5,-0.09,-0.16,0.16,0.58,-0.16,0.19,-0.2,-0.1,-0.29,-0.15,-0.28,0.24,0.13,0.12,0.13
-0.41,0.52,-1.9,-0.95,-2.02,2.27,1.21,0.32,0.75,0.29,0.33,0.25,0.68,-0.45,-0.33,-0.41,-0.03,0.28,0.27,-0.53,0.35,-0.05,-0.08,-0.37,0.3,0.02,0.26,0.52,0.03,0.12,-0.06,0.09,0.08,-0.08,0.11,-0.47,0.15,-0.37,0.1,0.29,0.08,0.16,-0.01
-0.44,0.4,-1.71,-1.12,-1.79,1.66,1.58,-0.16,0.53,-0.72,0.36,0.82,0.09,-0.32,0.04,-0.96,0.49,-0.18,-0.02,-0.3,1.36,-0.33,-0.16,-0.23,0.23,-0.42,-0.08,0.87,-0.07,-0.11,-0.04,0.5,-0.26,0.19,0.21,-0.19,-0.09,-0.1,-0.04,-0.02,0.15,0.11,0.0
-0.38,0.7,-2.01,-1.02,-2.0,2.44,1.18,0.61,0.36,-0.42,0.23,0.01,-0.13,0.2,-0.39,-1.13,0.11,0.23,0.73,-0.68,1.08,0.2,-0.04,0.28,-0.21,-0.22,-0.41,0.48,-0.43,0.27,0.43,0.68,-0.08,-0.02,-0.23,0.11,0.17,-0.35,-0.08,0.14,-0.06,0.22,0.05
-0.49,0.38,-1.68,-0.96,-1.82,2.23,1.07,0.8,1.28,0.56,0.52,0.31,-0.44,-0.24,0.72,-1.07,1.09,-0.03,0.5,0.37,1.18,-0.03,0.35,-0.21,-0.37,-0.37,-0.78,0.75,0.12,-0.41,-0.16,0.44,-0.04,0.03,-0.26,0.23,0.02,-0.05,-0.27,0.13,-0.01,0.15,-0.09
-0.39,0.63,-1.84,-0.92,-2.18,2.15,1.22,0.33,0.76,0.15,-0.01,-0.35,-0.36,0.02,-0.13,-0.34,1.05,-0.36,0.99,-0.33,0.67,0.15,0.95,0.26,0.29,-0.8,-0.78,0.48,-0.33,-0.34,0.28,0.84,-0.11,0.3,0.07,0.32,-0.29,0.06,-0.11,0.2,-0.09,0.08,-0.04
-0.34,0.48,-1.87,-1.51,-2.07,2.46,1.03,0.62,0.77,0.95,-0.15,-0.68,0.23,0.1,-0.66,-0.7,0.25,0.04,0.75,-0.29,0.89,0.37,0.74,0.22,0.78,-0.26,-0.8,0.66,-0.45,-0.13,-0.1,0.26,-0.16,0.18,-0.01,-0.07,-0.04,-0.17,0.11,0.11,0.13,0.12,-0.21
-0.19,0.21,-1.55,-1.26,-1.89,2.31,0.16,0.22,0.55,0.41,-0.62,0.21,0.75,-0.32,-0.77,-0.13,0.36,-0.63,0.7,-0.09,0.52,0.16,0.6,0.36,0.66,-0.04,-0.11,0.28,-0.18,0.28,-0.04,0.14,-0.14,-0.06,-0.47,0.23,0.43,-0.45,0.11,0.2,0.06,0.04,-0.12
-0.38,0.52,-1.79,-1.2,-2.17,2.44,0.69,0.39,0.43,0.45,0.3,0.52,0.42,0.01,0.03,-0.83,0.26,-0.34,-0.66,0.31,0.78,-0.19,0.23,0.23,0.79,-0.75,-0.17,0.01,-0.06,0.01,0.17,0.11,-0.45,-0.02,-0.16,0.18,0.55,-0.56,0.33,0.3,0.08,0.05,-0.03
-0.45,0.24,-1.47,-1.26,-1.74,2.07,0.76,0.42,0.21,0.38,-0.45,0.56,-0.15,-0.59,0.65,-0.93,0.78,0.3,-0.49,0.06,0.31,0.23,0.01,0.36,-0.09,-0.7,-0.79,0.28,-0.12,0.09,-0.23,0.34,-0.4,-0.27,-0.37,-0.03,0.09,-0.48,-0.0,0.28,0.05,0.06,-0.15
-0.28,0.36,-1.58,-0.88,-1.6,2.58,0.68,0.36,0.7,0.11,-0.47,0.42,-0.03,-0.4,0.41,-0.35,-0.18,-0.57,0.22,-0.4,0.42,0.23,0.07,-0.23,-0.04,-0.56,-0.24,0.56,-0.02,0.09,-0.38,0.17,0.51,-0.04,0.31,-0.0,-0.22,-0.04,-0.27,0.35,0.06,0.09,0.03
-0.47,0.31,-1.73,-0.86,-1.92,1.79,1.09,0.75,0.62,-0.1,-0.01,0.56,0.36,-0.17,-0.14,-1.05,0.5,-0.09,0.28,0.53,0.25,-0.14,-0.14,-0.06,-0.37,-0.08,0.22,0.13,-0.11,0.14,-0.17,0.51,0.07,0.09,-0.06,-0.1,-0.21,0.1,0.08,0.26,-0.02,-0.06,-0.08
-0.42,0.2,-1.75,-0.94,-1.74,1.72,0.96,-0.06,0.48,-0.27,0.28,0.47,0.58,-0.21,-0.07,-0.77,0.37,-0.07,-0.4,-0.6,0.39,-0.4,-0.26,-0.7,-0.12,-0.5,-0.78,0.91,-0.04,0.27,-0.42,0.54,-0.59,0.11,-0.06,-0.31,-0.0,-0.09,0.2,0.01,0.27,0.06,-0.16
-0.19,0.17,-1.94,-0.51,-2.1,2.91,0.67,0.64,0.76,0.37,-0.48,0.23,0.29,-0.59,0.09,-0.38,0.67,0.44,0.76,-0.73,-0.12,0.53,0.03,-0.29,0.25,-0.1,0.12,0.13,-0.09,0.34,-0.16,0.34,-0.36,0.19,0.07,0.31,0.18,-0.25,0.04,0.23,-0.03,0.11,0.11
-0.28,0.28,-2.01,-0.75,-2.08,2.41,1.1,0.2,0.75,-0.15,-0.79,0.36,-0.11,0.1,0.25,-0.87,0.6,0.31,0.05,0.56,0.2,0.16,-0.04,0.23,0.53,0.11,-0.76,0.38,-0.04,0.18,0.0,0.14,-0.17,0.06,-0.08,-0.1,0.32,-0.22,0.47,-0.17,0.13,-0.13,0.08
-0.25,0.27,-1.5,-0.53,-2.28,1.76,1.13,0.59,0.4,-0.36,-0.67,0.64,-0.22,-0.34,-0.85,-0.67,1.12,0.17,-0.17,0.15,-0.26,-0.41,0.18,-0.48,0.49,-0.49,-0.34,0.51,-0.08,-0.33,0.04,0.29,-0.2,0.19,0.44,0.08,-0.38,0.6,-0.27,-0.23,0.01,-0.03,0.08
-0.43,0.21,-1.75,-0.63,-2.12,1.54,1.09,0.51,0.3,-0.25,0.13,0.78,0.41,0.05,-0.2,-0.09,1.41,-0.05,-0.24,0.8,0.37,-0.45,0.49,-0.8,-0.16,0.01,-0.33,0.43,0.06,-0.44,0.29,0.48,0.05,0.03,-0.0,0.03,-0.0,0.04,0.1,-0.1,-0.06,-0.18,-0.25
-0.47,0.41,-1.45,-1.06,-1.58,1.12,1.38,0.57,0.8,-0.9,0.12,0.26,0.14,-0.74,-0.03,0.24,0.75,-0.29,-0.09,-0.14,0.26,-0.33,-0.11,-0.29,-0.02,-0.11,-0.52,0.44,0.01,-0.38,-0.18,0.22,0.02,-0.37,0.04,0.03,-0.09,0.14,-0.0,0.04,-0.08,-0.19,0.06
-0.11,0.25,-1.67,-1.01,-1.92,2.09,0.55,0.28,0.55,-0.25,-0.77,0.37,-0.02,0.1,-0.15,-0.72,0.67,-0.04,0.19,-0.24,0.43,-0.27,-0.01,-0.15,-0.14,-0.36,-0.8,0.86,0.35,-0.12,0.36,0.49,0.24,0.45,-0.0,-0.33,0.64,-0.27,0.33,-0.02,0.25,-0.04,0.07
-0.25,0.4,-2.08,-1.07,-2.04,2.78,0.77,0.83,0.41,-0.17,-0.54,0.44,-0.01,0.15,0.0,-0.88,0.47,-0.26,0.23,0.35,0.42,-0.39,0.39,-0.15,0.84,-0.22,-0.32,0.45,0.05,-0.43,-0.03,0.35,-0.17,-0.07,-0.06,0.2,0.18,-0.06,-0.14,-0.13,-0.05,0.01,0.06
-0.31,0.44,-1.88,-0.5,-2.34,2.77,0.63,0.73,0.73,0.11,-0.35,0.37,0.23,-0.04,-0.36,-1.19,0.5,-0.04,-0.47,-0.71,0.58,-0.35,0.12,0.01,0.34,0.04,-0.54,0.11,-0.52,-0.29,0.08,0.36,0.17,0.24,-0.19,0.14,0.36,-0.08,0.03,-0.13,0.15,0.1,0.06
-0.3,0.26,-1.73,-0.95,-2.08,2.06,0.7,0.59,0.15,-0.12,-0.2,0.87,0.31,-0.14,-0.6,-0.97,0.04,-0.31,-0.4,-0.4,0.17,-0.51,0.34,-0.48,0.4,-0.25,-0.71,0.4,-0.04,-0.27,-0.06,0.54,0.53,-0.35,0.01,0.09,0.22,-0.28,-0.12,0.06,0.1,-0.12,-0.04
-0.4,0.59,-1.51,-0.83,-1.77,1.57,0.76,0.46,0.08,-0.36,-0.54,0.54,0.72,0.11,-0.72,-0.6,1.23,0.43,-0.74,0.4,-0.05,0.35,0.36,0.0,-0.17,-0.4,-1.18,0.35,0.1,-0.17,0.13,0.83,0.33,-0.13,0.24,-0.27,0.32,-0.41,0.12,0.21,0.26,0.07,0.05
-0.27,0.49,-1.82,-1.11,-1.83,2.45,0.84,1.24,-0.02,0.32,-1.11,0.56,-0.07,0.07,-0.24,-0.77,0.46,0.15,0.36,0.26,0.27,0.02,0.71,-0.32,0.15,-0.26,-0.71,0.25,-0.05,-0.51,-0.18,-0.11,-0.36,-0.02,0.08,-0.14,0.81,-0.4,0.04,0.11,-0.08,-0.09,0.03
-0.31,0.46,-2.08,-0.8,-1.98,2.38,1.29,1.04,0.76,0.0,-0.84,0.06,0.56,-0.04,-0.31,-1.14,0.59,-0.46,-0.12,-0.53,0.22,-0.39,0.4,0.19,0.32,0.09,-0.72,0.84,-0.06,-0.35,0.37,0.43,-0.45,0.22,-0.31,-0.1,0.35,-0.45,0.24,-0.28,0.04,0.0,-0.07
-0.3,0.39,-1.86,-0.63,-1.95,2.8,1.32,1.02,0.63,0.39,-1.02,0.4,-0.06,0.31,0.21,-0.2,1.11,0.3,0.81,-0.46,0.37,0.18,0.53,-0.22,0.06,0.23,-0.81,0.16,-0.22,-0.45,0.2,0.62,0.05,-0.35,0.01,-0.03,0.24,-0.07,0.0,-0.25,0.06,0.01,0.1
-0.34,0.25,-2.19,-1.13,-1.71,1.93,0.98,0.65,0.6,-0.03,-0.5,0.15,0.11,0.08,-0.45,-0.7,0.55,-0.14,-0.25,-0.37,0.31,-0.47,0.3,0.16,0.66,-0.29,-0.38,0.3,-0.34,-0.41,-0.1,0.54,0.05,0.04,0.05,-0.11,-0.35,-0.05,-0.1,-0.02,0.02,0.14,-0.06
-0.14,0.42,-1.89,-1.05,-1.65,2.65,0.5,1.09,0.39,-0.49,-1.77,0.07,-0.07,-0.37,-0.38,-0.54,0.41,0.05,-0.42,-0.73,0.55,-0.09,-0.08,0.03,0.33,-0.33,-0.47,0.49,-0.47,-0.23,-0.21,0.17,-0.05,-0.34,-0.08,0.03,0.01,0.08,0.1,-0.05,0.13,-0.06,0.08
-0.38,0.65,-1.88,-0.92,-1.84,2.37,0.43,1.21,0.67,0.3,-0.35,0.62,0.03,-0.08,-0.52,-0.8,0.42,-0.47,-0.47,-0.19,0.35,-0.77,0.4,-0.65,0.92,-0.44,-0.75,0.34,-0.09,-0.48,0.31,0.52,-0.3,-0.16,0.08,-0.24,0.06,-0.22,0.23,0.0,-0.07,-0.03,-0.01
-0.07,0.18,-1.85,-1.19,-1.69,2.56,0.54,0.7,0.5,0.15,-0.93,0.11,0.25,-0.47,0.02,-0.43,0.18,0.16,-0.15,0.24,-0.05,-0.14,0.78,-0.09,0.48,-0.0,-0.55,0.21,-0.1,-0.04,-0.03,0.04,-0.19,-0.45,-0.11,0.16,0.22,0.0,0.11,-0.12,0.19,-0.25,-0.19
-0.25,0.27,-1.95,-1.09,-1.47,2.92,0.61,0.6,1.17,0.12,-1.13,-0.05,-0.28,0.28,0.42,-0.39,0.99,0.3,0.32,0.12,0.46,0.09,0.09,-0.14,0.27,0.09,-0.5,0.58,0.11,-0.4,-0.18,-0.03,-0.08,-0.15,-0.01,-0.08,0.41,-0.08,0.2,-0.23,0.01,-0.05,0.2
-0.3,0.48,-1.44,-0.68,-1.71,1.69,1.04,0.4,0.98,0.41,-0.51,0.59,-0.36,0.19,0.24,-0.13,0.34,0.23,0.2,-0.06,0.08,-0.18,0.03,0.12,-0.21,-0.01,-0.44,0.18,0.32,0.03,-0.4,0.71,0.18,-0.12,0.07,-0.34,0.42,-0.31,0.05,-0.19,0.01,-0.15,0.34
-0.19,0.48,-1.68,-0.64,-2.06,2.2,0.98,0.7,0.45,0.41,-1.05,0.13,-0.15,-0.33,-0.11,-0.19,0.53,0.31,0.35,-0.59,0.67,-0.26,0.16,-0.07,0.43,-0.04,-0.76,0.27,-0.5,-0.42,-0.21,0.2,-0.02,-0.08,0.09,-0.08,0.19,0.18,0.1,-0.16,0.03,0.04,0.08
-0.38,0.77,-1.91,-1.08,-2.47,2.13,0.82,0.73,1.19,0.2,-0.15,0.16,0.72,-0.11,-0.63,-0.48,0.83,0.4,0.25,0.15,0.08,-0.22,-0.34,-0.27,0.13,0.19,-0.69,0.3,-0.19,-0.56,-0.05,0.13,-0.08,-0.35,-0.13,-0.3,0.13,-0.04,0.1,-0.13,-0.15,-0.14,0.06
-0.28,0.63,-1.95,-1.28,-2.16,2.12,0.57,0.75,0.5,0.2,-0.46,-0.1,-0.15,0.14,-0.22,-0.5,-0.07,0.01,-0.13,-0.2,0.48,-0.09,0.28,-0.43,-0.3,0.11,-0.5,0.51,-0.6,-0.3,-0.39,0.23,-0.26,0.19,0.42,-0.05,0.46,0.2,0.31,-0.22,-0.06,-0.21,0.07
