NQRC44-NQRC168,NQRD22-NQRD205,NQRD26-NQRE115,NQRD33-NQRD104,NQRD40-NQRD100,NQRD43-NQRD97,NQRD43-NQRD104,NQRD44-NQRD101,NQRD51-NQRD86,NQRD66-NQRD70,NQRD68-NQRE92,NQRD70-NQRE92,NQRD71-NQRD123,NQRD71-NQRE92,NQRD71-NQRE95,NQRD72-NQRE91,NQRD72-NQRE114,NQRD106-NQRE123,NQRD107-NQRE23,NQRD110-NQRE119,NQRD110-NQRE120,NQRD111-NQRE118,NQRD112-NQRE115,NQRD112-NQRE118,NQRD115-NQRE114,NQRD119-NQRE114,NQRE27-NQRE112,NQRE27-NQRE115,NQRE30-NQRE112,NQRE31-NQRE109,NQRE31-NQRE115,NQRE37-NQRE108,NQRE37-NQRE112,NQRE40-NQRE109,NQRE40-NQRE112,NQRE41-NQRE109,NQRE41-NQRE112,NQRE44-NQRE109,NQRE44-NQRE116,NQRE45-NQRE116,NQRE48-NQRE116,NQRE111-NQRF91,NQRE129-NQRE133
5.84,4.61,8.04,3.47,3.91,3.93,10.1,4.14,3.77,5.79,4.98,5.58,4.42,5.9,9.62,7.47,5.03,3.54,3.69,3.61,3.07,6.83,6.85,5.98,5.79,7.35,5.53,3.54,6.73,7.49,4.85,4.12,3.86,3.4,6.03,4.07,4.18,4.44,4.16,4.0,5.41,6.81,3.25
5.04,4.75,9.15,3.46,4.28,4.05,9.72,4.35,3.94,5.23,6.38,5.83,3.53,6.73,9.81,7.55,6.79,3.77,3.56,3.41,3.18,6.68,6.91,6.08,4.86,7.09,7.23,4.26,9.79,9.98,4.16,6.66,3.7,3.26,4.23,4.33,3.6,4.34,3.93,3.71,4.4,5.04,2.96
6.23,5.12,9.99,3.84,3.58,3.73,9.6,4.33,4.93,5.09,4.92,5.73,4.04,6.11,9.9,7.66,7.49,3.34,3.89,3.79,3.13,6.19,6.86,6.1,7.15,6.78,6.55,4.05,9.0,10.44,3.92,6.87,3.15,3.64,3.72,5.4,3.48,4.03,3.94,3.51,3.79,4.64,3.16
6.12,4.79,8.83,3.63,3.81,4.12,10.41,4.77,4.32,5.52,5.91,6.87,3.55,6.87,10.45,7.35,7.61,3.66,3.62,3.99,2.95,5.5,6.07,6.32,6.79,7.99,6.44,3.76,9.79,10.02,4.56,6.86,3.56,3.82,3.34,5.58,3.27,4.84,4.0,4.09,4.06,4.76,3.34
6.14,4.97,8.86,3.89,3.77,3.86,10.04,4.45,4.21,4.28,5.25,6.35,3.49,6.38,9.76,7.6,7.41,3.21,3.69,3.75,2.91,6.62,6.61,6.67,6.36,6.2,6.6,4.08,7.67,8.7,4.12,6.16,4.07,3.66,7.12,4.41,3.65,4.26,4.17,3.99,4.11,4.47,3.03
6.2,4.73,9.25,3.81,3.73,3.76,9.45,4.12,3.67,4.54,6.54,6.7,3.62,6.91,10.17,7.9,7.04,3.52,3.5,3.97,3.13,5.65,6.92,5.95,7.58,8.47,7.14,4.59,9.7,10.29,4.33,6.99,3.49,3.35,3.27,5.2,3.39,5.04,3.41,3.77,4.36,5.22,3.26
6.12,4.67,6.87,3.37,3.42,3.92,9.9,3.9,3.76,4.63,5.25,6.18,3.45,6.12,11.2,7.08,6.67,3.46,3.51,3.87,3.12,5.94,5.4,5.85,7.34,7.74,5.8,5.0,7.5,9.15,4.79,6.23,3.52,3.74,7.63,4.73,3.77,4.19,3.92,4.98,5.34,3.81,2.98
5.86,4.89,6.99,3.01,4.02,4.02,9.53,3.77,4.2,4.77,7.34,7.49,3.56,7.49,10.1,7.42,6.7,3.88,3.81,4.54,3.18,5.67,5.96,6.08,7.36,6.78,6.55,4.22,8.25,8.49,4.89,6.0,3.98,4.01,7.54,4.06,3.85,3.55,3.98,4.83,5.07,4.53,3.6
5.44,5.63,7.27,3.53,4.05,3.89,10.22,4.05,3.66,3.83,7.43,8.28,4.09,7.8,10.45,7.68,6.96,4.41,4.03,3.76,2.9,6.1,5.94,6.14,6.58,6.42,6.14,5.45,7.72,9.44,5.93,6.82,4.66,4.28,7.23,5.04,3.91,3.67,4.15,5.26,5.54,3.85,2.97
5.34,4.82,9.45,3.47,3.79,3.93,9.25,4.27,3.8,3.95,7.19,7.51,3.55,7.78,10.84,7.95,7.53,3.54,3.51,3.63,2.99,6.24,6.41,6.34,8.16,8.05,6.65,4.08,8.99,9.84,4.39,6.49,3.39,3.22,4.52,4.76,3.87,4.22,3.75,4.15,4.8,4.35,2.94
4.61,5.12,7.76,3.64,4.17,3.68,9.51,4.19,4.3,4.21,7.02,8.47,3.56,8.19,12.32,7.4,7.06,4.35,3.69,3.79,3.35,6.02,6.34,6.37,8.07,6.06,6.34,3.9,7.41,8.85,4.17,5.92,3.41,3.52,6.82,4.38,3.53,4.0,4.34,3.59,4.67,4.04,3.35
5.21,4.96,8.07,3.86,3.95,4.26,10.31,4.09,4.14,4.79,7.77,8.39,3.65,8.22,12.04,7.55,7.6,4.11,3.97,4.04,3.12,5.74,5.87,6.12,8.05,6.23,5.7,3.81,6.4,7.88,3.43,4.99,3.7,3.23,7.69,4.08,4.1,3.73,3.94,4.71,4.77,4.29,3.23
5.04,5.27,9.11,3.91,3.72,3.94,10.03,4.15,4.37,4.43,6.77,7.83,3.37,7.84,11.66,7.68,6.75,3.44,3.9,3.7,3.27,6.36,6.53,5.86,8.58,6.16,6.04,4.09,8.45,9.09,4.46,6.67,3.9,3.48,6.73,4.32,4.11,3.88,3.64,3.92,4.73,3.83,3.35
5.66,5.3,8.29,3.38,4.25,4.15,9.22,4.73,3.82,4.43,7.85,8.27,3.54,8.98,11.48,8.34,7.25,3.72,3.47,4.02,2.99,6.17,6.23,5.54,7.89,5.78,5.98,3.64,9.59,9.32,4.13,5.84,3.59,3.63,3.69,4.98,3.37,4.08,3.69,3.92,3.74,3.81,3.3
4.78,4.76,8.9,3.86,4.09,4.19,9.9,4.64,4.0,4.07,6.98,7.83,3.55,8.12,11.63,8.05,8.33,4.29,3.69,4.15,2.95,6.45,6.14,5.61,8.46,5.97,6.39,4.0,8.27,9.94,4.37,6.23,3.6,3.55,5.84,4.45,3.91,3.5,3.57,3.9,4.52,4.92,3.04
5.32,4.61,7.48,4.2,3.96,3.97,9.62,4.65,3.71,3.8,7.1,7.9,3.3,7.75,11.46,7.62,7.07,4.79,3.67,3.96,3.02,6.38,6.51,6.6,7.94,5.55,6.41,4.21,7.58,9.44,4.2,5.81,4.44,3.42,6.61,4.7,4.23,3.48,3.32,4.03,4.44,4.87,3.05
5.76,5.28,7.99,4.34,3.76,3.92,10.04,4.71,4.28,4.04,8.42,9.07,3.64,8.57,11.82,7.93,7.4,3.25,3.74,3.27,3.32,6.74,6.0,6.03,7.36,5.38,5.56,3.58,7.11,8.49,4.26,5.45,3.41,3.82,6.81,4.56,3.74,3.77,3.98,3.67,4.52,5.17,3.14
4.84,4.56,7.79,3.7,3.93,4.36,8.93,4.63,4.71,3.9,6.03,8.17,3.34,8.34,11.85,7.41,7.81,4.07,3.89,4.44,2.98,6.14,6.04,5.98,7.85,5.91,6.32,4.55,7.54,9.41,3.95,6.94,3.74,4.23,6.42,5.24,3.98,3.79,4.03,3.97,4.69,4.39,3.36
6.27,4.52,7.64,3.7,4.06,3.99,9.61,4.23,4.47,3.84,7.23,8.27,3.84,8.52,11.27,8.41,7.41,3.18,3.55,3.57,3.27,6.3,6.38,5.92,7.42,6.05,6.47,4.04,7.95,9.1,4.01,6.73,3.58,3.69,6.04,4.8,3.61,3.97,3.72,3.92,4.58,4.48,3.27
5.43,4.41,8.03,4.02,4.01,4.09,9.58,4.88,3.63,3.78,5.76,6.55,3.66,7.46,11.37,7.84,6.37,3.63,3.85,4.11,3.02,6.2,6.31,6.01,7.6,5.73,6.14,4.44,8.64,9.79,4.65,6.17,3.73,3.68,4.6,4.75,3.74,5.01,4.0,3.89,3.83,4.71,2.92
6.19,5.0,7.93,3.29,3.73,4.08,10.14,4.33,4.05,3.87,6.66,8.07,3.44,8.22,12.09,8.14,7.61,3.7,3.67,4.49,3.15,6.08,6.07,5.6,7.31,5.54,5.73,3.95,6.76,8.19,3.52,5.38,4.05,3.54,6.06,4.35,4.27,4.39,3.68,3.98,5.22,4.16,2.97
5.94,5.54,9.4,3.75,3.94,3.8,9.55,4.88,4.59,3.98,6.52,7.2,3.43,8.71,12.26,8.67,7.15,3.44,3.6,4.76,3.12,6.7,6.2,5.21,8.29,6.02,5.86,3.72,7.45,8.72,3.75,6.03,3.64,3.24,5.96,4.4,3.95,4.36,3.47,4.0,4.01,3.96,2.84
5.71,5.25,6.89,3.11,3.98,4.12,9.87,3.9,4.01,3.91,7.26,7.9,3.77,8.63,11.34,8.12,7.01,3.64,3.99,3.65,2.98,6.53,5.87,5.97,6.88,5.61,5.52,4.05,6.3,7.66,4.01,4.72,3.35,3.65,7.22,3.75,4.08,3.83,5.34,4.1,4.71,4.52,2.71
4.9,4.85,8.02,3.66,3.55,4.18,9.18,4.45,4.14,3.68,6.65,7.26,3.52,7.97,11.78,7.56,7.05,3.79,3.95,4.07,3.17,5.9,5.82,6.19,6.81,5.64,6.26,4.31,7.93,8.74,3.82,5.81,3.74,3.7,7.56,4.03,4.2,3.48,4.23,3.59,3.82,4.27,3.0
6.23,4.97,7.26,3.4,3.75,3.7,9.73,4.02,4.39,4.01,6.36,7.49,3.71,8.15,11.53,8.08,7.19,4.06,3.87,3.74,3.11,6.58,5.87,6.42,7.13,4.87,5.99,3.94,7.92,8.53,4.06,5.1,3.56,3.67,7.32,3.68,4.12,5.03,4.35,3.7,4.26,4.16,3.13
5.68,4.86,7.0,3.48,3.61,4.16,9.51,4.42,4.44,3.58,5.98,7.04,3.31,8.1,11.78,7.72,5.63,3.41,3.55,3.92,3.22,6.73,5.87,6.02,6.93,4.89,6.75,4.6,6.21,7.34,4.7,5.47,3.63,4.03,7.56,4.38,5.0,4.54,4.86,3.62,5.59,4.56,3.16
6.33,5.0,6.52,3.61,4.14,3.92,9.02,4.34,4.65,4.03,5.56,6.72,3.39,7.72,11.13,7.56,6.3,3.38,3.84,3.74,2.95,6.07,5.63,5.9,6.51,4.34,5.66,3.75,7.21,7.93,3.73,4.49,4.41,4.29,8.37,4.29,3.84,4.45,4.34,3.82,5.18,4.13,3.09
6.19,4.81,7.88,3.77,3.97,3.95,9.71,4.39,4.66,3.77,6.58,7.31,3.36,8.63,10.99,7.48,8.03,3.86,3.6,4.13,3.08,5.98,6.28,5.78,7.22,5.11,5.95,4.53,6.79,6.42,3.58,4.24,4.06,3.52,6.65,3.93,3.85,4.66,3.82,4.56,5.09,4.06,3.07
6.36,4.85,7.62,3.83,3.46,4.01,8.89,4.07,4.23,3.6,5.77,6.33,3.61,7.56,11.3,7.58,7.36,3.18,3.95,3.67,3.17,5.97,5.93,6.01,7.38,6.14,6.24,4.26,8.63,9.21,4.32,5.48,3.44,3.21,3.9,4.68,3.57,4.48,3.6,3.6,5.07,4.23,3.17
6.25,4.66,7.86,3.61,3.56,3.84,9.54,4.14,4.78,3.78,6.72,6.77,4.06,8.08,12.01,7.68,6.93,3.95,3.64,4.21,3.06,7.34,6.6,6.45,7.73,5.0,6.12,3.91,9.12,9.59,3.78,6.0,3.69,3.52,4.1,5.02,3.72,4.5,3.25,3.72,3.74,4.45,2.93
6.49,5.26,7.76,3.43,3.88,3.86,8.92,4.23,3.8,4.1,6.83,6.27,3.55,7.82,11.44,7.82,7.19,4.5,3.61,3.4,3.11,6.48,6.22,6.03,7.86,5.42,6.88,4.22,9.29,9.99,4.33,6.21,3.38,4.08,3.62,6.02,3.52,4.14,3.7,3.75,3.94,4.65,2.92
5.82,5.29,7.84,3.96,4.45,4.02,9.53,4.25,3.73,4.1,7.18,7.67,3.61,8.87,12.79,8.15,7.54,3.43,3.72,4.04,3.08,6.33,6.5,6.09,7.89,5.79,6.64,4.2,8.74,9.67,4.13,6.62,3.69,3.63,4.23,5.28,3.8,4.5,3.46,3.8,3.62,3.94,2.77
5.59,4.34,8.55,3.47,3.06,4.22,9.35,4.82,4.07,4.17,5.99,6.71,3.3,8.31,11.19,7.52,7.85,3.7,3.43,4.0,3.08,6.42,6.66,6.34,7.69,6.16,6.52,4.22,8.41,9.92,4.08,5.95,3.82,3.64,4.39,5.75,4.01,3.97,3.67,3.46,4.08,3.68,2.93
6.59,4.83,9.25,3.55,3.42,3.99,9.47,4.18,4.56,3.85,6.53,6.6,3.65,7.98,11.72,7.75,7.0,3.78,3.82,4.11,3.14,6.79,6.3,7.02,7.27,5.18,6.39,4.67,8.76,9.97,5.31,6.43,4.01,3.3,4.45,5.3,3.77,4.14,3.53,3.81,3.86,4.07,2.92
5.55,4.84,9.31,3.68,3.96,4.25,9.55,4.24,3.74,4.35,6.37,6.82,3.68,8.44,11.68,7.74,8.01,4.04,3.62,3.65,3.23,6.93,6.07,6.63,7.99,6.19,5.91,3.69,7.98,9.71,3.73,5.61,3.53,3.51,4.2,5.61,3.75,3.9,3.34,3.57,3.69,3.83,3.36
6.17,4.46,9.71,3.51,3.64,4.31,8.98,4.3,4.29,4.45,7.29,6.87,3.62,8.44,12.14,7.71,8.59,3.65,3.9,4.11,3.03,6.73,6.6,6.54,8.64,6.68,6.82,4.46,8.68,9.93,3.95,5.64,4.06,3.29,4.78,5.05,3.95,4.7,3.77,3.65,4.27,3.71,3.04
5.7,4.71,9.13,3.63,3.56,4.42,10.4,4.79,4.13,4.31,7.06,6.32,3.68,8.04,12.05,7.54,7.58,3.38,3.78,4.0,3.02,6.14,6.77,6.41,8.34,5.71,6.5,4.23,8.33,9.5,4.27,5.91,3.58,3.33,4.92,5.31,3.73,4.01,4.19,4.01,4.07,3.94,3.02
5.83,5.37,10.24,3.64,4.01,4.5,10.6,4.36,4.05,3.9,6.55,6.85,3.85,8.4,11.51,6.93,9.04,3.64,3.34,4.27,3.05,5.95,6.46,6.99,8.18,5.71,6.51,3.97,9.48,10.26,4.11,6.15,3.36,3.35,3.17,5.29,3.36,4.68,4.33,3.84,4.22,4.46,2.79
5.07,5.18,9.54,3.58,3.68,4.03,9.89,4.16,4.46,3.52,6.04,6.32,3.58,7.74,11.9,7.68,7.89,4.86,3.91,4.11,3.21,6.63,6.54,8.07,8.85,6.84,6.77,3.69,9.22,9.2,3.93,5.88,3.41,3.83,4.08,5.45,3.27,4.52,4.06,3.76,4.65,3.94,2.99
5.43,4.57,10.48,3.64,3.54,3.94,10.06,4.04,4.24,4.22,6.77,6.45,3.5,8.12,12.03,7.36,8.23,4.18,3.57,3.51,2.92,5.77,7.13,6.99,9.05,7.26,6.84,3.93,9.6,9.84,4.36,6.38,3.94,3.14,4.06,5.36,3.77,3.66,3.53,3.51,3.79,3.91,2.92
6.18,4.74,10.08,3.58,4.0,4.17,9.69,4.57,4.42,4.07,7.28,7.92,3.46,9.52,13.05,8.7,9.21,3.83,3.82,4.36,3.09,6.71,7.16,7.9,10.07,7.15,7.27,4.38,9.44,10.7,4.27,7.41,3.75,3.68,3.61,5.83,3.76,3.99,3.76,3.87,4.01,4.11,3.03
5.15,4.92,9.09,3.3,3.63,3.96,9.81,4.16,4.23,4.34,6.86,6.4,3.51,7.92,11.09,7.32,7.23,4.39,3.58,4.39,3.04,5.79,6.73,7.2,8.29,6.43,5.95,4.02,9.21,9.9,3.92,6.25,3.64,3.67,3.75,5.64,3.82,3.48,3.38,3.61,4.31,3.83,2.99
6.68,4.48,9.34,3.79,3.66,3.92,9.49,4.52,3.84,4.19,6.59,6.76,3.56,8.46,11.71,7.38,8.73,4.41,3.5,3.82,3.19,6.75,6.14,8.34,8.88,6.68,6.42,3.44,8.68,9.56,3.93,5.88,3.59,3.48,3.7,5.41,3.31,3.64,3.63,3.61,3.98,4.08,3.29
5.1,4.8,10.0,4.04,3.98,3.96,9.81,4.39,4.37,3.63,7.25,7.76,3.77,8.99,13.14,8.19,8.89,3.48,3.54,4.26,3.35,6.04,6.47,6.55,8.77,7.67,6.4,3.51,8.72,9.28,4.16,6.18,3.93,3.33,4.04,5.21,3.76,3.64,4.1,3.71,4.71,4.96,2.92
5.32,5.03,9.1,3.57,3.81,4.18,9.38,4.14,4.71,3.92,6.64,6.89,3.32,8.25,11.39,7.6,8.17,3.81,3.42,4.54,3.33,5.66,6.04,6.72,9.18,6.13,6.58,4.38,9.97,10.43,4.66,6.45,4.1,4.12,3.63,5.93,3.82,3.9,3.63,3.75,3.85,3.9,3.07
5.39,4.36,10.07,3.64,4.23,4.32,9.64,4.56,4.78,4.22,7.15,7.29,3.69,8.88,12.77,7.52,8.04,4.26,3.8,4.14,3.19,5.96,7.03,7.29,9.07,6.37,7.06,4.5,9.75,10.15,4.53,6.11,3.69,3.57,3.82,5.41,3.55,3.57,4.03,3.57,3.84,3.88,2.74
4.97,4.54,9.73,3.46,3.83,3.55,9.64,4.06,4.03,4.39,5.93,6.0,3.28,7.5,12.74,7.19,6.83,3.54,4.02,3.56,3.04,6.03,6.64,6.39,8.71,6.67,6.72,4.0,9.77,10.52,4.42,6.42,3.92,4.15,3.46,6.17,3.75,3.8,3.57,3.85,3.61,3.77,3.37
5.88,5.33,9.87,3.58,4.08,3.82,9.42,4.54,3.86,3.76,5.92,6.39,3.49,7.78,10.88,6.77,7.64,3.9,3.38,4.16,3.17,6.01,6.4,7.43,8.65,6.62,6.89,4.0,10.26,10.51,3.96,6.84,3.34,3.98,3.94,5.77,3.76,3.46,3.86,3.58,3.88,3.81,3.5
5.65,4.75,9.17,3.64,4.88,4.41,8.73,4.21,3.72,4.07,6.42,6.41,3.69,7.59,11.24,7.44,6.96,4.83,3.55,3.57,3.14,5.71,6.5,6.75,8.23,6.24,7.18,4.4,9.83,10.21,4.72,6.64,3.7,4.52,3.7,6.27,3.81,3.78,4.05,4.19,3.4,4.27,3.02
5.28,5.19,10.14,3.19,3.55,3.65,8.96,4.28,4.71,3.82,6.8,6.99,3.28,8.35,12.68,7.93,8.84,3.49,3.58,4.48,3.22,7.01,6.84,7.82,8.46,6.49,7.07,3.65,10.21,10.25,3.83,5.84,3.63,3.48,3.78,5.42,3.51,3.69,3.49,3.62,3.49,3.71,3.23
5.92,4.07,8.95,3.73,3.94,4.32,9.44,4.46,3.76,3.71,6.11,6.73,3.52,8.32,12.38,7.7,7.53,4.71,3.65,4.24,3.21,6.12,6.11,7.64,8.02,5.87,7.16,4.14,9.54,10.63,4.21,5.85,3.27,3.65,4.03,5.64,3.78,3.55,3.56,3.68,4.26,3.95,2.88
5.46,4.78,9.7,3.4,3.74,3.87,9.56,4.11,4.39,3.89,5.78,7.06,3.57,8.0,12.07,7.32,7.84,4.21,3.95,4.02,3.13,5.91,6.7,6.36,8.05,7.27,6.79,3.86,11.0,10.92,4.38,6.84,3.8,4.23,3.53,5.88,3.52,3.25,3.46,3.62,4.55,4.07,3.23
4.7,5.12,9.46,3.94,3.79,3.84,9.09,4.73,3.84,3.65,6.71,7.38,3.36,8.23,12.12,6.87,8.03,3.91,3.88,4.09,2.99,5.84,6.98,6.99,8.63,7.03,6.88,3.79,9.55,11.01,4.25,5.81,3.56,3.64,3.89,5.67,3.69,3.67,4.0,3.73,3.67,3.83,2.82
5.58,4.46,10.31,3.49,3.62,4.3,9.3,4.61,3.88,4.01,6.26,7.18,3.46,7.87,11.96,7.3,7.92,3.7,4.07,4.52,2.95,6.65,7.26,7.66,9.31,7.2,7.26,3.95,9.88,11.33,4.16,6.58,4.4,4.27,3.71,6.16,3.87,3.56,4.17,4.33,3.77,4.01,3.08
5.47,4.59,10.2,3.65,4.66,4.29,7.98,5.04,4.99,3.79,6.41,7.05,3.52,8.03,11.64,6.24,7.22,4.48,3.68,4.7,3.31,6.36,7.3,7.6,9.18,7.0,7.13,4.73,10.46,10.99,4.42,6.29,4.24,4.0,3.63,5.81,3.61,3.55,3.49,3.62,3.52,4.25,2.9
5.32,4.74,9.07,3.42,4.62,4.01,9.27,4.56,4.35,3.69,6.81,7.09,3.61,8.67,12.61,7.66,7.34,4.11,3.22,3.69,3.15,5.69,6.32,6.47,8.04,5.29,6.77,3.79,9.66,9.85,4.08,5.81,3.71,2.89,3.56,4.88,3.28,3.56,4.21,3.77,4.0,4.41,2.95
5.35,5.44,9.76,4.07,3.97,4.07,9.52,4.42,4.17,4.2,8.37,8.93,3.4,9.23,13.54,7.97,7.24,4.44,3.35,3.91,3.13,5.21,6.66,6.58,8.09,6.68,6.78,4.07,9.0,10.47,4.24,6.48,3.42,3.72,3.57,5.64,3.54,3.22,3.33,3.37,3.94,3.68,2.84
6.17,5.44,10.2,3.51,3.91,4.41,9.68,4.63,5.14,3.92,5.9,6.84,3.41,8.56,13.46,8.08,7.8,3.98,3.73,4.05,3.02,5.74,7.19,6.71,9.21,6.17,7.18,3.35,10.09,10.21,4.46,6.1,3.56,3.56,3.72,5.65,3.44,3.68,4.19,3.87,3.64,3.84,2.73
5.77,5.04,9.96,4.1,4.34,3.58,9.28,4.99,4.28,3.97,8.41,8.58,3.68,9.95,14.05,8.16,8.53,4.07,3.79,4.05,3.0,5.96,6.86,6.41,9.08,6.42,7.27,3.44,11.11,11.31,4.12,6.54,3.81,3.85,3.43,5.77,3.53,3.83,4.02,3.9,4.27,4.36,2.93
5.48,4.76,9.98,3.62,3.73,4.22,9.37,4.17,3.74,3.81,8.15,8.51,3.43,9.5,13.88,7.4,8.4,3.93,3.72,4.72,3.26,6.14,6.67,6.26,8.95,6.02,6.92,4.27,10.94,10.18,4.11,6.08,3.82,3.8,4.01,5.44,3.56,3.55,4.01,4.01,4.13,5.12,3.07
5.14,5.02,10.24,3.71,4.22,4.15,9.85,3.93,3.89,3.56,6.47,6.95,3.5,8.11,12.44,7.58,8.04,3.99,3.56,3.91,3.0,6.08,6.84,6.41,9.39,6.4,7.41,3.58,10.18,10.11,4.0,6.32,3.96,3.89,4.17,5.8,4.1,3.43,4.17,3.85,3.96,4.22,3.08
4.82,4.42,9.33,3.5,4.75,3.77,9.91,4.06,4.15,3.6,6.14,6.91,3.56,8.11,12.2,7.76,7.63,4.71,3.63,4.15,3.14,5.5,6.36,6.71,7.96,5.55,7.04,4.68,10.55,11.18,4.5,5.47,3.63,3.38,3.79,5.18,3.5,3.81,4.12,3.82,3.91,3.95,3.02
4.78,5.14,9.39,3.45,4.18,3.97,9.08,5.34,3.68,4.03,6.02,6.63,3.47,8.19,12.03,6.92,6.73,3.83,3.61,4.6,3.14,6.31,6.63,7.05,8.44,6.1,7.27,4.13,9.39,10.3,4.49,6.12,3.48,3.73,3.34,5.55,3.57,3.63,4.07,4.31,4.26,4.57,3.03
4.64,4.8,9.47,3.49,3.64,3.99,9.33,3.97,5.18,3.43,7.43,8.21,3.79,9.01,12.32,7.96,8.34,4.11,3.47,4.28,2.97,6.16,6.42,6.12,8.69,6.24,7.04,4.04,10.07,10.23,4.4,6.33,3.76,3.88,4.23,5.76,3.68,3.87,3.48,3.53,3.83,4.48,2.86
6.16,4.75,9.77,3.62,3.6,3.85,9.34,4.32,4.03,3.95,7.04,8.45,3.47,9.1,13.81,8.19,7.51,4.52,3.43,4.33,2.97,6.43,6.89,7.62,9.23,6.54,7.41,3.77,10.42,10.63,4.35,6.37,3.91,3.7,3.39,5.64,3.5,3.75,3.49,3.76,3.93,4.56,2.7
6.16,4.76,9.94,3.54,3.58,3.7,9.67,4.64,3.72,3.75,6.49,7.31,4.02,8.6,12.57,7.42,8.13,3.85,3.37,4.52,2.94,6.13,6.61,7.26,9.61,6.35,6.81,4.46,10.28,10.14,4.21,5.89,3.77,3.64,3.55,5.32,3.68,3.91,3.52,3.68,4.6,4.58,2.9
5.98,4.67,10.05,3.44,3.49,3.68,9.36,3.92,3.99,4.02,7.15,6.94,3.33,8.46,12.82,8.13,7.52,4.23,3.89,4.04,3.21,6.06,7.27,6.73,8.55,6.46,8.24,4.54,9.85,10.84,5.59,7.33,4.21,4.44,4.25,6.52,4.28,4.16,4.11,3.99,3.97,4.51,2.86
5.53,5.48,9.16,3.34,3.87,3.84,9.94,4.02,4.48,4.0,8.54,8.7,3.55,10.04,14.27,8.97,8.29,4.32,3.38,4.15,2.95,6.11,6.83,6.64,9.12,7.13,7.07,4.01,10.22,10.61,4.47,6.61,3.79,3.83,3.68,5.75,3.58,3.41,4.57,3.71,4.41,4.85,3.16
5.6,4.3,9.16,3.51,3.39,4.02,9.7,4.11,4.13,3.51,6.29,7.58,3.58,8.73,14.05,7.01,7.63,4.51,3.78,4.41,3.4,5.69,6.21,6.91,8.66,5.25,6.76,3.72,10.01,10.25,4.55,6.06,4.11,3.63,3.47,5.5,3.82,3.36,3.73,3.68,3.56,3.56,3.08
5.35,4.4,9.99,3.77,3.8,3.88,9.52,4.3,4.3,3.96,8.15,8.26,3.36,9.66,13.53,8.39,7.7,4.01,3.59,4.34,3.05,6.7,6.45,7.68,8.3,6.23,6.62,4.12,10.21,10.26,4.37,6.61,4.03,3.56,3.35,5.54,3.52,3.84,3.9,3.75,3.79,3.85,3.2
5.78,4.27,9.47,3.68,3.74,3.67,9.4,4.17,4.37,3.9,7.07,8.0,3.63,9.01,13.03,7.25,8.41,3.69,3.64,4.68,3.08,6.41,6.12,6.98,9.01,4.95,6.97,4.12,11.22,10.83,4.15,6.37,3.63,3.83,3.75,5.61,3.79,3.72,3.36,3.54,4.73,3.87,3.03
6.6,4.16,10.14,3.43,3.45,4.11,9.76,4.24,4.31,3.95,7.57,8.43,3.59,9.1,13.14,7.95,7.6,3.78,3.69,4.63,2.96,6.08,7.07,7.09,8.62,6.15,6.71,4.33,11.06,10.53,5.03,6.05,3.91,3.65,3.98,5.56,4.07,3.83,3.8,3.97,4.17,4.1,3.09
5.85,4.93,9.78,3.54,3.6,3.99,10.35,4.5,4.07,4.0,6.0,7.65,3.89,8.3,11.67,6.83,7.56,3.8,3.73,4.04,3.01,5.7,6.14,6.68,8.41,6.67,6.48,4.0,9.31,9.78,4.17,5.04,3.25,3.04,3.8,4.6,3.38,3.91,3.36,4.04,3.47,4.47,2.92
6.01,4.44,10.19,3.61,3.79,3.95,9.55,3.91,4.3,4.62,7.01,8.3,3.64,7.89,10.25,7.27,7.25,4.19,3.56,3.96,3.19,5.86,7.08,6.7,8.68,6.75,6.93,4.55,9.09,10.42,4.44,5.84,3.58,3.69,3.84,5.49,3.81,3.57,3.68,3.51,4.17,4.23,3.12
6.1,5.25,10.35,3.93,3.48,3.75,9.87,3.79,3.78,4.46,7.84,8.62,3.52,9.26,11.48,7.13,7.56,3.92,4.01,4.88,3.06,6.23,6.8,7.01,9.49,5.56,7.03,3.8,8.61,10.0,4.01,5.56,3.93,3.45,4.34,5.24,3.76,3.33,3.6,3.92,4.58,4.05,3.09
5.75,5.03,9.07,3.89,3.86,3.72,10.24,4.24,4.07,4.82,6.19,7.51,3.97,7.74,10.74,6.46,7.68,3.7,4.15,4.39,3.43,6.57,6.64,7.36,9.9,6.36,6.73,4.09,10.29,11.08,4.46,6.18,3.83,4.13,3.3,6.0,3.43,4.06,4.58,4.08,3.72,4.15,3.08
6.04,4.36,10.52,3.85,3.63,3.63,9.83,3.82,3.75,4.05,6.56,7.29,3.82,7.78,12.39,7.11,6.26,3.9,3.93,4.49,3.13,6.01,6.71,7.39,8.9,6.65,7.23,4.53,10.43,11.32,4.76,6.66,3.99,3.92,3.82,5.98,4.06,3.49,4.11,3.68,3.82,3.94,3.01
5.69,5.28,8.55,3.8,4.25,3.87,8.97,3.64,4.08,4.31,5.97,7.76,3.59,7.94,11.31,7.68,8.08,4.1,4.05,4.25,3.12,6.42,5.54,7.82,7.92,5.92,6.36,4.18,10.12,10.46,4.78,5.68,3.9,4.06,3.7,5.73,3.63,3.43,3.52,3.71,3.76,3.96,3.27
5.3,4.74,9.87,3.52,3.59,3.99,9.07,3.87,4.34,4.57,7.85,8.58,3.92,8.66,10.06,7.85,8.28,3.54,3.57,4.36,2.98,6.16,6.71,6.76,8.4,5.93,7.04,3.15,9.6,9.98,3.98,6.84,4.05,3.65,3.96,5.56,3.8,3.8,3.8,3.6,4.32,4.66,2.99
5.51,4.74,8.87,3.74,5.35,4.05,9.8,4.28,3.87,3.62,6.89,7.05,3.62,7.92,10.8,7.03,7.36,4.06,3.7,4.62,2.98,6.1,6.16,6.22,7.79,5.79,6.81,4.19,9.21,10.08,4.48,5.39,3.61,3.77,3.6,5.91,3.65,3.88,3.54,3.66,4.09,4.37,3.21
6.17,4.72,9.09,3.69,3.55,3.81,10.08,3.95,3.98,3.73,7.21,8.33,3.99,8.02,10.63,7.44,7.14,3.83,4.36,4.56,3.2,6.44,6.52,7.26,8.22,5.51,6.8,4.71,8.69,9.9,3.93,5.3,3.56,3.4,3.86,5.3,3.59,3.87,3.67,3.83,4.48,5.96,3.02
5.19,4.93,9.2,3.53,3.5,3.75,8.91,4.26,3.69,3.58,7.83,7.77,3.78,8.06,11.02,7.7,6.63,4.06,4.02,3.79,3.03,5.92,6.55,6.61,8.14,5.51,6.74,4.12,8.79,9.12,4.89,4.31,3.77,3.74,4.5,5.12,3.73,4.24,3.59,3.69,3.88,4.07,2.98
6.02,5.41,10.3,3.66,4.07,4.11,9.26,4.48,3.98,3.75,5.78,7.42,3.77,8.28,11.42,7.16,7.42,3.68,3.47,4.21,3.26,6.54,6.45,8.02,8.12,6.0,6.76,4.19,8.89,9.25,4.55,4.9,3.7,3.81,3.91,4.94,3.47,4.19,3.57,3.41,3.96,4.05,3.28
5.53,4.51,9.04,3.64,3.97,3.8,9.53,4.41,3.96,3.37,7.15,6.55,3.7,7.67,11.51,6.73,7.06,3.93,3.49,4.39,3.13,6.04,6.5,7.45,9.25,5.26,6.6,3.73,8.85,9.45,4.2,5.01,3.66,4.24,4.4,5.42,3.96,4.6,3.31,3.84,3.73,3.95,3.09
5.8,5.08,9.26,3.95,3.94,3.88,9.67,4.01,3.75,3.76,6.44,7.0,3.78,8.27,11.47,6.62,6.77,3.99,3.64,4.11,3.19,6.03,6.43,7.4,8.69,4.85,6.07,3.9,9.13,9.39,4.23,5.93,3.78,3.32,3.53,4.82,3.54,3.97,3.44,3.97,4.11,4.16,2.8
5.85,5.06,9.88,3.67,3.95,3.76,9.89,4.44,4.17,3.86,7.45,7.69,3.49,8.98,12.44,7.29,7.44,3.69,3.7,4.54,2.99,6.64,6.95,7.99,9.25,6.5,6.79,4.19,9.94,10.83,4.04,5.91,3.87,3.76,3.68,5.54,3.73,3.31,3.65,3.47,4.18,3.32,3.13
5.97,5.36,9.29,3.9,3.89,4.07,9.43,4.27,4.23,3.44,8.78,8.21,3.37,9.8,13.79,8.36,7.74,3.84,3.52,3.86,3.1,6.68,6.38,7.87,9.56,6.51,6.87,4.13,10.7,10.74,3.92,6.78,3.67,3.9,3.75,6.17,3.27,3.38,3.79,3.91,3.77,4.4,2.95
5.67,4.05,10.89,3.85,3.85,3.62,9.0,4.58,4.29,3.89,8.37,8.1,3.57,9.69,14.07,7.72,7.81,4.17,3.96,3.74,3.15,5.94,6.81,6.81,9.25,6.17,7.73,4.77,10.33,11.41,4.49,5.53,3.59,3.43,4.15,5.18,3.64,3.74,3.49,3.63,4.36,3.75,3.06
5.71,4.71,9.97,3.69,3.88,4.1,9.89,4.41,3.92,4.15,8.34,7.97,3.8,8.64,12.03,6.51,8.53,3.39,4.31,4.43,3.0,6.0,6.63,7.0,9.29,6.56,6.57,3.64,8.98,11.01,3.98,5.34,3.96,3.64,4.37,5.22,3.9,3.34,3.92,4.07,3.75,3.96,2.97
5.57,5.09,9.86,3.62,4.42,3.71,9.65,4.03,3.63,4.15,7.81,7.43,4.05,7.98,13.85,8.82,8.65,3.59,3.91,4.21,3.31,6.15,7.11,7.09,9.75,6.84,7.15,3.96,10.52,11.88,4.29,6.74,3.68,4.06,3.55,5.77,3.47,4.13,3.89,3.9,4.31,3.8,2.95
5.78,5.08,10.07,3.58,3.92,3.7,9.71,3.84,4.0,3.67,6.17,6.96,3.49,8.02,13.79,8.18,7.96,3.3,4.02,4.39,3.07,5.69,6.98,6.63,9.85,7.32,7.22,4.12,10.49,11.81,4.95,6.35,3.45,3.7,3.84,5.49,3.92,3.44,3.62,3.69,3.7,3.58,2.94
5.42,4.95,9.79,3.53,4.03,3.83,9.29,4.18,3.95,3.63,5.88,6.12,3.6,7.46,13.38,8.3,7.66,3.36,3.76,4.28,3.3,5.83,7.21,6.15,9.97,6.45,7.62,3.99,10.01,11.82,5.31,7.4,3.28,4.03,3.26,5.94,3.39,3.76,3.62,4.05,3.65,3.85,2.85
6.27,6.55,9.88,3.76,3.63,3.75,9.05,4.24,3.57,3.93,5.86,6.9,3.81,7.81,13.26,8.56,8.33,3.28,3.52,4.16,3.4,6.43,6.97,6.17,9.02,8.46,7.18,4.68,10.57,11.74,5.16,7.45,3.51,4.04,3.49,5.91,3.66,3.91,3.8,3.78,3.67,3.65,2.82
6.01,5.12,10.77,3.68,4.14,3.72,8.92,4.52,3.82,4.61,6.39,6.7,3.72,7.57,14.55,8.23,7.91,4.24,4.2,4.16,3.11,6.07,7.51,7.01,8.89,7.7,7.38,3.5,11.25,12.05,4.91,7.73,4.09,4.38,3.49,6.31,3.66,3.87,4.15,3.94,3.73,3.66,2.89
5.16,4.99,9.87,3.66,3.72,4.0,8.91,3.89,3.59,3.65,6.63,7.24,3.74,8.02,12.72,9.11,8.72,3.75,3.67,4.52,3.04,5.65,6.6,5.95,9.51,5.48,6.71,3.71,10.95,11.62,4.44,6.94,3.87,3.9,3.7,5.75,3.61,3.28,4.56,3.59,3.64,3.67,2.72
5.65,5.07,9.56,3.96,3.72,3.56,9.36,4.18,3.9,3.86,6.17,6.61,3.88,7.57,12.87,8.4,8.57,4.09,3.44,4.44,3.03,5.8,6.69,6.96,9.63,6.14,7.18,4.05,10.73,11.66,5.02,6.7,3.96,4.06,3.54,6.09,3.54,3.94,3.19,3.48,3.6,3.47,2.88
5.99,5.45,11.38,4.01,3.76,3.76,9.56,4.46,3.76,3.51,6.16,6.94,3.39,8.12,14.15,8.96,7.8,3.98,3.94,3.68,3.08,7.26,7.17,6.77,8.96,5.44,7.42,4.51,9.32,11.27,5.57,6.98,3.83,4.24,3.68,6.22,3.92,3.69,3.4,3.72,3.55,3.46,2.96
5.65,4.4,9.79,3.74,4.06,4.03,9.52,4.41,3.79,3.71,5.87,6.89,3.74,8.04,12.77,8.31,9.16,3.9,3.51,3.88,3.23,6.6,7.08,6.47,8.58,4.71,7.4,4.04,9.15,11.28,4.77,6.78,3.95,3.99,3.52,6.04,3.52,3.64,3.61,3.9,3.87,3.62,3.17
5.7,4.63,10.65,3.91,3.85,3.78,9.16,4.03,3.99,3.72,6.38,6.99,3.39,7.86,14.27,8.75,7.45,3.99,3.41,3.81,3.18,5.58,7.31,6.47,9.38,5.79,7.72,5.08,10.47,11.64,6.86,6.8,3.94,3.99,4.07,5.79,3.87,3.66,3.15,3.71,3.77,4.99,2.78
5.33,6.17,10.9,3.89,3.86,3.77,9.22,4.74,4.02,4.17,6.42,7.29,3.69,8.32,14.43,8.85,8.23,3.7,3.43,4.43,3.09,7.18,7.31,7.97,9.48,6.45,6.83,4.26,9.75,10.93,5.2,6.56,3.73,4.04,3.32,5.91,3.58,3.57,3.34,3.88,3.65,4.79,2.81
6.04,4.98,9.56,4.1,3.71,4.05,9.23,4.24,3.54,3.59,6.5,8.04,3.46,8.33,13.51,9.29,8.32,4.67,3.69,4.28,3.09,5.95,6.69,6.82,8.63,5.85,7.72,4.89,10.84,11.34,5.55,6.4,3.94,3.89,3.69,5.89,3.9,4.05,3.57,3.98,3.88,5.29,2.96
4.66,5.06,9.05,3.75,3.67,4.07,9.54,4.18,3.58,3.72,5.93,7.01,3.44,8.19,14.16,8.09,8.57,4.44,3.23,3.86,3.41,5.43,6.41,6.04,9.03,7.05,6.96,4.23,10.62,11.53,4.22,5.95,3.52,3.76,3.76,5.6,3.65,3.7,3.49,3.51,4.04,4.72,3.2
5.66,4.83,9.66,3.79,4.49,4.09,9.35,4.13,3.96,3.8,6.13,7.36,3.5,8.01,13.71,9.1,8.36,3.93,3.49,4.01,3.02,5.87,6.87,6.61,8.7,6.39,7.39,4.25,10.32,11.51,4.52,6.43,3.78,4.15,3.76,5.98,3.96,3.88,4.36,3.84,3.76,3.49,3.0
4.47,4.92,10.1,3.58,3.68,3.81,8.92,3.66,4.07,3.87,5.2,6.34,3.88,7.45,13.94,9.23,8.58,3.83,4.39,3.55,3.23,6.63,7.01,6.83,8.61,6.53,6.91,3.92,10.04,11.23,4.53,6.68,3.7,3.87,3.78,5.82,3.56,4.2,3.8,3.75,4.56,4.67,3.17
5.29,4.95,9.62,4.24,3.99,3.75,10.49,4.5,4.47,3.93,5.67,6.51,3.49,7.8,13.79,8.88,8.18,3.86,3.86,3.73,3.04,6.47,6.6,6.23,8.31,6.07,6.91,4.28,9.71,10.79,4.04,6.34,3.92,3.86,3.78,5.86,3.89,3.28,3.64,3.98,4.67,3.32,3.4
5.72,4.55,9.61,3.23,3.89,3.92,9.61,4.23,4.22,3.49,5.66,7.28,3.58,8.1,13.33,9.51,9.7,3.81,3.94,3.67,3.12,6.52,6.23,6.65,8.22,5.78,6.34,3.71,10.48,11.06,4.76,6.81,3.75,3.29,3.58,5.43,3.6,3.93,4.04,3.76,4.55,4.45,3.47
6.21,4.14,9.33,3.71,4.06,3.39,9.27,3.77,4.34,4.22,4.96,5.22,3.45,6.42,12.5,8.65,7.09,4.1,3.94,3.9,3.12,6.54,6.34,6.13,8.6,5.45,6.4,4.03,8.56,10.42,4.26,6.19,3.52,3.99,3.45,5.81,3.46,3.88,3.92,4.07,4.68,3.25,2.76
6.25,4.58,9.88,3.49,3.72,3.66,9.47,4.02,4.45,4.59,4.5,5.02,3.66,6.5,13.28,8.2,7.68,4.35,3.55,4.32,2.86,6.61,6.35,6.7,8.86,5.71,6.63,4.06,8.93,10.76,5.8,6.58,3.75,4.03,3.72,5.66,3.74,3.82,3.43,3.38,4.23,3.54,3.01
6.4,4.57,8.74,3.91,3.72,3.85,9.86,4.5,3.86,3.9,5.92,6.47,3.9,7.88,13.4,9.62,8.44,3.72,4.27,4.03,3.05,6.54,6.62,6.21,8.81,6.14,6.49,4.25,7.94,10.43,4.24,6.51,3.62,3.65,3.36,5.68,3.38,3.7,3.63,3.61,4.0,3.76,2.92
5.94,4.2,9.92,3.84,2.95,3.98,9.41,4.23,4.2,3.61,5.07,5.06,3.53,7.05,12.31,8.7,8.06,3.48,4.21,3.7,3.0,6.49,6.61,6.32,8.41,5.54,6.41,3.4,10.38,11.35,5.1,5.99,3.62,3.75,3.77,5.39,3.76,3.56,3.7,3.47,4.15,3.99,2.83
5.77,5.2,8.66,3.74,3.99,3.98,10.07,4.11,3.9,3.43,5.31,5.95,3.51,7.2,12.69,8.48,7.41,3.79,3.66,4.22,3.19,6.85,6.6,6.26,8.65,5.83,6.42,4.4,9.6,9.58,4.61,6.43,3.79,3.29,4.12,4.76,3.81,3.83,3.59,3.78,4.8,4.17,3.1
6.19,5.45,9.8,3.89,3.42,3.64,9.82,4.21,4.3,4.75,4.75,5.18,3.56,6.87,12.25,8.23,7.49,4.2,3.67,3.94,3.01,6.71,6.81,6.42,8.68,5.7,6.94,4.17,10.32,10.61,3.83,7.14,3.82,4.13,3.57,5.48,3.61,4.78,4.34,3.83,4.32,4.34,2.74
5.89,4.74,8.84,3.62,3.47,3.99,9.88,4.22,4.61,3.67,5.4,5.59,3.53,7.28,13.0,7.89,7.47,3.92,3.72,3.97,3.01,5.46,6.24,5.99,8.32,6.08,6.16,3.51,9.85,9.3,4.02,5.81,3.58,3.67,4.19,4.87,3.93,4.46,3.54,3.81,5.09,3.86,2.87
5.85,4.65,10.42,3.83,3.43,3.75,9.73,4.25,3.77,3.62,4.54,5.06,3.67,6.83,12.36,8.77,9.71,3.93,3.62,3.78,3.11,5.5,6.69,6.71,8.45,6.32,6.81,3.36,9.44,10.22,4.37,5.98,3.62,3.43,3.77,5.36,3.68,3.61,3.7,3.74,4.67,3.71,2.8
5.87,5.18,8.2,3.59,3.64,4.3,9.28,4.07,4.09,3.5,4.99,5.09,3.41,6.68,12.29,8.27,8.71,3.98,3.44,3.7,3.08,6.12,6.0,6.03,7.78,5.58,6.82,3.92,10.13,10.16,3.83,7.09,3.56,3.7,3.96,5.38,3.64,4.25,3.99,3.82,5.28,3.54,3.3
6.08,5.2,8.96,3.65,3.85,3.89,9.72,4.11,4.3,4.07,4.38,5.1,3.6,6.63,11.12,8.36,8.68,3.75,3.79,3.53,3.28,6.77,6.35,6.61,7.8,6.5,6.52,3.72,8.98,10.16,3.8,7.05,3.65,4.17,3.72,5.54,3.59,4.2,3.59,3.87,3.77,3.69,2.7
6.47,4.89,9.22,3.5,3.91,3.84,10.32,4.8,3.79,3.95,5.4,4.92,3.56,6.74,11.93,7.75,7.57,4.12,4.05,4.18,3.11,6.88,5.97,6.18,7.64,4.47,6.66,4.01,9.61,10.18,5.63,5.39,3.5,3.54,3.82,5.12,3.39,4.02,3.77,3.71,5.34,4.01,2.94
6.56,5.05,8.59,3.47,3.67,3.81,9.19,4.27,4.02,3.74,5.43,5.05,3.55,7.18,12.55,6.61,7.59,4.67,3.6,4.0,3.33,6.14,5.91,6.48,7.47,5.1,6.83,4.36,10.08,11.01,5.02,6.41,3.99,3.94,3.74,5.82,3.65,3.9,3.7,3.88,5.12,3.87,3.27
6.12,5.04,8.94,3.41,4.0,3.64,10.05,4.26,3.91,3.45,5.4,5.08,3.56,6.2,11.9,7.79,7.24,4.18,3.62,4.1,3.16,6.14,5.61,7.24,7.76,4.68,6.58,4.7,10.48,11.06,4.5,6.1,3.82,3.62,3.67,5.27,3.6,4.18,3.69,3.89,5.54,3.83,2.84
6.3,5.25,9.24,3.84,3.34,3.82,9.49,4.26,4.37,3.89,5.12,4.88,3.71,6.72,12.32,7.03,7.47,4.77,3.23,4.18,3.31,5.99,6.24,6.76,9.14,4.93,6.86,3.44,10.37,11.74,3.77,6.7,3.81,3.87,3.47,5.89,3.68,3.94,3.93,4.05,4.21,4.2,3.06
6.03,4.95,8.57,3.77,3.59,3.92,9.72,4.3,4.23,3.83,4.69,5.26,3.52,6.86,12.49,7.16,8.62,3.82,3.47,3.72,3.05,6.22,5.67,6.04,8.9,5.02,6.51,4.52,10.18,11.33,4.34,6.39,3.59,3.79,3.8,5.35,3.76,3.27,3.78,3.8,5.29,4.88,2.94
6.28,4.33,9.63,3.58,3.27,4.19,10.02,4.11,3.66,3.96,5.34,5.18,3.4,6.68,11.8,7.3,7.91,4.99,4.05,3.89,3.08,6.69,6.42,6.55,9.16,5.62,7.06,3.83,11.05,11.4,4.49,6.4,4.03,3.32,3.62,5.35,3.68,3.71,3.64,3.76,3.9,4.01,3.18
6.51,4.41,9.4,3.59,3.19,3.71,8.9,3.81,4.55,4.9,5.24,5.14,3.77,6.56,12.49,8.23,7.63,4.74,3.42,3.7,3.24,6.29,6.73,6.11,8.7,5.02,6.64,3.94,10.06,10.87,4.62,6.69,3.6,3.49,3.32,5.49,3.61,3.6,4.49,4.15,4.67,4.44,3.16
6.56,4.81,9.72,3.18,3.29,3.89,9.16,4.87,3.97,3.95,5.77,5.97,3.44,7.17,13.44,8.02,8.61,3.63,4.05,4.37,3.29,6.07,6.71,7.39,9.44,5.87,6.89,4.07,10.78,11.46,4.2,6.69,4.18,3.72,4.41,5.51,3.95,3.5,3.59,3.66,3.88,5.37,3.17
6.06,5.57,9.34,3.8,3.52,3.89,8.91,3.86,3.88,3.7,5.34,5.48,3.52,7.06,12.59,7.21,8.45,3.97,3.66,4.6,3.15,6.28,6.39,7.43,8.55,6.16,7.12,3.53,11.11,11.57,3.91,6.53,4.63,4.03,3.69,5.92,3.58,3.74,3.4,3.7,4.19,4.26,3.13
5.41,5.24,10.38,3.38,3.62,3.63,9.25,3.89,3.65,3.71,4.98,5.17,3.81,6.67,12.5,6.54,7.39,4.84,3.75,4.51,2.99,6.28,6.74,7.35,9.2,5.38,7.52,4.28,11.0,11.95,4.43,6.49,3.6,4.04,4.18,5.86,3.95,3.8,3.39,3.43,4.53,3.97,2.78
6.14,4.56,8.9,3.61,3.63,3.88,9.62,4.2,3.94,3.78,4.72,5.02,3.85,7.03,12.88,7.4,7.32,4.08,3.51,4.65,3.07,7.02,6.77,8.07,8.4,6.49,7.16,3.8,11.09,11.86,4.66,6.93,3.62,4.45,3.21,6.12,3.31,3.51,4.87,3.93,4.44,5.29,3.03
5.83,4.51,9.06,3.45,3.87,4.28,9.38,4.46,4.49,3.89,6.36,5.72,3.83,7.36,12.85,9.27,8.53,3.45,3.41,4.65,3.17,6.15,6.35,6.62,8.82,6.63,7.2,3.44,10.12,11.21,4.26,6.37,3.62,3.95,3.84,5.88,3.88,3.72,3.73,3.86,4.01,4.69,2.97
6.74,4.5,9.56,3.69,3.68,3.81,9.59,4.3,3.9,3.81,5.64,5.0,3.79,6.59,12.93,7.94,9.77,4.31,4.06,4.16,3.02,6.56,7.05,8.13,8.97,7.05,6.94,3.31,10.85,11.78,4.55,6.68,4.16,4.24,3.58,6.19,3.95,4.22,3.38,3.9,3.75,3.84,3.02
5.75,4.73,8.91,3.39,3.51,3.83,9.35,4.15,3.97,3.83,5.33,5.4,3.25,7.07,13.19,8.43,8.29,3.72,3.79,4.36,3.23,5.8,6.43,7.24,8.99,6.88,7.1,4.04,10.04,11.9,3.63,6.91,3.44,4.41,4.05,6.49,3.14,4.02,3.51,3.86,3.75,3.34,2.82
5.76,4.59,10.08,3.71,4.05,4.02,9.86,3.88,4.07,3.75,5.04,4.78,3.54,6.63,12.29,8.01,7.6,4.0,3.92,4.16,2.97,7.17,6.88,8.56,8.93,6.69,6.94,3.65,9.47,11.16,4.56,7.51,4.01,4.69,3.27,6.4,3.87,3.62,3.94,3.95,4.09,4.95,2.96
5.86,4.56,8.82,3.65,4.36,4.02,9.73,4.26,4.81,3.29,6.41,5.45,3.64,7.08,13.48,8.4,7.72,3.98,3.42,3.86,3.05,6.05,6.41,6.24,8.6,7.13,7.91,4.76,10.3,11.71,4.95,7.84,4.03,4.41,3.84,6.38,3.78,4.25,4.58,3.98,4.02,3.95,3.19
5.4,4.47,9.44,3.48,3.77,3.81,9.69,4.6,4.64,3.7,5.18,5.25,3.45,7.03,12.91,7.52,7.89,3.4,3.73,3.75,3.06,6.81,6.93,6.04,8.32,5.84,7.84,3.98,9.51,11.02,4.63,8.46,4.03,4.87,3.42,6.62,3.65,3.45,3.52,4.17,5.82,5.07,2.83
5.94,4.98,9.59,3.62,3.71,3.94,9.8,4.06,4.13,3.84,5.33,5.31,4.37,7.13,12.63,7.72,7.98,3.46,3.78,3.67,3.15,6.56,6.27,6.45,8.81,4.76,6.95,4.11,10.34,11.36,4.31,6.35,3.45,4.01,3.54,5.72,3.4,3.46,3.91,3.66,3.88,4.88,2.96
5.94,5.11,8.91,3.51,3.42,3.87,9.01,4.01,4.07,4.24,5.62,5.92,3.66,7.45,13.38,8.19,8.04,4.83,3.85,4.43,3.19,6.41,5.81,7.73,7.96,5.88,6.45,3.52,10.31,11.45,4.85,7.31,4.11,4.29,4.06,5.95,3.93,3.54,3.81,3.65,4.03,4.73,2.77
5.64,5.43,9.8,3.66,3.72,3.96,9.67,4.28,4.17,3.63,5.49,6.9,3.73,8.0,13.42,8.06,8.52,4.49,3.6,4.08,3.25,6.0,7.32,6.81,9.34,6.56,7.39,3.72,10.87,12.04,4.57,6.81,4.03,4.41,4.0,6.04,4.06,3.93,3.42,3.71,4.38,3.99,3.2
5.33,4.54,8.9,3.68,3.46,3.88,9.89,4.42,4.34,3.54,4.52,5.41,3.69,7.02,12.47,8.29,7.83,4.14,3.5,4.4,2.92,6.38,6.6,7.56,8.64,5.82,7.49,3.95,10.51,11.49,4.58,7.24,3.48,3.82,3.8,5.58,3.61,3.41,4.49,3.5,4.79,3.53,2.98
5.16,4.12,9.71,3.21,3.74,3.77,9.3,4.1,4.8,4.05,6.39,6.74,3.61,8.68,12.79,6.8,8.26,4.49,3.85,4.45,2.93,5.96,6.65,6.83,8.99,5.46,7.19,3.59,10.59,11.94,4.75,7.31,3.46,4.36,3.99,6.21,3.78,3.49,3.75,3.82,4.58,3.75,2.74
5.45,4.34,9.83,3.51,3.56,3.73,9.65,3.88,3.8,3.97,7.03,8.03,3.55,8.54,12.43,8.26,8.22,4.08,4.15,4.16,3.21,5.78,6.43,6.85,8.66,5.15,6.85,3.02,11.73,11.48,5.32,7.48,4.6,4.74,3.51,6.77,3.99,3.92,4.17,4.33,4.35,4.12,3.32
6.31,5.06,8.96,3.6,3.69,3.56,10.7,3.88,3.41,3.46,7.02,7.11,3.73,8.67,13.47,7.88,7.96,3.82,4.71,4.29,3.42,7.56,6.68,6.3,8.74,4.24,7.99,5.36,11.54,12.24,6.67,7.92,4.21,5.01,3.73,6.84,3.89,3.73,3.75,3.79,4.5,3.69,3.02
6.19,4.53,9.88,3.62,3.9,4.05,9.43,3.9,4.32,3.41,6.85,7.58,3.61,8.88,13.44,8.35,8.65,4.25,3.38,4.74,3.06,5.96,6.61,6.66,8.86,5.42,6.88,3.6,11.66,12.2,5.9,8.16,4.46,5.41,4.08,6.99,4.04,3.72,4.08,3.97,4.06,4.47,3.4
5.7,4.64,10.07,3.29,3.79,3.87,9.26,3.78,4.16,3.59,7.63,7.99,3.73,8.85,12.88,7.34,7.67,4.67,3.48,4.06,3.04,5.82,6.48,6.47,8.71,5.54,7.19,4.28,10.47,11.27,4.75,6.6,3.54,4.95,3.9,6.4,3.92,4.07,3.73,3.71,5.11,4.17,2.75
6.38,4.36,10.22,3.83,3.83,4.15,9.13,4.27,3.74,3.49,7.12,7.7,3.34,8.8,12.25,7.33,7.36,3.97,3.67,4.85,3.2,6.91,7.27,7.68,8.64,5.47,7.54,4.04,10.45,10.69,4.5,7.19,3.87,3.82,3.78,5.76,3.66,3.68,3.84,3.95,4.21,4.2,2.67
6.15,5.02,10.29,3.74,3.41,3.79,8.63,3.74,3.74,3.35,6.96,7.41,3.31,8.8,12.91,7.76,7.11,3.75,3.33,4.25,3.09,6.08,6.98,7.17,9.21,5.35,6.96,4.51,10.5,10.12,5.39,6.98,4.38,3.96,3.63,5.87,3.8,4.09,3.38,3.83,3.73,5.03,2.85
7.37,4.84,9.86,3.77,3.5,3.9,8.55,4.12,4.24,3.89,6.82,7.31,3.63,8.29,12.02,7.11,6.87,3.98,3.85,4.64,3.16,6.08,6.83,6.42,9.09,5.26,7.36,4.29,10.3,10.94,4.21,7.15,4.3,4.48,3.93,6.46,3.7,4.11,3.67,4.12,3.63,5.05,2.98
6.54,5.69,8.5,3.87,3.51,3.67,10.2,4.08,4.16,3.79,7.23,6.65,3.61,8.32,12.22,6.14,7.11,3.59,3.67,4.46,3.07,6.72,5.94,8.06,8.54,4.88,6.4,4.32,9.29,10.44,4.52,6.12,3.33,3.87,3.45,5.82,3.5,3.24,3.62,3.94,4.21,4.68,3.04
6.67,5.23,8.74,3.6,3.23,3.8,9.17,3.8,4.47,3.85,7.5,7.83,3.41,8.85,13.22,7.5,8.47,4.72,3.75,4.43,3.12,6.35,6.61,7.5,8.96,5.51,6.49,3.4,8.59,10.37,3.56,7.3,3.55,4.02,3.79,5.9,3.55,3.55,3.66,3.85,4.42,5.16,2.98
6.1,5.05,8.98,3.56,3.76,3.57,9.22,3.86,4.12,3.98,6.24,7.11,3.64,8.33,12.96,7.26,8.08,3.82,3.56,4.43,2.98,6.35,6.48,7.26,9.13,6.63,7.17,3.83,9.49,10.43,3.84,6.47,3.92,3.85,3.78,5.61,3.62,3.48,3.68,3.81,3.77,5.39,3.0
6.3,4.81,9.7,3.78,3.82,4.62,8.98,4.67,4.24,4.1,7.87,7.82,3.64,8.95,13.02,7.73,7.14,3.95,3.85,4.1,3.06,5.51,6.6,6.3,8.86,4.96,6.98,3.79,10.05,10.99,4.06,6.92,3.7,4.1,3.69,6.12,3.63,3.67,3.79,3.95,3.65,3.99,3.05
5.77,4.41,8.98,3.68,3.75,3.71,9.6,3.96,4.19,3.49,6.29,7.41,3.78,8.84,12.88,7.22,7.33,4.01,3.21,4.18,3.1,6.36,7.4,7.66,8.84,4.61,7.41,3.73,10.41,11.57,4.62,7.37,3.71,3.63,3.72,5.85,3.51,3.97,4.0,4.52,4.51,5.02,2.78
6.06,5.53,10.13,3.4,4.51,3.44,9.46,3.63,4.19,3.91,6.94,7.47,3.75,8.23,11.7,6.54,6.77,4.0,3.45,4.55,3.11,6.87,6.52,8.32,8.66,4.76,7.31,3.82,8.7,9.46,3.96,6.48,3.63,3.4,3.63,5.37,3.54,4.16,3.47,3.54,4.51,5.34,3.04
5.81,5.07,8.54,3.5,3.85,3.78,9.45,3.96,4.15,3.99,5.67,6.81,3.54,7.98,11.98,7.27,6.69,4.05,3.94,4.61,2.99,5.92,6.74,6.62,8.79,4.76,6.42,4.15,8.97,9.98,4.0,6.45,3.34,3.85,3.83,5.8,3.37,4.21,3.58,3.94,4.09,5.46,2.83
5.9,4.93,10.27,3.57,3.38,3.86,10.14,3.86,3.86,3.63,7.53,8.19,3.7,9.22,11.5,8.02,7.86,3.72,3.59,4.52,3.09,6.3,6.61,6.96,8.66,5.53,6.8,4.42,10.01,10.42,4.41,7.04,3.31,3.67,3.43,5.63,3.58,4.12,3.34,3.52,3.88,5.64,2.83
7.05,5.88,9.72,3.74,3.19,4.06,10.16,3.82,4.52,4.57,7.31,7.92,3.32,9.26,13.01,7.52,7.75,4.08,3.49,4.55,3.15,6.56,6.77,7.05,8.76,5.66,7.28,3.78,9.99,10.77,4.37,8.41,3.57,4.79,3.47,6.61,3.33,3.56,3.41,3.86,3.69,5.91,2.87
6.58,4.1,10.23,3.35,4.21,3.68,10.25,4.29,3.78,4.04,6.43,7.78,3.54,8.85,12.78,7.43,7.82,3.78,3.91,4.55,3.13,6.69,6.9,7.55,9.66,5.14,6.78,4.22,10.54,10.82,4.47,8.23,4.22,4.21,3.68,6.4,4.2,4.03,3.68,4.04,4.06,4.8,2.95
5.53,5.43,8.79,3.64,3.31,3.82,10.31,4.78,4.24,3.88,5.29,7.26,3.52,8.15,12.84,7.05,9.19,3.62,3.64,4.8,2.96,6.13,6.57,7.05,8.62,4.95,6.92,4.2,9.23,10.45,4.36,7.89,3.51,3.17,3.64,5.43,3.67,3.62,3.68,3.61,3.88,4.27,2.94
6.23,4.28,9.34,4.18,3.46,4.12,9.86,4.21,3.68,4.63,5.5,6.46,3.38,8.24,12.06,7.07,7.81,3.98,3.52,4.58,3.07,6.53,6.71,7.98,8.25,5.22,7.01,3.96,9.56,10.58,4.88,8.18,3.84,4.36,3.47,6.5,3.58,3.98,3.59,3.64,3.57,4.24,2.89
5.95,4.85,8.53,3.83,3.74,4.35,10.41,5.07,3.63,3.85,5.28,7.19,3.67,8.05,10.99,7.4,7.51,3.73,3.65,4.4,3.1,6.86,7.08,8.31,9.0,4.8,7.06,4.04,9.69,10.54,5.41,8.22,3.93,3.98,3.88,6.03,3.95,3.74,4.07,4.04,3.95,4.26,2.77
5.92,4.94,8.72,3.88,4.93,4.41,10.4,5.27,4.01,3.67,6.96,7.54,3.61,8.47,12.37,6.97,7.91,4.63,4.19,4.95,3.11,6.11,7.22,7.22,8.47,5.61,7.22,3.96,10.78,11.73,4.24,8.25,3.41,3.6,3.49,5.44,3.7,4.15,4.02,3.78,4.05,4.32,2.98
6.35,5.08,10.29,4.03,3.49,3.66,9.24,3.75,4.28,3.81,7.45,7.67,3.84,8.88,12.48,7.62,7.69,3.93,3.88,4.5,3.51,6.36,7.17,6.47,9.23,5.01,7.44,3.9,10.5,12.36,5.52,8.24,3.4,3.38,3.91,5.44,3.47,4.03,4.19,4.02,3.92,4.31,3.06
6.25,4.46,9.84,3.76,3.62,3.73,9.79,4.18,3.81,3.89,6.53,7.32,3.8,9.0,13.14,8.84,7.51,3.62,3.78,4.22,3.03,6.17,6.61,7.39,8.38,5.89,7.01,4.23,9.77,11.33,4.7,7.6,3.64,3.59,3.76,5.62,3.65,3.96,3.71,3.88,3.89,4.21,2.95
6.34,5.09,9.83,3.54,3.8,3.86,9.66,4.04,3.8,3.43,7.2,8.34,3.87,9.4,12.97,7.71,7.01,4.11,4.0,3.76,3.08,6.68,6.45,6.47,8.99,5.14,6.87,4.48,10.87,11.99,5.03,6.77,3.24,3.13,3.44,5.2,3.52,3.8,3.93,3.86,4.67,3.61,3.07
6.27,4.77,9.71,4.03,3.77,3.83,9.73,4.19,4.51,3.64,7.04,8.12,4.03,8.77,11.69,7.19,7.54,3.99,4.35,4.21,2.98,5.99,6.66,6.88,8.67,4.81,6.94,3.36,11.22,11.58,5.11,7.25,4.23,3.8,3.05,5.9,3.63,4.62,4.11,4.07,5.15,4.09,2.93
6.5,4.61,10.06,3.6,3.34,3.66,9.58,3.81,3.95,3.94,6.15,7.26,3.43,8.42,12.71,6.71,6.93,4.53,3.91,4.48,3.04,6.37,6.85,7.79,8.16,4.44,6.91,5.33,9.48,11.43,5.76,6.95,3.92,3.46,4.0,5.55,3.77,4.56,3.61,4.03,3.43,3.43,2.81
5.36,4.46,9.6,3.45,3.67,3.68,9.79,4.06,4.69,3.57,5.82,7.22,3.98,8.35,12.56,6.51,8.41,3.43,3.48,4.72,3.39,6.32,6.3,6.93,8.09,4.91,7.13,4.49,10.84,11.55,5.17,7.59,3.9,4.15,3.41,6.38,3.72,4.19,3.36,3.35,4.24,4.19,3.21
6.29,5.16,9.38,3.45,3.47,3.7,9.3,3.84,4.54,3.63,7.57,8.32,3.61,9.16,12.98,7.29,8.04,3.95,3.71,4.08,2.97,5.69,6.55,6.68,8.92,5.14,6.74,4.04,9.39,10.55,4.15,6.92,3.26,4.07,3.89,6.09,3.54,4.27,3.72,3.59,4.1,3.92,2.76
6.01,4.27,10.04,3.84,3.94,3.83,9.56,4.44,4.71,3.8,4.78,5.8,3.38,7.14,12.1,6.54,8.06,3.93,3.55,4.58,3.35,6.91,7.03,8.23,8.85,4.26,7.44,4.04,10.7,12.36,6.02,7.91,3.48,4.32,3.68,6.58,3.85,4.1,3.31,3.76,3.47,4.05,3.09
6.45,5.34,9.21,3.26,3.85,4.36,9.13,4.33,3.74,3.41,7.23,8.1,3.65,9.15,12.62,6.84,7.48,3.56,3.72,4.61,3.18,5.88,6.99,6.34,8.93,4.21,6.8,3.82,9.66,11.74,4.72,7.97,3.47,3.47,3.36,5.56,3.53,4.2,3.54,3.78,4.27,4.06,2.86
5.46,4.29,9.04,3.74,3.3,3.79,9.54,4.6,4.48,3.85,5.18,5.83,3.74,7.04,13.02,6.79,7.75,3.34,3.93,4.14,3.06,6.06,6.74,7.07,9.01,4.59,7.44,3.64,9.61,11.57,4.04,7.99,3.84,3.46,3.52,5.38,3.76,4.24,4.56,3.9,4.43,4.28,2.79
7.28,5.33,9.36,3.64,3.72,3.99,9.69,4.1,4.23,3.53,6.73,7.58,3.59,8.93,11.86,7.72,8.67,4.42,3.65,3.95,3.12,6.12,6.56,6.97,8.95,5.07,6.83,4.28,10.04,11.33,4.65,6.67,3.22,3.89,3.5,6.0,3.74,4.39,3.75,3.86,3.59,4.71,3.18
7.29,4.87,10.1,3.62,3.53,4.02,10.6,4.2,4.07,3.99,6.43,7.33,3.45,8.92,11.92,7.32,7.75,4.28,3.55,4.35,3.18,6.0,6.75,7.4,8.36,4.44,7.08,3.9,10.32,11.5,5.2,6.33,3.28,3.24,3.65,5.22,3.51,3.71,3.75,3.35,3.74,3.71,3.06
7.47,4.13,10.2,3.83,3.86,3.67,9.67,4.3,4.5,3.35,6.49,7.99,3.72,9.04,12.16,7.22,8.68,4.01,4.48,4.46,3.09,5.5,6.96,5.94,9.2,5.08,7.38,3.97,10.57,11.99,5.0,7.19,3.35,3.76,3.92,5.99,3.71,3.89,4.22,3.77,3.98,4.2,2.89
6.59,4.6,9.92,3.51,3.48,3.97,9.86,4.37,4.3,3.63,7.01,7.5,3.84,8.8,12.38,7.86,7.61,3.57,3.78,3.94,3.12,5.88,6.95,6.65,9.2,4.44,7.14,4.25,9.41,10.87,4.65,8.17,3.5,4.71,3.45,6.9,3.84,4.85,4.18,3.88,3.81,4.45,3.08
6.38,5.81,9.45,3.52,3.34,3.76,9.89,4.11,3.94,3.56,5.28,7.17,3.71,8.15,11.31,7.24,7.03,3.38,3.73,3.75,3.08,5.34,6.61,5.56,8.04,4.42,6.5,4.05,11.05,11.65,5.47,6.96,3.8,3.2,3.59,5.19,3.64,3.85,4.73,4.26,3.82,4.1,2.99
6.74,5.79,9.2,4.57,3.64,3.81,9.72,4.19,3.88,4.12,5.92,7.03,3.47,8.24,11.65,8.05,7.21,3.27,3.86,3.65,3.08,5.07,6.59,5.22,8.41,4.04,6.64,4.36,9.28,11.26,5.63,7.31,3.43,3.47,3.95,5.49,3.73,4.15,3.37,4.01,3.48,4.01,3.26
6.99,5.4,9.71,4.01,3.8,4.36,10.98,4.15,3.8,3.73,6.23,6.94,3.58,8.76,11.04,7.69,7.3,3.38,3.57,4.21,3.1,5.62,7.13,5.88,8.54,4.25,7.32,4.56,11.4,12.06,5.27,7.66,3.85,3.91,3.36,5.9,3.52,4.97,3.81,4.21,3.89,3.38,2.93
6.66,5.36,10.03,3.67,3.44,3.8,9.87,4.0,4.3,4.5,5.2,5.91,3.64,7.82,12.4,6.36,7.13,3.6,3.5,3.45,3.21,5.52,6.73,5.56,8.88,4.48,7.27,4.7,11.17,12.08,5.78,7.08,3.84,3.41,3.37,5.34,3.56,4.35,3.76,3.67,4.25,3.66,3.21
6.53,5.11,10.22,4.23,3.45,4.27,10.72,5.17,3.78,4.5,4.46,5.71,3.63,7.39,11.93,6.43,8.04,4.01,3.64,4.25,3.22,6.19,7.15,6.53,8.79,4.07,7.57,4.83,10.39,11.83,4.51,7.56,3.32,4.59,3.51,6.64,3.46,3.99,3.71,3.75,3.63,4.14,3.09
7.03,4.97,10.03,4.23,3.63,3.89,9.78,4.05,3.71,3.69,6.27,6.75,3.66,8.59,11.46,6.73,7.79,3.6,4.1,4.36,3.17,6.07,6.47,6.92,8.64,4.19,7.24,4.19,11.25,12.27,4.97,7.42,3.65,3.95,3.27,5.94,3.47,3.86,3.77,3.75,3.93,3.61,3.02
6.62,5.05,10.15,3.62,3.86,3.89,9.26,4.21,4.37,4.7,5.01,5.08,3.71,7.14,12.88,8.7,8.45,3.66,4.08,4.78,2.98,6.65,7.17,6.82,9.33,5.13,6.63,3.56,11.39,12.04,4.74,8.05,3.08,4.38,3.31,6.48,3.61,3.5,3.86,3.63,3.43,4.18,2.89
7.38,4.47,9.5,3.71,3.36,3.87,10.09,4.04,4.09,4.49,4.65,5.22,3.38,6.88,11.6,8.55,8.02,3.6,4.74,3.74,3.47,5.09,6.38,5.76,8.65,4.93,6.54,4.28,10.42,11.38,5.17,7.52,3.35,3.35,3.18,5.51,3.43,3.9,4.12,4.07,3.64,3.92,2.81
7.74,4.79,10.38,3.76,3.48,3.68,9.78,3.65,3.97,3.92,4.65,5.44,3.84,7.33,13.02,8.34,7.89,4.08,3.55,3.58,3.12,5.61,7.64,5.92,9.31,4.47,7.66,5.32,11.17,12.21,6.11,7.6,3.8,3.77,3.23,5.85,3.55,3.82,3.28,3.97,4.14,3.91,2.83
7.72,5.55,9.36,3.77,3.46,4.16,9.17,4.29,3.93,5.05,5.6,5.35,3.29,7.14,12.1,7.25,8.45,4.43,3.67,3.63,3.34,5.22,6.63,5.51,8.91,4.99,6.75,3.45,10.52,11.54,4.31,7.62,3.45,4.42,3.51,6.54,3.77,3.98,3.41,3.54,3.78,4.11,2.97
7.14,5.06,9.34,3.55,3.82,4.02,9.56,4.81,4.15,4.32,4.88,4.85,3.59,6.83,12.76,8.26,7.62,4.51,3.37,4.03,3.13,5.32,6.47,6.05,8.57,4.75,6.96,4.16,11.1,12.29,4.84,7.89,3.61,4.01,3.67,6.05,3.65,3.65,4.75,3.68,4.12,3.69,3.15
6.87,4.94,10.62,3.64,3.45,3.52,8.75,4.17,3.85,4.69,5.31,5.77,3.4,7.44,13.66,8.08,8.01,4.58,4.39,3.95,3.14,5.58,7.17,5.42,8.77,4.12,7.07,3.28,10.65,12.19,4.39,7.03,3.23,3.53,3.93,5.61,3.98,3.45,3.59,3.95,4.4,3.44,2.88
6.2,4.72,9.97,3.34,3.45,3.88,8.36,4.01,3.92,3.53,5.6,7.13,3.46,7.8,13.1,8.29,8.2,4.62,3.61,4.29,3.35,5.31,6.87,5.37,8.85,4.8,7.06,4.07,10.4,11.39,3.74,6.99,3.39,4.47,3.82,5.96,3.44,4.19,3.73,3.75,4.11,4.38,3.19
7.61,5.47,9.55,3.71,3.35,4.33,9.63,4.11,4.79,3.69,5.58,5.55,3.4,7.33,12.49,7.45,7.27,3.98,4.14,4.09,3.42,5.0,7.22,5.76,9.23,4.16,7.27,3.84,10.03,10.58,3.69,5.85,3.65,3.56,3.93,5.37,3.76,3.57,3.39,3.78,3.89,3.36,3.36
6.63,4.56,9.75,3.46,3.55,3.96,9.76,4.13,4.19,3.58,5.15,5.65,3.47,7.14,13.05,8.03,7.38,3.68,3.78,3.9,3.49,5.29,7.18,5.03,9.27,3.92,6.99,4.04,9.61,10.74,4.35,7.0,3.99,4.17,3.87,5.98,3.71,4.28,3.65,3.51,3.66,3.8,2.98
6.6,4.87,8.8,4.04,3.72,3.88,9.67,4.62,4.25,3.84,5.35,6.53,3.7,7.88,13.44,8.21,7.68,3.98,3.77,4.06,2.99,4.9,7.13,5.94,9.47,5.91,8.02,3.7,11.67,11.23,4.16,7.44,3.94,4.52,3.73,6.6,4.05,4.21,3.54,3.86,3.68,4.81,2.78
6.53,5.38,9.26,3.67,5.28,4.4,10.11,3.59,4.01,4.2,5.59,6.14,3.57,7.5,13.1,7.8,6.61,3.91,3.8,4.35,2.93,5.76,7.78,6.35,9.44,4.56,7.58,4.79,10.44,10.49,4.17,7.12,3.95,4.4,3.57,6.29,3.66,3.8,3.69,3.72,4.01,4.47,3.03
6.25,5.31,9.06,3.27,3.44,4.06,9.45,4.11,4.59,3.78,5.3,5.83,3.22,7.29,13.02,7.9,7.15,3.46,3.91,4.17,3.12,5.02,7.23,5.19,9.61,4.22,7.06,3.61,10.78,11.16,4.04,7.36,4.06,4.2,3.44,6.12,3.79,3.34,3.64,3.72,4.13,5.52,3.06
7.37,4.69,9.11,3.35,3.59,3.57,9.63,4.09,4.12,3.76,5.76,6.64,3.66,8.07,13.12,8.21,7.5,4.6,3.64,4.24,3.07,5.16,7.26,6.71,8.92,4.31,7.52,4.2,11.12,11.34,4.53,7.04,3.95,4.0,3.82,5.96,3.87,3.97,3.88,3.93,4.16,4.22,3.11
7.01,5.44,9.21,3.67,3.66,3.97,10.17,4.27,3.96,4.25,5.69,6.6,3.78,7.41,12.79,8.07,7.51,3.9,3.43,4.16,3.09,5.26,7.07,6.14,8.66,4.84,7.54,4.15,10.11,10.73,4.39,7.43,3.7,4.08,3.24,6.2,3.63,3.59,3.72,3.5,4.3,4.8,3.01
6.46,5.2,9.56,3.54,4.0,3.99,8.83,4.08,4.87,4.8,4.9,5.54,3.47,7.07,13.31,8.76,8.05,3.9,3.88,4.66,3.12,6.04,7.75,6.66,9.25,4.53,8.24,3.69,11.55,12.78,4.82,8.42,3.98,4.55,3.43,6.62,3.68,4.28,3.69,3.72,3.97,4.04,2.92
5.77,4.82,9.08,3.58,3.56,3.78,9.28,4.27,3.71,3.73,5.35,6.51,3.62,7.77,13.56,9.58,8.25,4.06,3.52,3.51,3.14,5.03,7.08,5.95,9.37,5.48,7.82,3.93,10.16,10.96,4.05,7.32,3.99,4.27,3.26,6.43,3.81,3.89,3.64,3.82,3.49,4.33,3.05
6.16,4.37,10.8,3.59,4.02,3.88,9.22,5.14,3.87,3.99,6.22,7.56,3.69,7.55,13.3,9.11,8.02,3.88,3.54,3.81,2.95,5.28,7.67,6.32,9.87,4.78,8.25,4.21,10.0,11.03,4.48,6.67,3.51,4.37,3.7,6.17,3.88,3.26,3.62,3.81,4.23,3.59,3.22
6.15,4.83,8.9,3.96,3.52,3.4,9.15,4.39,4.04,3.86,4.92,5.55,3.51,7.21,12.75,7.84,6.59,4.15,3.64,4.1,3.11,5.66,7.4,6.25,9.17,5.15,7.56,3.65,9.01,11.09,4.3,6.53,3.18,3.9,3.51,6.03,3.62,3.92,4.33,3.9,3.69,3.9,2.91
6.66,5.16,10.02,3.74,3.74,3.66,9.53,3.99,3.89,4.07,5.5,6.76,3.53,7.82,13.55,8.25,7.2,4.5,3.74,4.75,3.11,5.84,6.86,5.98,9.46,5.83,7.33,3.61,8.99,10.71,4.73,6.09,3.59,3.86,3.88,6.03,3.68,3.92,3.57,3.87,4.1,4.03,2.82
7.33,4.75,8.7,3.68,3.39,3.55,9.71,3.92,3.58,4.31,5.69,6.79,3.59,7.67,13.75,9.06,7.81,3.46,3.57,4.01,3.22,6.12,6.73,6.73,9.22,5.66,6.98,3.64,8.33,10.81,4.0,7.56,3.64,3.87,3.6,6.16,3.52,3.64,3.93,4.12,3.65,4.29,2.88
6.55,4.5,9.34,3.88,3.4,3.67,9.83,3.67,3.84,3.47,6.43,7.39,3.55,7.71,13.4,9.45,8.23,3.76,3.99,4.12,3.15,5.9,6.93,6.05,9.13,5.12,7.25,3.41,9.8,10.82,4.49,7.75,4.29,4.13,3.54,6.35,3.8,3.75,3.43,3.65,4.03,4.02,2.81
6.66,4.86,10.01,2.93,3.29,3.69,8.77,4.46,4.04,3.5,5.41,5.84,4.21,7.43,12.94,9.11,7.72,4.45,3.83,4.0,3.16,5.92,6.93,5.99,9.41,5.47,7.76,3.73,9.48,10.27,4.12,7.5,4.03,4.2,3.56,6.12,3.64,3.72,3.72,3.62,3.83,4.55,2.77
7.09,5.42,8.75,4.11,3.51,3.69,9.85,3.88,3.83,3.84,5.18,6.41,3.84,7.69,12.46,9.03,8.31,4.51,3.54,4.19,3.04,5.31,7.17,5.95,9.14,5.33,7.36,3.86,10.23,11.91,4.55,6.79,3.71,4.11,3.19,6.18,3.81,3.81,3.94,4.15,3.87,3.91,3.12
6.03,5.24,9.41,3.37,3.32,3.72,9.14,4.35,3.97,3.84,5.27,6.06,3.65,7.46,11.98,7.68,8.0,4.43,3.97,3.58,3.25,5.37,6.82,5.84,8.58,4.83,7.41,3.81,9.36,10.26,4.21,6.52,4.19,3.71,3.91,5.79,3.85,4.06,3.45,3.57,4.07,4.13,2.97
6.44,5.24,8.8,4.15,3.59,3.86,9.98,3.86,4.45,3.73,5.4,6.44,3.29,7.59,11.92,8.61,7.45,3.79,3.7,3.89,3.16,5.19,7.03,6.17,8.41,4.64,7.09,4.35,9.06,10.1,4.16,6.72,3.84,3.89,3.62,5.75,3.69,3.39,3.58,3.61,4.16,4.89,2.94
6.83,4.09,9.85,4.0,3.77,3.9,9.36,4.31,4.47,3.69,4.64,4.95,3.48,6.3,11.48,8.08,7.36,3.68,3.67,3.96,2.93,5.48,7.22,6.81,8.97,5.42,7.37,3.83,9.64,10.77,4.8,6.47,4.04,3.84,3.5,5.84,3.42,3.78,3.46,3.8,3.69,3.47,2.76
6.55,4.23,10.65,3.79,3.27,3.64,9.36,4.57,3.88,3.57,5.78,6.02,3.42,7.17,11.83,8.33,7.41,4.58,4.01,3.86,3.36,5.64,7.63,6.88,8.99,5.25,7.53,4.47,9.82,10.6,4.85,6.66,4.42,3.85,3.65,5.9,3.89,3.88,4.58,3.99,3.86,4.32,2.98
7.25,4.38,10.07,3.59,3.5,3.97,9.06,4.02,3.6,5.1,5.46,5.56,3.5,7.21,11.94,8.48,8.38,3.5,3.94,3.88,3.13,5.5,7.38,6.26,9.98,7.02,7.53,3.64,8.96,10.77,4.38,7.07,3.28,4.19,3.67,6.28,3.74,4.04,3.28,3.87,3.86,4.07,2.84
6.18,4.62,9.61,3.75,4.36,4.01,9.83,4.67,3.41,3.79,4.86,5.47,3.36,7.12,12.52,8.3,7.84,3.73,3.62,4.35,3.01,5.67,6.55,4.93,8.57,5.73,6.91,4.36,8.67,10.83,4.08,6.16,3.45,3.37,3.46,5.45,3.37,4.31,3.73,4.02,4.68,3.89,3.39
7.16,5.32,9.44,3.69,3.72,4.25,9.03,4.37,3.88,4.25,5.09,5.3,3.71,6.9,12.21,8.35,8.18,3.8,4.12,4.07,3.18,5.03,7.37,5.27,9.84,6.04,7.43,3.91,9.74,11.66,4.69,6.71,4.28,4.23,3.51,6.16,3.75,3.68,3.7,3.72,3.64,3.94,3.13
6.43,4.96,9.48,3.45,4.22,3.71,9.85,4.2,3.71,3.6,5.24,5.01,3.49,6.55,12.38,7.83,7.83,3.57,3.8,4.12,3.02,5.09,7.19,5.33,9.48,4.57,7.77,4.18,9.29,10.35,4.38,6.11,3.81,3.42,4.01,5.57,3.87,3.64,3.55,4.36,4.49,4.99,2.75
6.14,4.53,10.06,3.78,4.45,3.89,9.32,4.46,4.17,3.76,5.18,5.59,3.66,6.85,12.63,8.21,7.78,3.47,3.21,4.17,3.25,6.11,7.64,5.96,9.45,4.85,7.56,3.84,9.85,10.66,4.19,6.76,4.06,4.09,3.37,6.11,3.6,3.26,3.63,3.87,3.91,4.65,3.08
7.47,5.38,8.81,3.12,4.08,4.38,9.31,5.06,4.87,3.87,5.05,5.3,3.67,6.61,12.67,8.3,7.36,4.39,3.83,4.66,3.06,5.72,7.04,5.98,8.8,5.37,6.95,4.07,8.56,10.33,4.24,5.87,3.97,3.45,3.82,5.45,3.52,3.61,3.46,3.59,4.08,4.7,3.17
7.31,5.06,9.16,3.63,3.66,3.9,8.99,3.98,4.65,3.96,6.06,5.44,4.03,7.08,12.61,9.07,8.24,4.23,3.69,3.84,3.24,5.55,6.99,5.99,9.22,4.95,7.1,3.37,9.45,10.35,4.32,6.15,3.66,3.8,3.44,5.89,3.82,4.07,3.45,3.43,4.12,4.34,2.9
7.1,4.98,9.85,3.34,4.38,3.7,10.13,4.32,4.15,3.63,5.25,5.62,3.31,7.36,12.96,8.61,7.86,3.88,3.5,4.08,3.14,5.5,7.24,5.64,9.66,6.77,7.15,3.74,9.18,11.34,4.25,6.28,4.24,4.15,4.13,6.08,4.25,3.84,3.4,4.22,3.6,5.37,3.2
7.51,5.37,9.29,3.6,3.66,3.82,10.18,3.8,4.02,3.57,5.07,5.62,3.33,7.19,12.08,8.05,7.3,4.47,3.47,4.27,3.33,5.5,6.96,6.25,9.38,4.56,7.01,3.77,10.93,11.33,4.99,5.57,4.03,3.52,4.14,5.53,3.86,3.55,3.64,3.64,3.57,4.15,3.02
7.91,5.15,8.55,3.72,3.29,3.62,8.83,3.64,4.55,3.63,5.6,5.64,3.25,6.9,12.1,8.48,7.39,4.18,3.67,4.09,3.13,5.64,6.92,5.64,9.24,5.27,6.49,3.78,7.79,10.16,4.11,5.97,3.42,4.09,3.74,6.12,3.44,3.56,3.49,3.99,3.44,4.64,3.24
7.69,4.74,9.31,3.65,3.94,3.77,9.66,3.86,4.03,3.96,5.09,5.54,3.45,6.68,12.23,8.04,7.51,4.2,3.71,4.16,3.35,5.47,6.88,5.04,9.29,5.64,7.35,3.75,8.87,9.41,4.0,5.56,3.57,3.47,3.58,5.22,3.3,3.59,3.29,3.41,3.95,3.95,2.89
6.92,5.0,8.17,3.62,3.55,3.71,9.72,3.76,4.15,3.67,5.3,5.39,3.54,7.11,12.12,8.59,7.67,4.0,4.06,3.88,2.94,5.61,7.02,6.41,8.88,5.16,7.14,4.04,9.45,10.97,4.58,6.4,3.63,4.17,3.68,6.19,3.92,3.85,3.62,3.59,4.47,3.66,3.18
6.85,4.85,9.21,3.74,3.77,3.63,9.73,4.09,4.15,3.77,5.32,5.31,3.47,7.06,13.02,8.32,7.24,3.31,3.37,3.88,2.96,6.04,7.25,6.58,8.81,4.66,7.03,3.61,8.13,9.83,4.39,5.81,4.0,4.03,4.11,5.85,4.03,3.8,3.74,3.95,4.74,4.73,2.94
7.02,5.24,9.16,3.58,4.06,3.65,10.19,4.09,3.81,3.51,5.25,5.19,3.89,6.65,12.68,7.92,8.38,3.64,3.99,4.28,3.13,5.77,7.03,6.48,9.11,5.02,7.11,3.52,9.56,11.19,4.28,6.45,4.11,4.09,3.61,6.03,3.83,3.56,3.74,3.88,3.49,3.5,2.77
7.29,5.33,8.63,3.67,3.71,3.65,10.39,4.58,3.85,3.21,5.03,5.41,3.66,7.05,12.5,8.57,7.41,3.33,3.56,4.2,3.36,5.45,6.7,6.56,8.93,5.28,6.91,3.95,10.01,11.49,4.17,6.76,3.76,4.84,3.64,6.62,3.74,4.04,3.57,3.82,4.13,3.65,3.22
7.2,5.61,9.38,3.41,4.11,3.71,8.73,4.9,3.89,3.68,5.3,5.86,3.53,7.24,13.25,8.13,8.07,4.68,3.57,3.98,3.04,6.09,6.78,5.53,9.09,5.1,7.5,3.72,9.62,10.9,4.53,7.0,3.52,4.19,3.74,6.17,3.62,3.31,4.04,4.4,3.96,3.83,3.1
6.73,5.99,10.05,3.75,4.05,4.12,10.38,4.42,3.54,3.74,5.33,6.2,4.07,7.6,12.86,8.75,8.49,3.91,4.13,3.66,3.2,5.72,7.4,6.77,8.88,5.54,7.62,4.09,9.93,11.17,4.64,7.51,3.81,4.7,3.76,6.72,3.77,3.93,3.5,3.63,3.6,4.1,3.06
8.15,5.16,9.97,3.8,3.6,3.68,9.72,3.77,3.93,3.77,5.64,5.98,3.28,6.82,12.61,8.3,7.47,3.43,3.82,3.63,3.07,5.45,6.9,6.06,8.74,5.48,7.75,4.5,9.37,10.83,4.35,6.36,3.81,3.81,3.97,5.75,4.02,3.63,3.61,3.49,4.28,3.97,2.88
7.14,4.67,9.77,3.69,3.99,4.26,9.08,4.06,4.28,3.69,5.33,5.82,3.49,6.93,12.58,8.56,8.29,3.74,3.68,3.96,3.14,5.8,7.25,5.41,9.56,5.52,7.5,4.43,10.64,11.36,5.07,6.25,3.58,4.18,3.39,6.16,3.4,3.61,3.6,3.48,3.63,3.88,3.19
7.53,5.8,9.58,5.24,4.67,3.83,11.35,5.2,4.42,4.07,4.55,5.46,3.38,6.93,13.17,8.23,7.29,3.44,3.5,3.5,3.15,5.62,6.98,5.86,9.94,5.79,6.22,4.0,8.53,9.48,3.91,6.38,3.29,4.15,3.4,5.92,3.38,3.7,3.57,3.85,3.75,3.48,2.84
6.39,5.43,9.96,3.61,3.93,3.81,9.78,4.42,4.39,3.67,4.94,5.18,3.44,6.81,12.15,7.15,7.11,4.08,4.11,4.24,3.03,5.99,6.82,6.42,9.26,5.47,6.54,4.16,8.56,9.82,5.12,5.94,3.17,3.66,3.62,5.73,3.66,3.69,3.8,3.82,3.88,4.29,3.15
6.12,5.03,10.21,3.57,3.23,3.77,9.44,4.06,4.16,3.94,6.17,6.2,3.09,7.66,12.69,8.39,7.74,3.42,3.5,3.66,3.51,5.76,7.26,6.42,9.22,5.03,7.15,4.09,9.76,10.76,4.14,7.15,3.77,4.45,3.28,6.35,3.63,3.32,3.6,3.57,3.71,3.54,2.76
6.0,5.83,10.87,3.43,4.12,4.56,10.61,4.91,3.81,3.64,5.2,4.81,3.91,6.67,11.57,7.05,7.72,3.94,4.34,3.87,3.24,5.98,7.43,6.12,9.09,4.61,7.75,4.24,9.62,10.19,4.67,7.07,3.26,4.16,3.38,6.19,3.5,3.7,3.75,3.83,3.59,5.29,3.04
6.02,5.08,10.51,3.93,3.93,3.93,9.61,4.82,4.3,3.73,5.06,5.39,3.53,7.0,13.58,7.19,7.34,3.68,3.9,3.33,3.05,6.26,7.08,5.88,9.08,5.38,6.83,3.96,9.59,10.64,4.02,6.63,4.1,4.02,3.53,5.91,3.76,3.62,3.6,3.65,4.31,4.43,2.89
6.71,4.66,11.1,3.33,3.65,4.07,9.98,4.58,4.64,3.52,5.44,5.23,3.71,6.63,12.46,7.18,7.71,3.99,3.41,4.04,3.27,6.29,7.44,6.61,8.79,4.66,7.84,4.72,9.91,10.73,4.61,7.9,3.53,4.49,3.34,6.33,3.6,3.93,3.2,3.85,3.56,3.49,2.95
5.87,4.73,10.27,3.68,4.46,4.09,9.61,4.62,4.26,4.14,4.97,5.64,4.18,6.89,12.4,8.23,7.07,3.66,3.44,3.85,3.06,6.18,7.24,6.71,9.14,6.47,7.0,4.32,10.29,10.92,4.84,7.02,4.48,3.99,3.41,5.9,3.54,3.21,3.4,3.54,4.35,4.2,2.97
6.92,5.0,10.69,4.11,3.85,4.62,10.17,3.99,3.77,4.05,5.02,5.51,3.46,7.24,12.4,8.69,6.81,3.29,4.19,3.78,3.26,6.68,7.45,7.12,9.54,4.76,7.19,4.34,9.57,10.66,5.22,6.86,4.56,3.6,3.6,5.75,3.64,3.73,3.44,3.75,3.8,4.17,2.93
7.62,4.96,10.85,3.96,4.01,3.58,9.52,4.77,3.9,3.92,4.76,5.54,3.83,7.13,12.56,8.01,6.56,3.58,3.65,4.12,3.36,5.94,7.37,6.84,9.57,4.79,6.95,4.64,9.71,10.81,5.03,6.83,3.43,4.13,3.96,6.03,3.96,3.53,3.7,3.61,4.41,4.3,2.93
7.38,5.13,10.35,3.8,3.6,3.66,9.52,4.2,4.05,3.92,5.0,5.49,3.36,6.88,13.38,8.16,6.91,4.92,3.58,4.16,3.33,6.09,6.87,6.61,9.37,5.7,6.48,3.99,8.38,9.84,3.95,6.39,3.6,4.09,3.65,5.77,3.65,3.47,3.56,3.82,4.07,3.62,2.87
6.92,5.26,9.47,3.78,3.84,3.66,10.59,3.8,4.22,4.04,4.96,5.27,3.52,6.95,12.5,8.14,6.49,3.51,3.77,3.7,2.91,5.99,7.39,6.3,9.36,5.84,7.64,4.63,9.8,10.87,5.12,6.88,3.98,4.48,3.88,6.28,3.84,3.41,3.23,3.64,3.64,4.63,3.22
7.31,4.8,10.6,3.7,3.63,3.43,9.69,3.98,3.78,3.69,4.4,5.18,3.9,6.61,12.24,8.15,7.43,3.49,4.53,4.26,3.18,5.62,7.28,6.23,8.99,5.89,7.38,4.71,9.79,11.17,5.5,6.82,3.64,4.28,3.38,6.08,3.58,3.58,3.4,3.95,3.46,4.61,2.94
7.12,4.59,10.82,3.91,3.72,3.75,10.06,4.47,4.0,3.61,4.64,5.17,3.46,6.56,11.71,7.4,6.28,3.92,4.05,3.67,3.11,5.99,7.37,6.58,9.09,5.2,7.61,4.98,9.27,10.29,5.4,7.31,3.92,4.2,3.5,6.27,3.74,4.13,3.7,3.96,3.73,3.82,3.16
7.45,4.66,11.05,3.66,4.02,4.02,9.7,3.99,3.87,3.88,5.06,5.14,3.45,6.88,12.21,7.61,6.73,4.1,4.27,3.83,2.86,5.89,7.55,6.53,9.15,5.48,7.4,5.02,9.51,11.42,4.97,6.87,3.41,4.15,3.53,6.08,3.68,3.02,3.5,3.55,4.08,3.76,3.0
6.51,5.08,9.97,3.37,3.61,3.9,9.74,4.17,3.86,3.85,5.72,5.57,3.67,7.32,13.1,7.62,7.8,3.54,4.03,3.71,3.05,6.21,7.97,7.16,9.29,5.6,7.25,4.6,10.01,10.51,4.52,7.53,4.02,4.88,3.73,6.54,3.74,3.83,3.19,3.62,3.61,3.65,3.0
6.63,4.75,10.06,4.0,3.89,3.84,9.31,3.94,3.89,4.4,5.02,5.05,3.39,6.63,12.21,7.71,7.24,4.33,3.62,3.79,3.15,5.74,6.72,6.47,9.07,5.78,6.53,3.81,9.79,10.41,4.5,6.13,3.64,3.44,3.34,5.48,3.22,3.62,3.64,3.68,4.15,3.35,3.0
5.48,4.71,9.33,3.65,4.09,3.98,9.79,4.28,3.48,3.8,5.59,5.58,4.11,7.35,12.54,9.31,8.41,3.89,3.47,3.83,2.96,5.8,7.26,6.54,9.42,4.69,7.43,4.31,10.27,11.9,5.07,6.42,4.06,3.96,3.59,6.12,3.63,3.58,3.38,3.42,3.93,4.06,2.73
6.51,6.68,9.9,4.05,4.09,3.97,9.84,4.43,3.9,3.56,5.01,5.51,3.59,6.95,12.07,7.13,7.77,3.73,3.7,3.72,3.12,5.67,6.31,6.06,8.26,4.58,6.28,4.08,10.3,11.24,5.06,6.38,4.05,4.27,3.31,6.06,3.54,3.77,3.53,4.03,3.44,3.96,3.44
7.47,4.61,10.63,3.6,3.6,3.89,9.09,4.34,4.11,3.73,4.15,5.08,3.68,6.4,11.95,7.82,6.63,4.09,4.01,3.44,3.07,5.75,7.63,6.74,8.99,4.66,7.53,5.83,10.49,11.68,5.7,6.18,3.97,4.29,3.64,6.22,3.54,4.11,3.02,3.64,3.89,3.66,2.95
6.26,5.45,10.22,3.38,3.95,3.95,9.31,3.73,4.3,3.81,4.6,5.25,3.65,6.89,11.94,7.73,6.62,3.51,3.78,3.36,3.29,6.01,7.41,6.34,9.47,5.29,7.16,4.78,9.42,11.07,4.94,6.73,3.6,4.2,3.45,6.18,3.6,3.6,3.34,3.81,3.33,3.65,3.19
6.27,4.77,10.95,4.58,3.97,3.85,10.02,3.88,4.12,3.89,4.69,5.16,3.4,6.86,11.73,7.56,6.75,4.02,3.99,3.4,3.22,6.12,6.99,6.17,8.5,4.84,7.47,4.51,9.9,10.55,4.75,7.15,3.88,3.9,3.5,5.85,3.6,3.54,3.63,3.91,3.59,4.01,2.95
5.8,5.1,11.3,3.32,3.71,3.49,10.21,4.85,3.72,3.71,4.73,5.35,3.82,6.68,12.2,7.35,6.67,3.53,3.55,3.37,2.93,6.1,7.45,6.26,8.94,5.05,7.38,4.02,9.74,10.61,4.82,6.57,4.0,4.61,3.42,6.56,3.75,3.57,3.25,3.79,3.37,4.31,2.89
6.21,5.32,10.95,4.25,3.49,4.03,11.08,4.62,3.73,3.47,4.97,5.56,3.67,7.26,12.02,8.06,7.73,4.19,3.78,3.58,3.31,5.61,6.94,6.31,9.24,4.64,7.15,4.06,10.31,11.01,4.75,6.33,3.57,3.91,3.5,5.83,3.39,3.77,3.37,4.25,3.31,4.3,2.84
6.88,5.06,10.96,3.59,4.71,3.89,10.01,4.73,3.75,3.27,4.66,5.3,3.75,6.45,10.99,7.5,7.1,3.86,3.96,3.83,3.16,6.1,7.06,6.76,9.33,4.2,7.14,4.35,9.75,10.77,4.47,6.2,3.52,3.95,3.59,5.79,3.67,3.6,3.48,3.91,3.48,4.79,3.02
6.18,5.03,9.37,3.81,3.46,4.06,10.09,3.85,3.54,3.53,5.36,5.15,3.51,6.94,10.79,7.06,7.46,3.93,4.04,3.62,3.08,5.99,6.93,6.31,9.21,4.34,6.91,4.27,10.17,10.94,4.98,6.3,3.79,4.3,3.95,5.95,4.03,3.54,3.19,3.68,3.74,3.38,2.83
7.01,5.71,9.65,3.88,4.14,3.66,10.94,4.75,3.73,3.9,5.17,5.0,3.87,6.75,10.7,6.97,7.29,3.34,3.93,3.74,3.22,6.25,7.13,6.43,8.95,3.76,6.86,4.05,10.55,11.08,4.22,6.67,3.58,4.05,3.95,5.92,3.73,3.78,3.37,3.61,4.09,4.29,2.92
6.58,4.96,10.4,3.47,4.79,3.58,9.92,3.67,4.07,3.87,4.87,5.36,3.56,6.79,11.8,7.88,6.59,3.76,3.9,3.78,3.26,5.86,7.51,6.71,8.94,4.84,7.15,4.46,8.2,10.05,4.25,6.48,4.05,3.62,3.86,5.49,3.75,3.5,3.53,3.63,3.48,4.32,3.02
5.31,4.4,10.56,3.75,3.7,3.95,11.73,4.55,3.96,3.98,4.83,5.05,3.46,6.68,11.9,7.68,6.26,3.64,3.54,4.25,3.07,6.93,7.31,6.67,9.07,4.83,6.98,4.8,8.65,10.58,5.22,7.15,3.62,4.51,4.04,6.31,3.82,4.1,3.31,3.57,3.7,4.46,3.06
6.23,5.07,10.02,3.84,3.53,4.13,11.19,3.93,4.26,3.75,4.79,5.33,3.38,7.19,12.18,8.15,6.61,4.15,3.58,4.18,3.04,7.63,7.29,6.68,9.68,5.0,6.72,3.65,10.84,11.38,4.73,7.24,4.22,4.08,3.23,6.05,3.35,3.73,3.5,3.69,3.92,3.91,2.74
5.74,4.52,10.63,3.45,3.73,3.62,11.05,3.84,4.15,3.82,5.37,5.81,3.59,7.1,12.87,8.07,7.23,3.73,3.8,3.79,2.99,6.46,7.21,6.27,8.82,4.68,7.27,4.61,8.95,10.89,4.51,7.61,3.63,4.56,3.29,6.68,3.46,3.97,3.36,3.57,3.66,3.45,3.05
6.76,4.37,10.73,3.62,3.82,4.05,10.16,4.32,3.9,4.29,4.62,4.94,3.53,6.33,11.44,7.56,6.26,4.21,3.59,3.97,2.91,6.13,7.18,6.76,9.36,5.4,7.11,4.55,9.65,10.0,4.86,6.5,3.97,4.0,4.14,5.85,3.8,3.44,3.67,4.01,3.8,3.66,2.84
7.06,4.99,10.64,3.59,3.52,3.73,9.96,3.56,3.99,3.98,4.69,5.05,3.8,6.81,11.85,8.83,6.14,5.58,4.24,4.02,3.08,6.06,7.36,6.54,9.55,5.86,7.52,4.65,9.46,10.89,4.8,7.29,3.76,5.51,3.81,7.12,3.81,3.81,3.62,3.76,4.12,3.58,3.06
6.99,4.87,9.89,3.35,3.81,3.87,10.34,4.4,3.73,3.66,4.61,5.52,3.78,6.93,12.17,7.85,7.07,5.26,3.34,4.14,3.28,6.56,6.8,6.22,9.02,5.47,6.86,4.19,9.27,10.66,3.89,7.61,3.37,4.98,3.48,6.74,3.54,3.93,3.39,3.69,4.2,3.81,2.94
6.45,4.67,10.07,4.64,4.65,3.88,10.75,4.48,4.04,3.56,5.21,5.0,3.36,6.69,12.43,8.22,5.95,5.35,3.7,4.23,3.64,6.52,7.38,6.26,9.03,6.23,7.34,4.88,10.08,11.06,5.63,7.67,3.72,5.15,3.61,6.9,3.61,3.86,3.79,3.85,3.78,4.07,2.9
6.15,5.13,11.74,4.48,3.94,3.79,11.45,4.13,3.96,3.73,4.83,5.03,3.48,6.62,12.5,8.75,7.09,5.16,3.95,4.02,3.07,5.95,7.45,6.29,9.53,5.65,7.65,4.75,9.56,10.77,5.12,7.67,3.94,4.88,3.91,6.73,4.03,3.98,3.55,3.99,3.78,4.0,2.62
6.45,4.44,10.67,3.61,3.65,3.56,10.6,4.06,3.83,3.67,5.18,5.06,3.77,6.65,11.88,8.67,7.39,5.63,3.95,4.26,3.31,5.45,7.11,6.15,9.11,4.56,6.9,4.2,9.12,11.22,4.94,7.18,3.64,5.36,4.18,6.89,4.11,4.2,3.23,3.6,3.94,4.02,2.99
6.42,5.02,10.94,3.57,4.25,3.99,9.95,3.65,3.87,3.72,4.93,5.38,3.68,6.52,12.07,8.68,6.28,5.63,3.91,3.97,3.12,5.98,7.36,6.75,9.01,5.26,7.1,4.31,9.69,10.42,4.81,6.98,3.87,3.68,3.96,5.73,3.92,3.97,3.37,3.62,3.38,4.05,2.84
5.71,4.99,10.91,3.47,4.64,3.83,10.15,4.48,3.72,3.81,4.7,4.95,3.58,6.48,12.03,7.28,6.5,5.62,4.51,4.29,3.32,6.6,7.3,6.22,8.98,4.79,7.49,3.83,9.44,10.66,4.76,6.87,3.81,3.07,3.28,5.15,3.66,3.93,3.42,3.48,4.08,3.6,3.25
6.98,4.58,10.27,4.2,5.37,3.92,9.71,3.85,3.89,3.54,5.25,5.07,3.7,6.57,12.47,7.36,7.29,6.07,3.38,3.98,3.07,5.96,7.13,6.46,9.3,5.16,7.02,3.49,10.42,10.78,4.61,7.78,5.24,5.09,3.41,6.41,3.82,3.75,3.82,4.04,3.91,4.12,3.13
7.16,5.01,10.84,3.54,4.24,3.74,10.98,4.77,3.87,4.09,4.97,5.53,3.4,6.85,12.65,8.69,5.89,4.89,3.51,3.93,3.19,6.21,7.18,6.75,8.95,6.1,7.71,4.29,10.54,11.06,4.95,6.8,3.99,3.82,4.05,5.89,3.97,4.06,3.81,3.95,3.67,3.75,3.27
6.46,5.5,10.26,3.78,3.74,3.99,10.0,3.65,4.38,3.54,5.03,5.13,3.76,6.5,11.61,7.95,6.05,5.39,3.9,4.22,3.55,6.02,7.23,6.58,8.12,4.53,6.63,5.15,8.3,9.54,5.53,6.08,3.97,4.24,4.09,5.75,3.54,3.5,4.21,3.4,4.96,3.99,3.22
6.4,4.85,10.09,3.96,4.27,3.72,10.82,4.5,4.06,3.49,5.24,5.33,3.3,6.82,12.63,7.79,5.52,5.75,3.75,4.5,3.16,7.08,7.21,7.2,8.98,4.64,7.35,5.77,9.72,11.24,6.15,7.34,3.62,3.59,3.59,5.72,3.54,3.8,3.47,3.48,4.38,4.19,3.2
6.84,5.06,9.35,4.17,4.34,4.32,10.01,4.54,4.25,3.59,4.88,4.98,3.41,6.74,11.9,8.3,5.69,5.94,3.77,3.56,3.6,6.22,6.44,6.17,7.6,4.26,6.7,4.93,9.05,10.59,5.23,5.88,3.54,3.49,3.71,5.39,3.41,3.48,3.56,3.54,4.28,4.21,3.04
6.16,5.02,9.64,3.48,4.52,4.06,10.2,4.09,4.51,4.07,4.3,5.01,3.48,6.4,11.58,7.87,7.01,5.79,4.11,3.76,3.09,6.33,6.84,6.74,8.28,4.27,6.8,4.51,9.0,10.18,5.33,6.25,3.93,3.41,3.84,5.52,3.6,4.07,3.4,3.97,3.89,4.13,3.11
5.98,5.05,10.67,3.83,3.77,3.54,10.27,4.62,4.46,3.49,5.14,5.51,3.45,7.19,12.09,9.26,7.61,5.98,3.74,3.73,3.14,6.13,7.07,6.96,8.64,4.45,7.52,4.78,9.44,10.24,5.28,6.46,3.49,3.81,3.93,5.76,3.55,4.05,3.54,3.62,3.45,3.94,3.13
6.4,5.08,10.69,3.51,4.35,4.32,10.14,3.9,3.94,3.49,5.35,5.88,3.36,7.3,12.66,9.13,7.99,5.0,3.67,4.07,3.1,6.49,6.55,6.28,8.41,5.22,6.5,3.89,8.4,9.97,4.54,6.24,4.11,3.82,4.32,5.56,3.89,4.0,3.68,3.83,3.74,3.7,3.25
6.52,5.02,9.44,3.57,3.63,3.7,9.34,3.59,3.89,3.5,6.88,6.61,3.71,7.8,12.56,10.3,7.77,6.63,3.55,3.99,3.33,6.03,6.87,6.6,8.65,5.69,7.02,4.37,9.12,11.29,5.88,7.29,3.98,5.24,3.47,6.88,3.59,4.01,3.2,3.88,3.47,3.81,3.01
6.78,4.44,8.95,3.47,3.78,4.11,9.47,4.29,3.72,4.04,7.2,7.13,3.47,7.48,12.44,9.46,7.38,6.24,4.17,3.97,3.0,5.64,6.1,6.31,7.56,4.43,6.67,5.45,8.54,9.27,6.16,5.76,3.77,3.14,4.17,4.76,3.62,3.98,3.91,3.92,3.48,3.74,2.98
6.19,5.12,7.9,3.82,4.11,4.07,8.88,4.3,4.37,3.77,6.46,6.87,3.72,8.09,12.0,7.16,6.41,6.1,3.47,3.5,3.43,6.29,5.92,6.16,7.28,3.65,6.53,4.24,8.1,10.63,6.57,6.16,4.41,3.58,5.29,5.53,3.97,4.04,4.35,4.0,3.81,4.07,2.95
5.84,5.13,9.16,3.87,4.26,4.0,9.33,4.34,4.18,3.81,5.72,6.72,3.22,7.86,11.25,7.93,6.61,3.83,3.89,3.78,3.02,6.06,7.11,6.68,8.15,4.5,7.0,4.81,8.45,10.19,5.3,7.07,3.47,3.46,3.78,5.27,3.42,4.33,3.96,4.74,4.02,3.67,2.9
5.62,6.97,10.42,3.69,3.92,3.76,9.2,4.02,4.36,3.58,6.53,7.62,3.63,8.55,12.01,7.49,7.21,3.79,3.32,3.85,3.13,6.38,7.04,6.42,8.62,5.11,6.7,4.35,9.07,9.79,5.07,7.18,3.44,3.6,3.66,5.52,3.79,3.52,3.88,3.88,3.94,3.74,2.9
6.08,4.82,9.24,3.76,4.03,4.03,9.87,4.0,4.23,3.99,7.01,7.71,3.82,9.05,12.43,7.78,6.74,3.96,3.77,3.72,3.28,6.23,6.69,6.52,9.03,4.78,7.29,5.02,9.92,11.0,5.58,6.77,3.46,4.29,3.24,6.21,3.46,3.68,3.55,3.71,4.09,3.65,3.07
6.76,5.21,9.67,4.05,4.17,3.81,9.4,3.79,3.89,3.82,5.64,6.29,3.61,7.63,11.61,7.74,7.39,3.52,3.68,3.85,3.15,6.17,7.34,6.6,8.44,5.94,7.62,4.63,9.92,10.65,5.01,6.87,3.9,4.06,3.47,5.99,3.47,3.71,3.5,3.86,3.81,4.2,2.63
6.02,5.09,9.22,3.68,4.12,3.99,9.37,3.81,3.67,3.62,6.64,7.85,3.76,9.32,12.01,7.37,7.96,4.27,4.01,3.54,3.11,6.66,6.6,6.12,8.74,6.45,7.01,3.73,10.11,11.09,4.58,7.12,3.87,4.65,3.27,6.69,3.68,3.87,4.19,3.79,4.09,3.57,3.14
5.41,5.34,9.03,3.43,4.28,3.91,10.02,4.23,3.97,3.73,7.09,8.04,3.3,8.87,11.63,7.5,7.41,4.03,3.45,4.19,3.08,6.11,7.17,6.96,9.09,5.3,7.12,3.72,9.32,10.78,4.27,7.37,4.04,4.46,3.66,6.35,3.92,4.05,3.1,3.65,3.49,3.98,2.93
5.29,5.45,10.22,3.89,4.72,3.98,10.38,4.44,3.56,3.62,5.85,7.34,4.0,8.39,11.95,8.26,7.52,3.73,4.13,4.28,3.04,6.04,7.04,6.51,9.43,5.74,6.81,4.24,8.83,10.09,4.4,6.9,3.89,4.01,3.46,6.01,3.52,4.08,3.46,3.57,3.79,4.44,2.75
6.31,5.14,10.91,4.12,4.12,4.0,9.86,3.9,3.77,3.87,5.66,6.55,4.19,7.79,11.91,6.6,7.79,3.35,3.98,3.28,2.96,6.28,7.15,6.94,8.78,5.1,7.16,4.04,9.22,10.6,4.15,7.42,3.88,4.53,3.4,6.44,3.62,4.0,3.44,3.83,3.71,3.88,3.14
6.38,5.83,10.22,3.9,3.88,4.11,9.44,3.92,4.0,3.86,6.77,8.3,3.5,9.34,11.54,8.38,8.7,4.01,3.67,3.74,3.29,5.89,7.02,6.47,9.19,6.09,6.8,4.27,8.72,10.0,4.25,6.63,3.63,3.96,3.96,5.76,3.82,3.69,3.62,3.87,3.48,4.08,2.97
6.43,5.41,10.17,3.7,3.3,4.13,12.15,3.88,3.7,3.83,7.16,8.28,3.7,9.25,12.47,7.79,7.46,3.92,4.07,4.11,3.17,6.8,7.0,6.59,8.82,6.38,6.79,3.91,8.39,9.51,3.98,6.96,3.49,3.62,3.39,5.31,3.4,4.3,3.65,4.05,3.55,3.59,3.04
5.9,4.88,10.37,3.59,3.34,3.89,11.08,4.04,3.6,3.47,6.68,8.21,3.59,9.28,12.35,8.17,9.17,3.26,3.55,4.03,3.1,5.9,6.66,5.86,9.57,6.02,5.98,3.81,10.24,9.59,4.2,6.95,3.81,3.92,3.85,5.66,3.8,3.52,3.66,3.78,3.76,3.84,2.97
6.24,4.61,11.01,3.46,3.59,3.82,10.06,4.04,4.3,3.73,6.46,7.21,4.13,8.43,12.46,7.2,9.56,3.38,3.6,3.84,3.06,5.96,6.92,5.84,9.43,6.0,7.38,4.04,9.31,10.77,4.29,6.55,3.14,3.56,3.85,5.38,3.48,3.67,3.71,3.86,4.07,4.63,2.82
6.35,4.9,9.02,3.49,3.42,3.99,11.17,4.01,3.84,4.0,4.87,5.42,3.67,6.98,11.41,6.33,7.7,3.33,3.67,3.54,2.99,6.96,6.59,6.82,8.29,5.31,6.24,4.17,8.83,10.29,5.24,6.44,3.51,3.91,4.17,5.39,3.71,4.23,3.74,3.96,3.92,3.97,2.98
5.78,4.8,10.34,3.44,4.56,3.85,10.49,4.17,3.89,3.72,5.74,6.14,3.59,7.97,11.53,6.34,9.01,3.69,4.02,4.15,3.25,6.76,6.89,6.99,8.78,5.68,7.0,4.12,10.33,11.33,4.91,7.02,3.7,4.31,3.05,6.41,3.44,3.74,3.51,3.85,3.56,3.86,3.01
6.59,5.86,10.06,3.37,3.53,3.99,10.44,3.54,3.3,3.61,4.66,5.38,3.58,7.27,10.63,6.32,7.73,3.57,3.8,3.94,3.06,6.27,6.66,5.73,9.4,6.22,6.67,3.92,9.65,11.12,3.87,7.22,3.78,3.26,3.62,5.35,3.82,3.58,3.49,4.19,3.64,3.52,3.14
6.41,5.15,10.46,4.16,3.66,3.66,11.46,3.89,3.75,3.86,4.78,6.28,3.44,7.25,11.02,5.58,8.31,4.3,3.86,3.66,3.21,6.74,7.07,6.55,9.16,6.79,6.9,4.18,9.72,11.05,4.39,7.01,3.52,4.29,3.4,6.4,3.81,3.31,3.55,3.75,4.59,3.65,2.96
5.59,5.04,10.62,3.65,3.04,3.85,11.1,4.51,4.05,3.77,6.35,7.25,3.42,8.48,11.58,7.99,6.63,3.88,4.0,3.4,3.12,6.41,7.07,6.99,8.73,5.47,6.84,4.31,9.39,10.53,4.9,8.08,4.03,4.77,3.76,6.62,3.72,3.79,3.4,3.58,3.59,4.54,2.82
5.87,5.82,8.97,3.94,3.67,3.67,10.48,4.16,3.67,4.01,4.81,5.5,3.45,6.91,11.25,5.76,7.66,3.69,3.69,3.83,3.24,7.35,7.09,6.69,9.0,5.25,7.0,4.39,8.42,10.03,4.38,7.7,3.63,4.55,3.43,6.56,3.59,3.87,3.4,3.81,3.49,5.85,2.93
5.91,4.88,10.08,3.95,3.42,3.89,10.83,4.03,3.88,3.66,5.4,5.86,3.82,7.1,10.7,6.2,7.45,3.76,3.34,3.87,3.12,6.37,6.61,6.87,8.7,5.15,6.21,3.98,9.57,10.57,4.9,7.85,3.42,6.05,3.92,6.87,3.99,3.5,3.31,3.37,3.88,4.09,2.77
5.46,5.18,9.19,3.61,4.39,4.39,10.59,3.67,4.02,3.97,5.95,6.61,3.31,8.24,12.79,7.47,6.76,3.52,3.44,3.87,3.17,7.11,7.02,7.23,8.86,5.19,6.8,4.96,9.57,10.55,5.71,7.67,3.65,4.65,3.5,6.54,3.56,3.55,3.49,3.56,3.86,4.79,2.74
5.56,5.19,8.58,3.69,3.56,3.7,10.74,3.97,3.93,3.82,5.87,6.72,3.31,8.14,11.09,6.37,7.99,3.63,4.07,3.91,3.34,7.35,6.78,6.59,8.77,4.97,5.95,3.83,8.9,9.5,4.05,7.32,3.24,4.94,3.69,6.69,3.6,3.6,3.39,3.88,3.4,4.56,3.45
6.51,5.15,9.55,3.41,3.83,3.68,10.27,4.25,3.92,3.9,5.18,6.5,3.17,7.47,11.29,6.89,7.53,4.19,3.95,3.59,3.24,7.07,6.99,6.67,9.25,5.55,6.04,3.9,7.29,8.9,4.46,7.45,4.15,4.77,3.89,5.95,3.77,3.82,3.03,3.37,3.68,4.22,3.01
5.53,5.1,7.87,5.5,4.03,3.61,11.24,4.31,4.29,3.8,4.04,5.33,3.55,6.24,9.97,5.78,7.83,3.52,3.7,3.85,3.38,7.02,6.79,6.73,9.34,6.05,6.36,3.96,8.63,9.59,4.33,7.44,3.64,4.95,4.14,6.3,3.81,3.91,3.65,3.73,4.21,3.88,2.78
5.92,5.56,10.71,3.62,4.22,3.86,11.12,4.64,3.73,3.39,5.21,6.03,3.57,7.63,11.62,6.03,7.83,3.51,3.72,3.62,3.3,6.54,6.89,6.26,9.14,6.52,6.74,4.0,8.69,9.61,4.12,8.17,3.3,5.23,3.4,7.02,3.58,4.16,3.01,3.5,3.68,4.41,2.83
6.22,5.52,9.3,3.77,4.07,3.88,10.38,3.87,4.02,3.54,4.5,5.31,3.41,6.69,10.54,7.52,6.56,3.69,3.47,3.88,3.18,6.85,7.57,6.98,8.42,5.52,6.47,4.26,8.71,10.24,5.05,6.41,4.01,3.34,3.78,5.14,3.46,4.07,3.76,3.83,3.79,3.93,2.85
6.43,4.75,9.33,4.0,3.68,3.6,10.85,3.64,3.88,3.58,6.44,7.04,3.49,8.65,11.33,7.89,6.94,3.45,3.54,3.93,3.4,7.15,7.53,6.97,8.67,4.4,6.67,4.08,8.99,9.98,5.06,6.89,3.84,3.87,4.0,5.92,3.94,3.54,3.07,3.87,3.48,4.33,2.88
7.32,5.09,9.53,3.75,4.65,4.05,10.39,3.9,4.35,3.97,7.23,8.26,3.9,9.49,11.43,7.64,7.3,3.73,3.39,4.1,3.26,6.58,7.05,6.47,8.44,5.65,6.61,4.38,8.69,9.67,4.86,6.87,3.77,4.0,3.4,6.25,3.62,3.84,3.68,4.13,3.59,5.15,2.95
5.77,4.88,10.91,4.64,4.18,4.02,11.01,4.07,3.35,3.66,7.45,8.54,3.65,9.69,12.49,7.7,7.46,3.7,3.52,3.88,3.06,6.9,7.3,6.72,9.27,6.66,7.6,5.02,9.1,10.2,5.34,7.8,3.33,5.07,3.69,6.63,3.74,4.64,3.72,3.68,3.71,4.7,2.89
6.4,5.45,10.59,3.87,4.45,4.07,10.16,4.49,4.22,3.6,7.46,8.2,3.6,9.63,12.35,7.92,7.14,3.61,3.69,3.61,3.13,6.46,7.41,6.64,9.01,6.03,7.46,4.68,8.87,10.56,4.78,7.26,3.54,4.65,3.8,6.86,3.7,4.15,3.68,4.21,3.94,4.92,2.85
6.58,5.55,9.45,3.86,3.56,3.38,10.1,3.61,3.69,3.61,6.27,7.55,3.57,8.89,11.46,7.01,8.33,3.49,3.75,3.71,3.15,6.63,7.23,7.05,8.92,6.7,6.7,4.0,9.52,10.46,4.07,7.75,3.97,4.87,3.36,7.05,3.58,4.18,3.59,3.64,4.05,4.1,2.9
5.29,5.12,10.64,3.78,3.97,4.22,10.55,3.76,3.84,3.64,6.21,7.27,3.59,8.55,12.09,8.76,7.99,3.38,4.04,3.46,3.29,6.13,7.01,6.37,9.1,6.44,6.99,3.94,10.01,11.0,4.68,7.83,3.74,4.22,3.48,6.39,3.59,4.17,3.44,3.78,3.59,5.33,2.81
6.17,4.96,9.27,3.86,4.05,3.95,9.87,3.54,3.45,3.76,7.2,8.78,3.49,9.47,12.84,7.86,8.05,3.78,3.58,3.46,3.21,6.56,6.66,6.43,8.5,4.79,6.47,4.0,9.25,10.3,4.59,7.03,3.52,4.46,3.51,6.49,3.7,3.94,3.32,3.88,3.9,5.21,3.01
6.02,5.18,9.66,3.4,4.09,3.82,9.74,4.05,4.06,3.53,6.7,7.94,3.73,9.36,13.66,7.39,7.15,3.71,3.48,3.91,3.13,6.87,7.57,7.55,9.2,6.1,6.08,4.25,7.9,9.22,5.88,6.25,3.7,4.34,3.61,5.7,3.45,3.28,3.38,3.79,3.77,6.32,2.86
6.33,5.33,10.44,3.81,4.12,3.78,10.56,3.78,4.51,3.8,7.34,8.1,3.42,9.35,12.22,7.77,7.75,3.82,3.73,3.82,3.28,7.43,7.09,6.7,9.2,5.26,6.99,4.14,8.93,9.96,4.19,6.65,3.65,3.22,3.72,4.9,3.59,4.14,3.6,3.93,4.2,6.97,2.83
6.38,4.85,9.66,3.69,3.02,3.76,9.17,4.3,3.95,3.98,6.84,7.92,3.64,9.23,12.92,7.48,8.58,3.9,3.69,3.61,3.14,6.96,7.13,6.81,8.96,4.84,7.07,4.16,9.68,11.05,5.14,7.66,3.34,3.84,3.34,5.57,3.32,4.7,3.51,3.78,3.42,7.06,3.22
5.26,5.63,10.3,3.64,3.86,4.42,10.32,3.87,3.65,3.75,6.56,7.83,3.29,8.86,12.52,7.52,7.93,4.12,3.33,4.15,3.12,6.99,7.17,6.19,9.05,4.6,6.66,4.88,9.6,10.47,5.88,7.66,4.24,3.7,3.82,5.66,3.93,4.69,3.52,4.02,3.72,4.85,3.19
6.44,5.1,9.54,3.55,3.52,4.02,10.01,4.1,3.71,3.56,7.1,8.48,3.56,9.16,12.68,7.78,7.75,4.15,3.54,4.03,3.09,7.32,7.2,6.65,9.22,5.66,7.11,4.11,9.01,9.75,4.47,7.64,3.7,4.52,3.72,6.51,4.02,3.84,3.84,3.71,3.62,4.16,3.32
5.64,4.96,8.81,3.82,3.4,4.68,10.47,3.72,4.21,3.78,6.88,8.13,3.64,8.89,12.06,7.56,7.74,4.16,3.38,3.86,2.94,6.64,6.49,6.36,8.71,5.05,6.49,3.93,9.2,10.04,4.28,7.64,3.57,4.23,3.94,5.82,3.77,4.93,3.45,3.59,3.52,4.36,2.94
6.01,6.16,9.53,4.01,3.77,4.0,10.02,3.95,4.01,3.7,6.8,7.75,3.9,8.34,12.01,7.77,7.89,4.18,3.47,3.74,3.34,6.44,7.09,6.59,8.94,3.8,6.82,3.8,8.74,10.03,4.66,6.42,3.63,3.55,3.62,5.62,3.57,4.11,3.64,3.87,3.79,4.34,2.9
6.89,4.5,8.99,3.78,3.93,4.39,10.61,4.14,3.9,3.54,7.28,9.06,3.24,8.45,11.26,7.83,7.61,3.98,3.67,4.21,2.9,5.68,7.2,6.54,8.74,5.15,7.43,4.56,9.52,10.72,5.24,7.34,3.63,3.74,3.68,5.21,3.55,4.99,3.69,4.12,4.23,5.21,3.06
5.33,5.52,9.8,3.85,3.61,4.08,9.3,4.11,4.46,3.61,6.41,7.14,3.55,8.54,10.82,8.0,7.22,4.41,3.69,3.67,3.16,6.13,7.09,6.9,8.48,5.24,6.76,4.28,9.63,10.64,4.93,7.55,4.04,3.78,3.66,5.52,3.42,4.87,3.12,3.82,3.62,4.53,2.84
5.7,5.26,10.92,4.19,3.73,3.89,8.75,4.03,4.19,3.71,6.74,8.56,3.56,8.74,11.31,7.49,7.31,3.98,3.38,3.92,3.09,6.45,7.62,6.94,8.9,4.78,6.99,4.45,8.81,10.05,4.75,7.5,3.41,3.52,3.28,5.32,3.49,4.52,3.42,3.38,3.84,4.87,3.05
5.67,4.6,9.53,3.0,3.85,3.87,9.12,4.47,3.89,3.79,6.39,7.7,3.41,8.33,11.87,7.93,7.1,3.52,3.82,3.61,2.91,6.03,6.37,6.19,8.43,4.92,5.93,3.67,8.7,9.89,4.29,6.63,3.81,4.41,3.86,6.46,3.7,4.94,3.84,4.02,3.92,3.92,2.86
5.98,5.24,9.81,3.85,3.91,4.07,10.0,4.06,4.05,3.97,6.85,8.61,3.71,9.26,11.83,8.17,8.09,4.04,3.58,3.63,3.05,6.26,6.11,6.78,8.0,5.12,5.77,3.81,9.33,9.71,4.25,5.95,3.45,3.6,3.22,5.42,3.26,4.93,4.22,3.88,3.73,4.29,3.22
6.25,5.3,9.52,4.06,3.5,3.94,9.62,4.11,4.79,3.76,6.03,7.91,3.3,8.46,11.13,6.8,8.09,3.84,3.57,3.77,2.99,6.07,6.04,7.18,7.98,4.47,6.08,4.17,9.01,9.42,4.29,6.11,3.08,3.64,3.49,5.3,3.53,4.7,4.52,4.62,4.05,4.46,3.3
5.63,4.69,9.06,3.8,4.67,3.75,9.33,4.36,3.87,3.67,6.89,7.96,3.41,8.49,11.74,9.12,8.09,3.25,3.73,3.91,3.07,6.42,6.72,6.13,8.76,6.16,6.85,4.29,8.07,9.28,4.96,7.38,3.6,3.33,4.01,4.7,3.8,4.78,4.08,4.21,4.26,4.63,2.79
6.03,5.16,8.6,4.07,3.7,3.71,9.71,4.01,4.07,3.64,5.34,6.08,3.67,7.69,10.81,7.34,6.62,3.61,3.55,3.59,3.06,5.93,6.5,7.3,7.62,4.74,6.98,4.26,9.11,9.8,5.19,6.41,3.66,3.75,3.76,5.0,3.59,4.57,3.68,4.28,3.66,5.74,2.71
6.01,5.45,8.64,3.34,3.51,3.77,10.09,3.79,3.75,3.66,7.57,8.46,3.41,8.62,11.86,7.47,7.42,3.26,3.47,3.62,3.37,6.78,6.59,7.2,8.28,5.56,6.53,4.09,7.97,9.84,4.36,8.26,3.52,5.25,3.39,7.34,3.4,4.1,3.58,3.81,3.79,4.49,2.75
6.1,5.18,9.61,3.61,4.07,4.08,9.36,4.42,4.3,3.93,6.94,7.38,3.75,8.47,11.83,7.52,7.43,3.89,3.56,4.2,3.21,6.29,6.3,7.32,7.9,5.15,6.23,3.95,8.52,9.37,4.29,6.92,3.76,3.3,4.1,4.93,3.88,4.54,3.52,3.73,4.23,4.88,2.95
6.7,5.09,9.04,3.44,3.32,4.41,9.5,4.13,3.96,3.45,6.73,7.74,3.43,8.55,11.29,7.24,7.54,3.44,3.49,3.56,2.94,5.33,7.14,6.61,8.3,5.84,7.2,4.47,9.26,10.59,5.19,7.34,3.79,3.32,3.57,5.42,3.66,3.74,3.52,3.59,3.26,3.86,2.84
5.89,4.17,9.97,3.82,3.69,3.66,9.64,4.34,3.79,4.03,6.89,7.05,3.75,8.19,11.69,7.05,6.73,4.31,3.85,3.99,3.24,6.33,6.42,6.2,8.27,5.27,6.54,3.72,9.28,10.22,4.91,6.15,3.58,3.22,3.51,5.01,3.56,4.57,3.34,3.53,3.69,4.12,2.96
6.09,5.47,10.54,3.83,4.16,4.67,9.6,4.16,4.0,3.68,6.41,6.75,3.21,8.13,12.02,7.81,7.02,3.82,4.36,3.83,3.25,6.79,6.74,6.6,8.97,6.41,6.87,4.66,9.19,10.1,5.42,7.46,3.8,3.78,3.49,5.38,3.42,4.84,3.92,3.63,3.86,4.29,3.03
6.15,5.09,9.39,3.65,3.65,3.94,8.98,3.67,4.7,3.66,5.77,7.57,3.4,8.3,11.27,8.15,8.47,3.7,3.76,3.98,3.06,6.54,6.56,5.91,8.19,5.05,6.64,3.98,9.17,9.93,4.46,6.32,4.09,5.06,3.27,6.85,3.59,4.18,3.79,3.84,3.61,4.5,3.04
6.03,4.96,9.79,3.41,4.22,4.47,9.4,3.64,3.83,3.57,6.09,6.31,3.55,8.11,11.59,7.62,6.25,4.55,4.01,4.44,3.12,6.68,6.91,6.43,8.84,6.84,7.59,4.05,8.8,10.36,4.39,7.25,3.91,3.48,3.83,5.39,3.75,3.76,3.51,3.87,3.8,5.01,2.85
7.01,4.91,9.51,3.58,3.69,3.48,8.8,4.0,3.77,3.59,6.37,6.8,3.96,8.14,11.6,7.67,6.39,3.68,3.68,3.7,3.46,6.78,6.69,6.85,7.73,4.7,7.26,4.53,10.15,11.74,5.55,7.16,3.73,3.44,3.55,5.7,3.65,3.96,3.46,4.18,3.75,5.12,2.87
6.39,4.48,9.32,3.98,4.27,3.72,10.2,3.75,4.39,3.9,6.04,6.9,3.22,8.34,11.57,7.48,7.26,3.53,3.97,4.18,3.21,6.34,7.18,6.76,8.72,5.83,7.79,4.59,9.97,10.66,5.33,7.23,3.6,4.16,3.52,6.03,3.5,3.77,3.39,3.76,3.45,4.07,2.82
5.69,4.68,9.65,3.49,3.58,3.96,10.14,3.81,3.78,3.65,6.18,6.68,3.74,8.09,11.64,7.39,8.13,3.38,3.65,3.33,2.99,6.02,7.2,6.73,8.22,4.61,6.64,3.45,9.01,9.81,4.46,5.43,3.38,3.33,3.25,5.44,3.41,3.64,3.53,3.91,4.09,4.23,3.16
5.86,4.99,10.76,4.02,3.66,3.64,10.74,4.53,4.06,3.88,6.75,6.37,3.71,8.17,12.69,8.42,6.26,4.03,3.79,3.94,3.22,7.71,7.3,6.95,9.08,5.22,7.33,4.75,9.82,10.33,4.97,6.76,3.63,3.44,3.51,5.19,3.51,4.17,3.75,4.05,3.61,4.64,2.81
6.81,5.08,10.42,3.5,4.06,4.01,9.87,4.04,4.47,3.76,6.7,7.33,3.39,8.55,11.78,7.57,7.27,3.59,3.24,3.88,3.44,7.05,6.55,6.51,8.45,5.51,6.71,4.21,9.76,10.14,4.58,6.72,3.2,3.51,3.31,5.32,3.16,3.94,3.62,3.83,4.25,4.27,2.91
6.29,5.02,9.76,3.64,3.74,3.98,10.08,4.06,3.83,3.65,6.78,6.82,3.51,8.29,11.09,8.03,5.51,3.87,3.53,3.68,3.16,6.43,7.17,6.87,8.53,4.99,7.18,5.18,8.8,10.64,5.81,7.34,4.18,4.4,3.52,6.37,3.53,4.42,3.47,4.03,3.65,4.02,2.91
6.23,5.21,9.25,3.81,4.26,3.86,9.56,3.79,4.08,4.13,6.56,7.06,3.41,8.46,10.99,7.61,6.45,3.75,3.71,3.68,3.21,6.48,6.41,6.45,7.92,4.28,6.34,4.07,9.69,10.08,4.71,6.46,3.68,3.26,3.75,5.09,3.5,4.1,3.56,3.99,3.68,3.75,2.78
5.7,4.84,9.66,3.99,3.7,3.86,9.13,4.38,4.09,3.86,5.89,6.62,3.31,7.98,11.07,8.13,7.7,3.72,3.64,4.29,3.57,6.74,6.33,6.48,8.01,4.68,6.49,4.23,9.55,10.52,4.85,6.64,3.73,3.11,4.01,5.15,3.7,4.35,3.93,3.91,3.98,3.89,2.97
6.3,5.63,9.56,3.57,3.33,4.03,10.15,3.81,3.96,4.07,6.63,7.03,3.92,8.45,11.87,7.64,6.58,3.67,3.57,3.95,3.26,7.07,6.48,6.69,8.36,4.48,6.97,5.11,9.09,10.79,5.99,6.64,4.33,3.27,4.71,5.31,4.0,4.01,3.78,3.56,4.35,4.22,3.17
4.74,4.51,9.8,3.91,4.46,3.76,10.38,3.8,4.05,3.75,6.67,7.2,3.42,8.62,12.47,7.02,7.13,4.19,3.72,4.59,3.24,6.41,6.55,6.23,8.84,4.17,7.17,4.58,9.3,11.07,5.2,6.99,3.24,4.0,3.17,6.1,3.22,4.42,3.77,3.94,3.57,3.94,2.79
4.7,5.03,9.0,3.73,4.15,3.77,10.12,4.2,3.78,3.64,6.06,6.52,3.69,8.19,11.36,7.78,6.99,4.3,3.67,3.83,2.92,6.89,6.08,6.65,7.82,4.05,7.25,4.32,10.09,10.76,5.13,7.55,3.76,3.46,3.5,5.64,3.84,4.05,3.75,3.85,3.6,4.3,2.72
5.46,5.15,7.91,3.48,4.26,3.71,9.96,4.13,3.82,3.65,5.76,6.29,3.67,7.81,11.44,7.26,6.36,3.72,3.86,4.27,3.25,6.3,6.05,7.51,8.32,4.28,6.72,5.04,9.31,10.06,5.4,7.06,3.46,4.08,3.49,6.16,3.39,4.44,3.76,4.04,4.19,3.67,2.91
4.87,5.39,10.24,3.39,4.1,3.97,9.35,3.88,4.79,3.6,6.86,8.26,3.47,8.39,11.94,7.97,6.91,3.98,3.43,3.6,3.02,7.48,6.58,6.84,7.97,4.48,6.83,4.52,8.93,10.16,4.59,6.43,3.41,3.42,3.36,5.22,3.4,4.34,3.78,3.75,4.08,3.98,3.08
5.64,5.35,8.69,3.82,4.3,3.66,10.49,4.26,3.84,3.67,6.68,7.33,3.54,8.28,11.68,7.44,6.54,3.22,3.3,3.91,3.16,6.21,6.13,7.04,7.97,3.6,6.2,4.09,8.51,9.36,4.25,6.36,3.14,3.57,3.43,5.43,3.36,4.69,3.48,3.77,4.75,4.15,2.76
5.87,5.15,10.36,3.37,4.24,3.72,9.87,3.72,3.66,3.83,5.73,6.05,3.53,7.86,12.98,8.55,6.17,3.16,4.19,4.06,3.07,6.04,6.4,6.93,7.96,4.09,6.17,5.77,9.06,10.14,5.82,5.72,3.47,3.06,3.98,4.99,3.36,4.38,3.73,3.67,4.18,4.59,3.07
5.6,5.25,8.56,3.55,4.33,3.98,9.42,4.31,4.06,3.93,6.04,6.95,3.65,8.06,12.09,8.03,6.17,3.46,3.78,4.14,3.08,7.0,5.97,6.65,7.95,4.0,6.22,4.43,8.71,9.72,4.74,6.36,3.3,3.41,3.5,5.34,3.45,4.4,3.72,3.91,4.06,4.15,2.92
4.75,4.69,9.14,3.88,3.54,3.64,11.08,4.34,3.82,3.64,6.09,6.77,3.66,8.09,12.07,6.74,6.57,3.92,4.06,4.15,3.13,6.25,6.1,6.78,8.4,4.79,6.16,4.72,9.26,9.86,4.74,5.92,3.35,3.34,3.5,5.42,3.47,3.85,3.84,4.04,3.9,3.52,2.61
6.11,5.49,9.54,3.46,4.08,4.05,9.55,3.89,3.63,3.74,6.17,6.79,3.61,8.21,12.7,7.87,6.43,4.52,3.96,4.03,3.27,7.07,6.75,6.93,8.45,4.96,6.98,3.96,9.08,9.88,4.25,7.53,3.48,3.47,3.64,5.59,3.72,4.24,3.56,3.65,4.38,3.99,3.07
6.34,5.02,9.24,3.61,4.96,3.74,9.75,3.73,3.65,3.51,6.11,6.29,3.42,7.88,12.35,7.17,6.72,3.76,3.74,4.09,2.98,5.9,6.44,7.46,8.17,4.19,6.61,4.73,9.68,10.16,5.54,7.33,3.57,3.56,3.35,5.2,3.33,4.18,3.9,3.79,4.18,4.04,2.95
4.8,4.86,8.5,4.04,3.68,4.23,10.03,4.22,4.54,3.5,6.04,6.06,3.34,7.65,11.59,7.21,6.73,3.64,3.46,4.12,3.14,6.25,6.13,7.59,8.18,4.45,6.52,4.45,8.59,10.08,4.28,6.7,3.3,3.08,4.06,4.93,3.76,4.14,3.33,3.79,4.01,4.33,2.99
4.9,4.62,9.1,4.08,3.89,3.75,10.74,4.27,3.85,4.31,5.16,5.66,3.64,7.25,10.51,6.53,7.49,3.62,3.77,4.37,3.24,6.25,6.58,7.63,7.83,4.03,6.51,4.08,8.22,10.27,4.75,7.01,3.61,3.58,3.25,5.75,3.3,3.71,3.87,4.36,3.86,4.16,3.1
4.41,4.79,9.03,3.44,3.67,3.96,10.66,4.5,4.85,4.08,6.23,6.62,3.36,8.19,11.92,7.05,6.39,3.83,3.38,3.86,3.12,6.37,6.27,7.32,7.43,4.12,6.31,4.8,9.13,10.55,5.29,6.14,3.69,3.39,3.78,5.31,3.55,4.4,3.71,4.06,3.73,4.02,3.26
4.8,5.16,9.55,4.05,3.55,4.18,11.11,4.28,4.12,4.26,6.45,6.29,3.77,7.89,11.94,7.25,6.57,3.23,3.22,4.39,3.11,6.31,6.38,7.65,8.12,4.79,6.48,4.57,9.42,10.25,4.91,7.27,3.7,4.12,3.33,6.31,3.53,4.49,4.03,4.13,3.4,4.04,3.0
5.94,5.06,9.29,3.22,3.77,3.89,10.13,3.72,4.0,3.85,6.14,6.76,3.48,7.97,11.67,7.53,6.09,4.01,3.87,3.74,3.21,6.84,6.6,7.04,8.61,4.74,6.27,4.05,8.89,9.72,4.51,6.01,3.68,3.17,4.03,5.08,3.94,3.81,3.55,3.67,3.91,4.28,3.01
6.25,5.0,9.36,3.69,3.79,4.75,10.6,3.97,4.5,4.57,5.22,6.3,3.66,7.82,11.73,7.07,7.95,4.33,3.43,4.22,3.16,6.42,6.55,7.42,8.52,4.28,7.36,4.49,9.68,10.31,4.11,6.91,3.82,3.41,3.91,5.49,3.63,3.92,3.5,3.92,4.37,4.04,3.32
3.84,5.54,8.93,3.92,4.19,3.74,10.37,3.4,3.69,4.26,5.35,6.14,3.5,7.53,12.3,6.59,6.94,3.55,3.58,4.28,3.29,5.94,6.56,7.17,8.38,4.16,6.28,3.84,9.24,10.05,4.0,6.68,3.9,3.46,4.1,5.26,3.64,4.26,3.7,3.94,4.78,4.11,3.37
4.46,4.65,8.59,4.24,3.98,4.14,9.72,3.96,4.09,4.44,6.79,6.66,3.62,8.16,12.27,6.65,6.41,4.68,3.93,4.22,2.94,6.09,6.22,7.14,8.21,4.03,6.0,4.42,8.99,10.01,5.15,6.42,3.56,3.96,3.51,5.91,3.11,4.08,3.2,3.51,3.46,4.05,3.07
4.28,5.18,8.58,4.34,3.75,4.51,9.45,3.71,4.11,3.6,5.65,5.99,3.65,7.71,12.26,7.82,5.67,3.65,3.52,3.56,3.08,6.85,6.45,6.5,8.79,4.1,6.8,4.69,8.76,10.25,5.07,6.42,3.43,3.26,3.71,5.11,3.31,4.11,3.5,3.72,3.73,3.71,3.08
4.28,4.51,9.37,4.39,3.79,3.77,11.01,4.13,4.48,3.63,5.33,5.6,3.71,7.26,11.77,7.2,6.0,3.9,3.71,4.25,3.1,6.54,5.85,7.6,8.54,3.89,6.35,4.06,8.83,10.26,4.74,6.6,3.66,3.15,3.99,5.04,3.59,3.74,3.51,3.57,3.85,3.79,2.87
4.19,4.68,9.03,3.89,3.42,3.81,11.94,4.4,3.74,3.99,5.93,6.09,3.43,7.63,11.82,7.28,6.29,3.98,3.88,3.64,3.36,6.31,6.13,7.42,8.65,3.76,6.97,4.04,9.17,10.39,4.76,6.4,3.74,3.34,4.0,5.27,3.92,4.0,4.04,4.03,3.96,3.96,3.1
5.8,4.33,9.72,3.65,3.84,4.17,10.53,3.94,4.48,3.57,6.09,6.12,3.55,7.49,10.99,7.06,6.98,3.92,3.55,3.66,3.1,6.59,6.29,7.72,8.08,4.32,6.73,4.16,9.36,10.74,4.86,6.75,3.88,3.62,3.51,5.71,3.75,4.24,3.78,3.95,3.74,3.95,2.94
4.09,4.27,8.88,3.77,4.22,4.0,10.0,4.27,4.57,3.76,6.09,6.78,3.42,8.05,11.52,7.24,6.52,3.93,4.14,3.77,3.23,6.91,6.64,7.64,7.91,4.22,6.78,3.86,8.29,9.6,4.51,6.23,4.0,3.68,3.41,5.89,3.32,4.06,3.96,3.84,4.0,3.68,3.04
6.49,4.99,10.04,3.76,4.03,3.91,10.16,3.98,4.02,3.72,6.23,7.47,3.46,8.48,11.31,6.49,7.15,3.17,3.74,3.9,3.12,6.03,6.52,7.2,8.18,4.28,6.37,4.32,8.74,9.89,4.53,5.76,3.36,3.49,3.67,5.01,3.68,4.6,3.71,3.82,4.18,4.14,3.16
5.65,5.02,9.31,3.65,4.18,4.15,10.33,4.38,4.49,3.78,6.59,6.55,3.51,7.88,11.78,8.1,6.84,3.57,3.95,4.01,3.04,5.98,6.28,7.52,7.78,4.18,6.33,3.98,9.42,10.71,4.65,6.86,3.28,3.76,3.31,5.92,3.37,4.12,3.65,3.78,3.82,3.79,2.82
6.19,4.96,9.15,3.95,3.84,3.76,9.64,3.86,3.68,3.56,6.95,6.88,3.44,8.61,12.5,6.94,7.08,3.67,3.36,3.96,3.2,6.81,6.96,7.18,8.28,4.36,7.22,4.43,8.68,10.82,4.72,7.67,3.9,3.7,3.64,5.87,3.81,4.08,3.53,3.87,3.54,4.09,2.86
5.29,5.02,9.09,3.58,3.69,3.71,10.44,3.46,3.88,3.72,5.23,6.08,3.51,7.86,11.15,7.7,6.9,3.48,3.38,4.45,3.17,6.57,6.42,7.49,7.99,5.59,6.94,4.26,9.59,10.7,4.85,7.77,3.92,3.35,3.56,5.49,3.38,4.04,3.22,3.31,4.2,4.02,3.25
5.46,4.98,8.88,3.84,3.86,3.89,9.55,4.44,4.48,3.97,5.72,6.2,3.77,7.71,12.61,7.3,7.32,4.16,3.69,4.24,3.12,5.81,6.49,6.97,7.87,5.39,6.34,3.68,9.31,10.3,4.54,7.3,4.19,3.58,3.61,5.07,3.68,4.31,3.75,3.8,3.65,4.17,2.93
6.19,5.4,9.16,3.84,4.05,3.9,9.68,3.66,4.22,4.61,5.7,6.74,3.47,8.03,11.36,6.91,7.43,4.56,3.74,4.51,3.09,5.72,6.27,7.03,7.76,4.05,6.26,4.4,8.82,9.84,5.45,6.73,4.31,3.67,3.75,5.29,3.46,4.46,3.75,4.12,3.66,3.77,2.85
4.94,4.69,9.18,3.28,4.12,4.64,10.21,4.98,3.93,4.27,6.29,7.66,3.6,8.27,10.72,7.64,7.29,3.94,3.75,4.08,3.13,6.15,6.32,8.08,7.87,4.92,7.08,4.14,10.0,11.01,4.85,6.63,3.91,3.75,3.61,5.46,3.78,4.6,3.49,3.62,3.9,4.4,3.11
5.1,5.35,9.5,4.21,3.65,4.3,8.97,3.67,4.14,3.94,6.92,7.27,3.73,8.41,11.52,7.06,6.99,3.72,3.71,3.87,3.4,5.5,6.71,5.86,8.35,5.08,6.63,4.97,8.49,9.92,6.13,7.41,3.95,3.46,3.6,5.23,3.62,4.43,3.6,3.87,3.98,3.96,2.78
6.06,5.78,9.09,3.9,4.16,3.87,10.14,3.52,4.16,4.36,7.76,8.52,3.5,8.53,12.04,8.7,7.18,3.81,3.9,4.04,2.98,6.14,6.34,7.38,7.59,3.94,6.56,3.99,9.49,9.96,4.52,7.64,4.09,3.97,4.49,5.51,4.1,4.58,3.5,4.3,4.34,4.83,2.98
5.82,5.38,9.2,3.67,3.46,3.57,9.39,3.74,3.6,4.35,8.01,8.19,3.32,8.84,12.28,7.37,7.53,3.88,3.83,4.63,3.3,6.41,6.12,7.07,8.3,4.87,6.09,3.67,8.97,9.76,4.08,6.21,3.37,3.53,3.52,5.18,3.75,4.5,4.01,3.96,4.73,4.12,3.23
5.23,5.16,9.27,3.63,3.38,4.02,9.85,4.29,3.82,4.71,5.99,7.12,3.64,8.12,11.42,7.18,7.16,3.46,3.64,3.16,3.4,6.92,6.94,6.85,8.24,5.01,6.62,3.53,8.53,9.31,4.01,6.48,3.22,3.41,3.42,5.39,3.41,4.47,3.28,3.99,3.53,4.15,2.75
5.8,4.92,9.47,3.89,3.78,3.7,9.48,3.98,4.64,3.57,7.14,7.33,3.38,8.74,11.84,7.55,6.56,3.53,3.94,3.96,3.14,7.36,6.73,6.38,8.81,4.79,7.01,4.75,9.87,10.38,4.94,6.35,4.06,3.22,4.03,4.56,3.78,4.42,3.58,4.24,3.91,4.27,3.03
4.26,4.37,8.08,3.19,3.95,3.93,9.23,3.94,4.14,3.96,8.42,8.5,3.57,9.47,13.06,7.3,7.01,3.79,3.5,3.96,3.25,5.9,6.51,6.23,7.66,4.85,6.33,3.71,8.43,9.68,4.49,6.5,4.14,3.19,4.07,5.36,3.47,3.66,3.59,3.77,3.97,3.93,2.81
5.3,6.21,8.36,3.42,4.38,3.69,9.73,4.21,3.91,3.61,8.49,8.31,3.78,9.55,12.29,7.7,7.58,3.59,3.79,3.68,3.27,5.96,6.41,6.44,8.23,4.21,6.73,3.73,8.45,9.89,4.25,5.24,3.67,3.68,4.49,4.9,3.85,4.9,4.17,4.11,3.68,3.99,2.88
5.34,5.86,9.0,3.61,4.5,3.67,9.39,4.33,3.84,3.88,6.62,6.89,3.84,8.36,11.56,7.89,6.3,3.8,3.5,3.86,3.15,6.25,6.4,7.16,8.34,4.98,6.66,3.6,9.07,10.22,4.13,6.16,3.59,3.81,3.55,5.78,3.68,4.4,3.63,3.58,3.75,3.51,2.79
6.55,6.61,8.25,3.97,3.56,4.12,9.08,4.09,3.88,3.94,7.0,7.74,3.36,8.24,11.42,8.23,7.18,3.86,3.63,3.85,3.01,6.16,6.63,7.64,8.28,4.3,7.03,3.48,9.22,10.31,4.26,6.28,3.98,3.06,3.78,5.05,3.58,4.21,3.83,4.22,4.43,4.21,3.1
6.77,5.96,8.96,3.43,5.02,4.16,9.58,4.47,4.36,4.11,6.54,6.75,3.64,8.18,12.3,8.45,7.26,3.56,3.98,3.8,3.26,6.69,6.14,7.04,8.04,4.35,7.22,4.04,9.09,10.57,4.77,6.16,3.45,3.0,3.27,5.0,3.37,4.41,3.49,3.77,4.23,4.15,2.68
5.99,6.05,9.54,3.87,4.27,4.06,9.43,4.35,3.98,4.44,6.6,7.27,3.61,8.34,12.09,8.11,7.28,3.96,3.31,3.99,3.15,6.63,6.31,6.82,8.22,5.34,6.52,3.49,8.28,10.2,4.29,6.67,3.74,4.17,3.64,6.37,3.47,3.96,3.73,3.76,3.71,3.85,3.16
6.23,6.43,10.11,3.87,3.97,3.67,10.37,3.59,3.99,4.36,6.0,7.38,3.45,8.45,12.16,7.6,7.56,4.08,3.6,3.95,3.15,6.7,6.57,6.94,8.36,4.92,6.57,4.22,9.85,10.06,4.21,6.13,3.89,3.47,3.31,5.41,3.58,3.95,3.45,4.0,3.39,3.66,2.99
7.17,6.28,9.31,3.71,3.99,4.12,9.74,3.99,4.12,4.83,6.23,7.11,3.3,8.33,12.34,7.73,8.74,4.43,3.83,4.0,3.07,6.83,6.01,6.46,8.37,5.0,6.2,3.96,9.68,10.74,4.47,6.53,3.62,3.71,3.74,5.89,3.75,3.85,3.52,3.89,3.67,3.82,3.04
7.36,6.05,9.66,3.08,4.41,4.06,9.45,4.27,4.75,4.4,7.39,7.82,3.47,8.96,12.8,7.69,8.06,4.51,3.76,4.04,3.28,6.76,6.68,6.83,8.89,4.95,7.0,4.77,9.07,10.58,4.48,6.47,3.5,3.77,3.36,5.81,3.31,3.9,3.42,3.72,4.08,3.93,2.81
5.78,6.18,10.25,3.76,4.62,3.91,9.5,4.78,3.96,4.31,7.92,8.14,3.47,8.87,12.67,7.87,7.23,4.66,3.74,3.96,3.19,7.03,6.49,7.29,7.88,4.62,6.56,3.91,9.15,10.36,4.71,5.94,3.85,3.4,3.85,5.24,3.63,3.88,3.3,3.99,3.52,4.42,2.98
7.88,6.05,10.18,3.67,3.67,3.8,9.94,4.34,4.21,4.77,6.48,7.07,3.34,8.58,12.13,7.33,7.02,4.12,3.71,3.99,3.01,7.17,6.88,6.64,8.98,5.18,6.99,4.19,8.92,10.14,4.08,6.72,3.72,3.18,3.58,5.3,3.5,3.88,3.29,3.66,3.84,3.92,2.77
6.87,5.32,9.43,3.79,3.93,4.05,9.51,4.39,4.06,4.78,5.74,6.83,3.52,7.72,11.23,6.15,7.2,4.18,3.67,3.89,2.92,5.52,6.76,7.2,8.92,3.96,7.6,4.87,10.1,10.82,5.94,6.62,3.47,3.71,3.43,5.82,3.64,3.67,4.18,4.24,4.26,3.75,3.05
6.09,6.45,9.39,3.09,4.58,4.09,9.84,4.35,4.05,3.77,6.9,7.24,3.32,8.5,12.08,7.6,6.7,3.84,4.02,3.66,2.99,6.51,6.33,6.53,8.15,4.5,7.64,5.05,9.46,11.73,6.0,7.79,4.05,4.29,4.39,6.5,4.01,4.26,3.8,3.6,4.4,3.66,3.05
6.61,6.12,10.05,3.15,3.68,3.76,9.69,4.07,4.27,3.87,6.07,7.67,3.58,8.43,11.49,7.47,7.46,4.92,3.82,4.07,3.34,5.97,6.82,6.16,8.88,5.12,7.14,4.18,9.73,10.5,4.48,6.93,3.46,3.64,3.48,5.51,3.7,3.78,3.35,3.7,3.95,4.48,2.7
6.46,6.37,9.7,3.81,3.73,3.93,9.56,3.5,3.66,3.7,6.43,7.55,3.45,8.5,11.2,7.14,7.08,3.53,3.44,4.4,3.1,5.77,6.57,5.4,8.75,4.19,6.31,3.84,9.02,10.25,4.33,6.61,3.42,3.74,3.68,5.9,3.49,4.04,3.6,4.08,3.6,4.02,2.7
6.86,6.14,9.69,3.44,3.92,3.97,9.21,3.88,4.1,3.77,6.51,7.51,3.41,8.32,10.83,8.25,7.64,4.45,3.73,3.96,3.16,5.85,6.73,5.83,8.2,5.68,6.82,4.14,9.17,10.32,4.13,6.22,3.32,4.01,3.54,5.9,3.34,4.04,3.35,3.76,3.38,4.2,3.2
8.31,6.3,10.01,3.97,4.59,3.83,9.89,4.33,3.77,3.84,6.99,8.38,3.57,9.43,12.41,7.82,7.87,3.61,3.76,3.46,3.18,5.85,6.42,5.59,8.59,5.46,7.08,3.98,9.3,9.85,4.01,6.95,3.85,3.87,3.57,5.82,3.69,3.51,3.52,3.78,4.62,3.8,2.82
7.72,6.5,8.69,3.38,4.34,3.93,8.63,4.16,3.97,4.19,7.04,7.35,3.58,8.57,11.71,6.49,6.66,4.1,3.74,3.87,3.19,6.23,5.87,5.22,8.41,4.29,6.5,4.27,9.2,9.74,4.93,5.47,3.79,3.55,3.7,5.66,3.38,3.62,3.77,4.62,3.88,4.59,3.06
7.22,6.7,8.51,3.87,4.11,3.75,8.75,4.08,3.87,4.2,6.74,7.37,3.45,8.77,12.24,7.58,6.62,3.98,3.95,4.01,3.06,5.67,6.17,5.56,8.18,5.1,6.53,4.28,8.66,9.75,4.69,5.44,3.26,3.8,3.66,5.73,3.4,4.15,3.5,3.92,3.8,3.68,2.76
7.97,6.62,7.06,3.16,3.46,3.56,9.01,3.99,3.82,4.21,6.75,8.39,3.28,8.88,12.38,6.98,7.17,4.83,3.5,3.99,2.92,5.56,6.11,5.53,8.92,4.99,6.31,3.83,8.62,8.96,4.49,5.97,4.02,3.32,4.03,4.7,3.64,4.78,3.86,4.53,4.37,4.14,2.78
7.32,6.55,7.33,3.43,4.74,3.86,8.78,4.04,3.76,4.45,7.18,8.37,3.86,9.1,11.52,8.12,7.14,4.35,3.91,3.82,3.2,5.67,6.16,5.04,8.73,4.35,6.29,3.7,8.82,9.65,3.96,5.79,3.08,3.19,3.61,4.6,3.3,4.28,3.85,4.05,4.35,4.42,3.28
7.18,6.67,8.45,3.69,5.24,3.93,10.15,3.96,4.03,4.21,6.74,7.9,3.65,8.73,11.38,7.47,6.8,4.54,3.74,3.78,3.12,5.66,6.81,5.73,8.9,4.95,7.11,3.85,7.97,9.7,4.15,7.38,3.99,3.25,4.27,4.96,4.02,4.23,3.63,3.71,4.32,3.82,2.76
8.09,5.74,8.99,4.25,5.34,3.69,9.24,4.14,3.92,3.97,6.58,7.23,3.63,8.5,10.96,7.67,6.23,3.8,3.81,4.08,2.94,5.72,5.89,6.0,7.64,4.37,5.95,4.0,8.76,9.87,5.36,6.07,3.78,3.24,4.14,4.72,3.66,4.33,3.67,3.67,4.1,3.92,2.75
7.69,6.41,8.25,3.31,4.3,3.8,9.33,4.21,3.71,3.88,7.61,7.91,3.47,9.33,12.0,7.76,7.15,3.51,3.68,4.24,3.08,5.33,6.29,5.61,7.94,6.84,6.12,3.72,8.73,9.64,3.97,5.9,3.42,3.55,3.78,5.61,3.59,4.57,3.21,3.62,3.92,3.88,2.96
8.67,7.33,8.87,3.47,4.05,3.98,10.0,3.97,4.05,3.73,6.76,7.46,3.48,8.83,12.05,8.21,6.21,4.1,3.82,3.99,3.01,6.03,6.09,5.82,8.02,5.81,6.54,4.51,9.6,9.37,4.9,5.18,3.59,3.18,3.41,4.74,3.3,4.91,3.59,4.48,3.9,4.17,2.95
8.09,6.02,8.22,3.54,3.49,3.89,9.58,3.52,3.84,4.05,7.05,7.83,3.81,8.86,11.81,7.75,7.4,4.32,3.62,3.83,3.03,5.76,6.53,6.32,8.29,7.06,6.72,3.75,8.97,10.15,3.6,5.75,3.58,3.33,3.83,5.04,3.71,4.39,3.15,4.13,3.83,3.81,2.92
8.11,6.54,8.5,3.66,4.27,3.62,9.45,4.2,3.84,3.69,6.59,7.5,3.61,8.08,11.64,8.12,7.7,3.83,4.22,4.54,3.17,6.45,6.41,6.51,8.01,6.7,6.16,3.73,8.59,9.25,3.6,6.45,3.61,3.23,3.49,5.04,3.23,4.24,3.99,3.87,3.44,3.75,2.81
8.65,6.27,9.16,3.72,3.89,4.02,9.16,3.96,3.97,4.47,7.14,7.68,3.6,8.73,11.31,7.38,7.09,4.55,3.72,4.62,3.13,5.69,6.17,4.9,7.85,6.81,6.69,3.98,9.63,9.82,4.79,6.91,3.65,3.44,3.2,5.48,3.43,3.77,3.75,3.82,3.69,3.9,2.76
