file,C44-C168,D22-D205,D26-E115,D33-D104,D40-D100,D43-D97,D43-D104,D44-D101,D51-D86,D66-D70,D68-E92,D70-E92,D71-D123,D71-E92,D71-E95,D72-E91,D72-E114,D106-E123,D107-E23,D110-E119,D110-E120,D111-E118,D112-E115,D112-E118,D115-E114,D119-E114,E27-E112,E27-E115,E30-E112,E31-E109,E31-E115,E37-E108,E37-E112,E40-E109,E40-E112,E41-E109,E41-E112,E44-E109,E44-E116,E45-E116,E48-E116,E111-F91,E129-E133
7xk3,7.09,5.11,9.15,3.44,3.23,3.77,8.71,3.74,4.1,5.28,6.44,6.11,3.34,6.42,12.83,8.6,8.0,3.52,3.73,3.98,2.97,6.0,6.75,5.25,8.89,7.77,6.99,4.82,10.03,10.74,4.91,7.19,3.59,4.4,3.37,6.29,3.46,3.92,3.62,3.69,3.54,10.08,2.91
7xk4,6.79,5.41,9.21,3.38,3.26,3.79,9.22,4.05,3.65,5.07,6.43,5.86,3.7,6.3,10.88,7.86,6.71,3.47,3.7,3.87,3.03,6.45,6.68,5.06,8.78,10.14,7.77,4.76,9.2,10.2,4.44,7.12,3.73,4.03,3.92,5.88,3.94,3.97,3.85,4.18,3.61,11.1,2.91
7xk5,6.64,5.42,9.15,3.44,3.23,3.67,8.64,4.27,3.81,5.45,6.95,5.13,3.77,6.17,9.9,8.4,7.5,3.66,3.66,3.93,2.54,6.02,6.79,5.34,8.66,8.89,7.46,4.66,9.99,10.2,4.39,7.58,3.48,4.51,3.75,6.38,3.83,4.0,3.57,3.8,3.6,7.29,2.9
7xk6,6.63,5.12,9.78,3.38,3.33,3.71,8.8,3.67,3.93,5.16,7.06,5.67,3.36,6.6,10.61,7.44,7.25,3.63,4.08,3.84,2.78,6.35,7.38,5.71,8.96,10.4,7.73,4.64,9.48,10.32,4.51,7.29,3.73,3.52,3.88,5.47,3.78,4.39,3.64,3.79,3.7,10.05,2.91
7xk7,6.06,5.02,9.41,3.38,3.34,3.79,8.58,3.56,3.91,5.02,6.59,6.23,3.38,6.75,11.28,8.15,6.65,3.72,3.7,3.82,2.74,6.48,7.22,5.61,9.03,7.87,6.97,4.54,9.57,10.65,4.61,7.14,3.61,4.29,3.68,6.25,3.85,3.99,3.74,3.45,3.68,11.13,2.92
8a1t,6.31,5.05,10.19,3.23,3.27,3.62,9.21,4.26,4.27,5.22,6.94,6.37,3.75,7.0,10.11,6.41,6.41,3.45,3.55,3.27,3.19,6.38,7.32,6.37,8.23,8.05,7.45,4.24,9.1,11.01,4.36,6.68,3.27,4.71,3.57,6.78,3.74,4.32,3.22,3.27,3.61,8.18,4.26
8a1u,7.37,6.46,9.84,3.1,3.04,3.57,9.51,3.9,3.83,5.07,7.49,6.66,3.37,6.98,12.24,8.99,7.45,3.41,3.49,3.79,3.32,5.66,7.21,5.97,8.62,10.52,6.99,5.14,8.92,10.16,4.95,6.86,3.43,4.12,3.63,6.09,3.64,4.07,4.18,3.74,3.43,9.18,4.14
8a1v,7.31,4.81,10.61,3.21,3.89,3.89,9.26,4.3,4.24,5.39,7.9,6.14,3.59,6.96,13.13,8.89,7.39,3.15,3.35,3.59,3.38,5.83,7.68,6.02,8.59,10.91,6.96,4.64,9.24,10.88,4.41,7.12,3.42,4.44,3.44,6.52,3.62,3.87,3.83,3.42,3.49,8.64,4.76
8a1w,6.46,5.74,9.85,3.22,3.4,3.69,9.35,3.61,4.04,5.51,7.25,6.06,4.06,6.75,12.58,8.9,6.89,3.43,3.52,3.57,3.25,5.95,7.13,5.66,8.89,11.1,7.53,4.59,9.16,11.22,4.46,6.73,3.37,5.12,3.55,6.87,3.6,4.17,4.43,3.36,3.66,8.73,4.77
8a1x,6.85,4.97,9.19,3.2,3.48,3.69,9.34,4.35,3.81,6.09,7.35,4.48,5.84,5.08,8.13,6.46,5.59,3.73,4.7,3.54,3.87,6.13,6.96,6.47,6.58,10.44,7.49,4.43,9.46,11.07,4.01,6.87,3.69,4.91,3.63,6.65,3.7,4.21,3.26,3.14,3.62,7.24,4.39
8a1y,7.42,4.81,8.02,3.29,3.18,3.75,9.7,4.04,4.05,5.7,6.33,5.28,5.3,6.2,9.24,7.2,5.67,4.12,4.14,3.72,3.48,5.38,7.07,6.22,7.33,6.49,7.12,4.01,9.38,10.45,4.56,6.78,3.66,3.9,3.62,6.04,3.75,4.36,4.87,4.68,4.14,8.11,4.38
8acw,4.02,5.91,4.27,7.55,7.08,6.37,3.71,6.75,5.54,5.08,3.02,3.26,5.61,3.05,2.89,4.13,3.53,4.76,6.76,4.27,3.82,3.91,3.99,3.41,4.01,4.22,4.34,4.0,3.49,3.44,9.03,4.58,10.55,6.15,11.06,3.48,6.13,6.05,5.55,4.73,4.03,11.57,4.69
8acy,4.28,5.57,3.83,7.57,7.3,6.74,3.68,6.78,5.46,5.08,3.22,3.64,4.58,3.37,2.9,3.51,3.69,4.73,6.85,4.04,3.88,5.19,4.31,3.26,4.08,4.52,4.23,4.37,3.6,3.29,9.12,4.38,10.18,6.49,10.62,3.53,5.63,6.36,6.0,4.35,4.6,11.33,4.61
8ad0,6.54,5.41,4.26,3.31,4.76,3.85,8.38,4.8,4.14,4.6,3.48,4.21,4.97,3.75,2.88,3.65,4.07,3.66,4.44,4.22,3.56,4.99,4.49,3.52,3.6,5.19,3.78,4.51,3.54,3.47,8.71,3.53,9.9,6.22,10.59,3.62,5.82,6.07,5.77,3.77,5.14,12.3,4.75
WT_NADH,6.36,4.3,5.9,3.9,3.24,3.83,8.66,3.67,4.56,5.12,6.59,5.86,3.33,6.44,12.05,7.69,5.39,3.8,3.76,4.66,3.9,3.79,4.41,4.14,6.54,5.54,9.19,4.28,14.55,3.42,7.48,9.63,11.06,7.78,7.06,4.32,6.86,7.35,3.9,3.94,4.31,11.65,4.56
WT_NADH-Na_stable_refined,7.52,5.2,6.92,3.17,4.03,3.76,9.2,4.44,3.95,4.87,5.52,5.02,4.16,5.18,8.56,7.33,5.88,3.71,3.98,4.48,3.42,4.32,6.03,3.43,7.0,8.22,4.53,5.02,4.57,6.25,7.42,4.43,6.1,3.47,9.06,3.38,4.62,4.98,4.58,5.1,3.59,9.99,2.94
WT_NADH-Na_middle_refined,6.18,4.55,9.15,3.31,4.23,4.22,9.67,4.04,3.81,5.47,10.69,8.68,5.05,10.58,13.78,9.45,6.94,4.22,4.69,3.29,3.35,7.24,7.22,6.03,8.02,10.32,7.48,6.23,10.14,10.91,9.17,7.16,3.86,5.33,3.14,6.96,3.43,4.62,4.17,4.28,4.04,6.72,2.91
WT_NADH-Na_down_refined,7.32,4.84,11.55,3.28,4.05,3.76,8.94,3.89,3.85,5.7,10.55,8.2,4.16,9.95,19.32,12.03,9.47,3.5,3.52,4.35,3.23,6.49,8.92,6.54,9.4,12.89,8.87,5.54,10.38,11.46,5.53,6.93,3.37,4.25,3.76,6.14,3.84,4.11,5.22,3.88,3.81,3.68,4.75
WT_NADH_KR_refined_,6.99,5.5,5.99,3.09,4.16,3.82,9.1,4.11,4.01,5.37,5.62,4.7,3.65,5.51,9.27,5.64,4.72,3.97,4.14,4.63,3.37,5.13,5.96,3.86,6.45,5.78,4.36,4.66,4.91,5.9,7.11,5.09,6.16,5.06,8.76,4.14,4.79,4.45,3.99,4.77,4.2,8.36,2.98
WT_NADH_AD_refined_,6.93,5.46,7.25,3.11,4.02,3.92,9.13,3.65,3.94,5.1,5.91,5.32,3.23,5.89,10.62,6.68,6.17,3.86,4.03,4.75,3.61,4.97,6.4,4.4,7.62,8.88,4.66,3.96,4.54,5.38,6.66,4.6,7.41,4.69,8.92,4.18,4.44,4.59,4.06,4.9,4.46,8.72,2.94
G141A_KR_refined_,6.43,5.15,9.85,3.17,4.0,3.7,9.08,3.7,3.9,5.02,6.76,6.33,4.62,6.83,12.3,7.4,6.77,3.45,3.84,3.93,3.43,6.11,7.23,5.87,8.19,9.99,6.95,4.33,9.54,10.32,4.26,6.92,3.66,4.37,4.07,6.22,3.99,4.03,3.65,4.15,3.22,9.62,2.91
G141A_NADH_KR_stable_refined_,7.11,5.5,7.15,3.18,4.05,4.02,9.35,3.87,3.99,5.06,6.32,5.35,4.0,5.65,10.29,7.72,5.14,3.84,4.2,4.39,3.77,4.43,6.41,3.92,6.22,8.59,6.79,5.16,9.12,9.84,7.14,5.69,3.27,3.64,4.04,5.37,3.62,3.65,4.36,4.83,3.56,7.66,2.93
NqrB-G141A_KR_NADH_shifed_refined_,3.9,4.88,4.23,5.31,3.83,5.09,6.74,6.06,4.61,4.61,3.91,4.18,4.05,4.39,3.7,4.55,3.96,4.28,5.01,5.08,3.63,4.96,4.58,4.12,2.88,3.35,3.67,5.48,3.74,4.07,8.97,4.59,10.49,6.83,11.09,4.2,6.41,6.64,5.02,4.81,4.86,11.42,2.93
NqrB-T236Y_refined,5.65,4.84,10.11,3.14,3.71,4.16,9.28,4.32,4.49,7.53,6.72,4.91,3.0,5.77,12.16,8.01,7.01,4.33,4.86,3.66,3.01,6.37,7.79,6.1,8.75,9.46,7.91,5.5,10.08,10.89,4.28,6.62,3.71,5.1,3.64,6.66,3.99,4.77,4.24,3.86,4.07,7.29,3.29
NqrB-T236Y_NADH_Refined,7.13,5.25,6.19,3.14,3.96,4.06,8.8,3.97,3.92,4.92,5.04,4.75,4.37,5.05,8.79,7.19,5.3,4.12,3.61,3.49,3.4,5.19,6.47,3.74,6.99,7.87,4.74,4.74,4.51,8.06,8.3,3.64,5.93,4.37,9.23,4.3,5.25,4.7,5.17,4.09,4.25,8.65,2.94
NqrC-T225Y_refined,4.57,5.22,3.92,4.12,4.24,3.94,8.22,3.58,4.72,4.61,3.59,3.62,4.5,3.5,3.24,4.4,4.03,4.14,4.04,4.65,3.44,4.94,4.66,3.68,3.16,4.05,4.34,6.35,3.6,4.18,8.91,3.83,9.41,6.47,10.98,4.08,6.33,6.07,5.12,4.75,4.99,11.31,2.93
NqrC-T225Y_NADH_Refined,4.72,5.36,3.94,4.02,3.9,4.04,8.03,3.84,4.9,4.57,3.7,3.67,4.24,3.51,3.05,5.5,3.74,4.18,4.12,5.12,3.56,5.11,4.39,3.79,3.07,3.78,4.56,6.71,3.59,4.27,9.09,3.92,9.28,6.58,10.88,4.07,6.18,6.11,5.11,4.73,4.83,11.6,2.93
ranked_0,4.17,5.62,4.18,6.59,5.55,5.03,5.67,5.44,5.23,4.67,3.83,4.33,4.74,4.62,4.19,4.93,4.05,4.04,5.65,5.21,3.8,4.69,3.7,4.17,4.69,4.83,4.26,5.16,3.25,4.18,8.43,4.09,10.26,6.02,11.11,3.53,6.23,5.55,5.1,5.21,4.79,8.62,3.12
